ISO-10303-21;
HEADER;
FILE_DESCRIPTION(('PCB Model'),'2;1');
FILE_NAME(
'D:\\Study\\Proteus and Altium Designs\\Evelta\\Sensors\\Power\\Boost 
Convertr\\7SEMI TPS61023 BOOST CONVERTER\\MCAD\\10214.STEP',
  '2025-09-22T11:01:45',('prite'),('Unspecified'),
  'Open CASCADE STEP processor 7.6','Proteus','Unknown');
FILE_SCHEMA(('AUTOMOTIVE_DESIGN { 1 0 10303 214 1 1 1 1 }'));
ENDSEC;
DATA;
#1 = APPLICATION_PROTOCOL_DEFINITION('international standard',
  'automotive_design',2000,#2);
#2 = APPLICATION_CONTEXT(
  'core data for automotive mechanical design processes');
#3 = SHAPE_DEFINITION_REPRESENTATION(#4,#10);
#4 = PRODUCT_DEFINITION_SHAPE('','',#5);
#5 = PRODUCT_DEFINITION('design','',#6,#9);
#6 = PRODUCT_DEFINITION_FORMATION('','',#7);
#7 = PRODUCT('Proteus PCB Model','Proteus PCB Model','',(#8));
#8 = PRODUCT_CONTEXT('',#2,'mechanical');
#9 = PRODUCT_DEFINITION_CONTEXT('part definition',#2,'design');
#10 = SHAPE_REPRESENTATION('',(#11,#15,#19,#23,#27,#31,#35,#39,#43),#47
  );
#11 = AXIS2_PLACEMENT_3D('',#12,#13,#14);
#12 = CARTESIAN_POINT('',(0.,0.,0.));
#13 = DIRECTION('',(0.,0.,1.));
#14 = DIRECTION('',(1.,0.,-0.));
#15 = AXIS2_PLACEMENT_3D('',#16,#17,#18);
#16 = CARTESIAN_POINT('',(0.,0.,0.));
#17 = DIRECTION('',(0.,0.,1.));
#18 = DIRECTION('',(1.,0.,-0.));
#19 = AXIS2_PLACEMENT_3D('',#20,#21,#22);
#20 = CARTESIAN_POINT('',(9.8552,-3.8998,0.82));
#21 = DIRECTION('',(0.,0.,1.));
#22 = DIRECTION('',(-1.,-3.216245299353E-16,0.));
#23 = AXIS2_PLACEMENT_3D('',#24,#25,#26);
#24 = CARTESIAN_POINT('',(4.2418,-9.437,0.82));
#25 = DIRECTION('',(0.,0.,1.));
#26 = DIRECTION('',(-2.22044604925E-16,1.,0.));
#27 = AXIS2_PLACEMENT_3D('',#28,#29,#30);
#28 = CARTESIAN_POINT('',(6.0198,-9.437,0.82));
#29 = DIRECTION('',(0.,0.,1.));
#30 = DIRECTION('',(-2.22044604925E-16,1.,0.));
#31 = AXIS2_PLACEMENT_3D('',#32,#33,#34);
#32 = CARTESIAN_POINT('',(8.46,-7.9304,0.82));
#33 = DIRECTION('',(0.,0.,1.));
#34 = DIRECTION('',(-1.,-3.216245299353E-16,0.));
#35 = AXIS2_PLACEMENT_3D('',#36,#37,#38);
#36 = CARTESIAN_POINT('',(4.2456,-3.3702,0.82));
#37 = DIRECTION('',(0.,0.,1.));
#38 = DIRECTION('',(-2.22044604925E-16,-1.,0.));
#39 = AXIS2_PLACEMENT_3D('',#40,#41,#42);
#40 = CARTESIAN_POINT('',(7.6454,-9.7164,0.82));
#41 = DIRECTION('',(0.,0.,1.));
#42 = DIRECTION('',(1.,0.,0.));
#43 = AXIS2_PLACEMENT_3D('',#44,#45,#46);
#44 = CARTESIAN_POINT('',(10.7442,-9.398,0.82));
#45 = DIRECTION('',(0.,0.,1.));
#46 = DIRECTION('',(-2.22044604925E-16,1.,0.));
#47 = ( GEOMETRIC_REPRESENTATION_CONTEXT(3) 
GLOBAL_UNCERTAINTY_ASSIGNED_CONTEXT((#51)) GLOBAL_UNIT_ASSIGNED_CONTEXT(
(#48,#49,#50)) REPRESENTATION_CONTEXT('Context #1',
  '3D Context with UNIT and UNCERTAINTY') );
#48 = ( LENGTH_UNIT() NAMED_UNIT(*) SI_UNIT(.MILLI.,.METRE.) );
#49 = ( NAMED_UNIT(*) PLANE_ANGLE_UNIT() SI_UNIT($,.RADIAN.) );
#50 = ( NAMED_UNIT(*) SI_UNIT($,.STERADIAN.) SOLID_ANGLE_UNIT() );
#51 = UNCERTAINTY_MEASURE_WITH_UNIT(LENGTH_MEASURE(5.E-07),#48,
  'distance_accuracy_value','confusion accuracy');
#52 = PRODUCT_RELATED_PRODUCT_CATEGORY('part',$,(#7));
#53 = SHAPE_DEFINITION_REPRESENTATION(#54,#60);
#54 = PRODUCT_DEFINITION_SHAPE('','',#55);
#55 = PRODUCT_DEFINITION('design','',#56,#59);
#56 = PRODUCT_DEFINITION_FORMATION('','',#57);
#57 = PRODUCT('Board','Board','',(#58));
#58 = PRODUCT_CONTEXT('',#2,'mechanical');
#59 = PRODUCT_DEFINITION_CONTEXT('part definition',#2,'design');
#60 = ADVANCED_BREP_SHAPE_REPRESENTATION('',(#11,#61),#2635);
#61 = MANIFOLD_SOLID_BREP('',#62);
#62 = CLOSED_SHELL('',(#63,#103,#134,#165,#196,#227,#258,#289,#320,#351,
    #382,#413,#444,#475,#506,#537,#568,#599,#630,#661,#692,#723,#754,
    #785,#816,#847,#878,#909,#940,#971,#1002,#1033,#1064,#1095,#1126,
    #1157,#1188,#1219,#1250,#1281,#1312,#1343,#1374,#1405,#1436,#1467,
    #1498,#1529,#1560,#1591,#1622,#1653,#1684,#1715,#1746,#1777,#1808,
    #1839,#1870,#1901,#1932,#1963,#1994,#2025,#2056,#2087,#2118,#2149,
    #2171,#2204,#2237,#2270,#2303,#2336,#2369,#2402,#2435,#2535));
#63 = ADVANCED_FACE('',(#64),#98,.F.);
#64 = FACE_BOUND('',#65,.F.);
#65 = EDGE_LOOP('',(#66,#76,#84,#92));
#66 = ORIENTED_EDGE('',*,*,#67,.T.);
#67 = EDGE_CURVE('',#68,#70,#72,.T.);
#68 = VERTEX_POINT('',#69);
#69 = CARTESIAN_POINT('',(10.,0.,-0.82));
#70 = VERTEX_POINT('',#71);
#71 = CARTESIAN_POINT('',(10.,0.,0.82));
#72 = LINE('',#73,#74);
#73 = CARTESIAN_POINT('',(10.,0.,-0.82));
#74 = VECTOR('',#75,1.);
#75 = DIRECTION('',(0.,0.,1.));
#76 = ORIENTED_EDGE('',*,*,#77,.T.);
#77 = EDGE_CURVE('',#70,#78,#80,.T.);
#78 = VERTEX_POINT('',#79);
#79 = CARTESIAN_POINT('',(2.,0.,0.82));
#80 = LINE('',#81,#82);
#81 = CARTESIAN_POINT('',(10.,0.,0.82));
#82 = VECTOR('',#83,1.);
#83 = DIRECTION('',(-1.,0.,0.));
#84 = ORIENTED_EDGE('',*,*,#85,.F.);
#85 = EDGE_CURVE('',#86,#78,#88,.T.);
#86 = VERTEX_POINT('',#87);
#87 = CARTESIAN_POINT('',(2.,0.,-0.82));
#88 = LINE('',#89,#90);
#89 = CARTESIAN_POINT('',(2.,0.,-0.82));
#90 = VECTOR('',#91,1.);
#91 = DIRECTION('',(0.,0.,1.));
#92 = ORIENTED_EDGE('',*,*,#93,.F.);
#93 = EDGE_CURVE('',#68,#86,#94,.T.);
#94 = LINE('',#95,#96);
#95 = CARTESIAN_POINT('',(10.,0.,-0.82));
#96 = VECTOR('',#97,1.);
#97 = DIRECTION('',(-1.,0.,0.));
#98 = PLANE('',#99);
#99 = AXIS2_PLACEMENT_3D('',#100,#101,#102);
#100 = CARTESIAN_POINT('',(10.,0.,-0.82));
#101 = DIRECTION('',(0.,-1.,0.));
#102 = DIRECTION('',(-1.,0.,0.));
#103 = ADVANCED_FACE('',(#104),#129,.F.);
#104 = FACE_BOUND('',#105,.F.);
#105 = EDGE_LOOP('',(#106,#116,#122,#123));
#106 = ORIENTED_EDGE('',*,*,#107,.T.);
#107 = EDGE_CURVE('',#108,#110,#112,.T.);
#108 = VERTEX_POINT('',#109);
#109 = CARTESIAN_POINT('',(10.20786,-1.01E-02,-0.82));
#110 = VERTEX_POINT('',#111);
#111 = CARTESIAN_POINT('',(10.20786,-1.01E-02,0.82));
#112 = LINE('',#113,#114);
#113 = CARTESIAN_POINT('',(10.20786,-1.01E-02,-0.82));
#114 = VECTOR('',#115,1.);
#115 = DIRECTION('',(0.,0.,1.));
#116 = ORIENTED_EDGE('',*,*,#117,.T.);
#117 = EDGE_CURVE('',#110,#70,#118,.T.);
#118 = LINE('',#119,#120);
#119 = CARTESIAN_POINT('',(10.20786,-1.01E-02,0.82));
#120 = VECTOR('',#121,1.);
#121 = DIRECTION('',(-0.998821572954,4.853313714442E-02,0.));
#122 = ORIENTED_EDGE('',*,*,#67,.F.);
#123 = ORIENTED_EDGE('',*,*,#124,.F.);
#124 = EDGE_CURVE('',#108,#68,#125,.T.);
#125 = LINE('',#126,#127);
#126 = CARTESIAN_POINT('',(10.20786,-1.01E-02,-0.82));
#127 = VECTOR('',#128,1.);
#128 = DIRECTION('',(-0.998821572954,4.853313714442E-02,0.));
#129 = PLANE('',#130);
#130 = AXIS2_PLACEMENT_3D('',#131,#132,#133);
#131 = CARTESIAN_POINT('',(10.20786,-1.01E-02,-0.82));
#132 = DIRECTION('',(-4.853313714442E-02,-0.998821572954,0.));
#133 = DIRECTION('',(-0.998821572954,4.853313714442E-02,0.));
#134 = ADVANCED_FACE('',(#135),#160,.F.);
#135 = FACE_BOUND('',#136,.F.);
#136 = EDGE_LOOP('',(#137,#138,#146,#154));
#137 = ORIENTED_EDGE('',*,*,#85,.T.);
#138 = ORIENTED_EDGE('',*,*,#139,.T.);
#139 = EDGE_CURVE('',#78,#140,#142,.T.);
#140 = VERTEX_POINT('',#141);
#141 = CARTESIAN_POINT('',(1.79214,-1.01E-02,0.82));
#142 = LINE('',#143,#144);
#143 = CARTESIAN_POINT('',(2.,0.,0.82));
#144 = VECTOR('',#145,1.);
#145 = DIRECTION('',(-0.998821572954,-4.853313714442E-02,0.));
#146 = ORIENTED_EDGE('',*,*,#147,.F.);
#147 = EDGE_CURVE('',#148,#140,#150,.T.);
#148 = VERTEX_POINT('',#149);
#149 = CARTESIAN_POINT('',(1.79214,-1.01E-02,-0.82));
#150 = LINE('',#151,#152);
#151 = CARTESIAN_POINT('',(1.79214,-1.01E-02,-0.82));
#152 = VECTOR('',#153,1.);
#153 = DIRECTION('',(0.,0.,1.));
#154 = ORIENTED_EDGE('',*,*,#155,.F.);
#155 = EDGE_CURVE('',#86,#148,#156,.T.);
#156 = LINE('',#157,#158);
#157 = CARTESIAN_POINT('',(2.,0.,-0.82));
#158 = VECTOR('',#159,1.);
#159 = DIRECTION('',(-0.998821572954,-4.853313714442E-02,0.));
#160 = PLANE('',#161);
#161 = AXIS2_PLACEMENT_3D('',#162,#163,#164);
#162 = CARTESIAN_POINT('',(2.,0.,-0.82));
#163 = DIRECTION('',(4.853313714442E-02,-0.998821572954,0.));
#164 = DIRECTION('',(-0.998821572954,-4.853313714442E-02,0.));
#165 = ADVANCED_FACE('',(#166),#191,.F.);
#166 = FACE_BOUND('',#167,.F.);
#167 = EDGE_LOOP('',(#168,#178,#184,#185));
#168 = ORIENTED_EDGE('',*,*,#169,.T.);
#169 = EDGE_CURVE('',#170,#172,#174,.T.);
#170 = VERTEX_POINT('',#171);
#171 = CARTESIAN_POINT('',(10.40894,-3.979E-02,-0.82));
#172 = VERTEX_POINT('',#173);
#173 = CARTESIAN_POINT('',(10.40894,-3.979E-02,0.82));
#174 = LINE('',#175,#176);
#175 = CARTESIAN_POINT('',(10.40894,-3.979E-02,-0.82));
#176 = VECTOR('',#177,1.);
#177 = DIRECTION('',(0.,0.,1.));
#178 = ORIENTED_EDGE('',*,*,#179,.T.);
#179 = EDGE_CURVE('',#172,#110,#180,.T.);
#180 = LINE('',#181,#182);
#181 = CARTESIAN_POINT('',(10.40894,-3.979E-02,0.82));
#182 = VECTOR('',#183,1.);
#183 = DIRECTION('',(-0.989274402589,0.146069012397,0.));
#184 = ORIENTED_EDGE('',*,*,#107,.F.);
#185 = ORIENTED_EDGE('',*,*,#186,.F.);
#186 = EDGE_CURVE('',#170,#108,#187,.T.);
#187 = LINE('',#188,#189);
#188 = CARTESIAN_POINT('',(10.40894,-3.979E-02,-0.82));
#189 = VECTOR('',#190,1.);
#190 = DIRECTION('',(-0.989274402589,0.146069012397,0.));
#191 = PLANE('',#192);
#192 = AXIS2_PLACEMENT_3D('',#193,#194,#195);
#193 = CARTESIAN_POINT('',(10.40894,-3.979E-02,-0.82));
#194 = DIRECTION('',(-0.146069012397,-0.989274402589,0.));
#195 = DIRECTION('',(-0.989274402589,0.146069012397,0.));
#196 = ADVANCED_FACE('',(#197),#222,.F.);
#197 = FACE_BOUND('',#198,.F.);
#198 = EDGE_LOOP('',(#199,#200,#208,#216));
#199 = ORIENTED_EDGE('',*,*,#147,.T.);
#200 = ORIENTED_EDGE('',*,*,#201,.T.);
#201 = EDGE_CURVE('',#140,#202,#204,.T.);
#202 = VERTEX_POINT('',#203);
#203 = CARTESIAN_POINT('',(1.59106,-3.979E-02,0.82));
#204 = LINE('',#205,#206);
#205 = CARTESIAN_POINT('',(1.79214,-1.01E-02,0.82));
#206 = VECTOR('',#207,1.);
#207 = DIRECTION('',(-0.989274402589,-0.146069012397,0.));
#208 = ORIENTED_EDGE('',*,*,#209,.F.);
#209 = EDGE_CURVE('',#210,#202,#212,.T.);
#210 = VERTEX_POINT('',#211);
#211 = CARTESIAN_POINT('',(1.59106,-3.979E-02,-0.82));
#212 = LINE('',#213,#214);
#213 = CARTESIAN_POINT('',(1.59106,-3.979E-02,-0.82));
#214 = VECTOR('',#215,1.);
#215 = DIRECTION('',(0.,0.,1.));
#216 = ORIENTED_EDGE('',*,*,#217,.F.);
#217 = EDGE_CURVE('',#148,#210,#218,.T.);
#218 = LINE('',#219,#220);
#219 = CARTESIAN_POINT('',(1.79214,-1.01E-02,-0.82));
#220 = VECTOR('',#221,1.);
#221 = DIRECTION('',(-0.989274402589,-0.146069012397,0.));
#222 = PLANE('',#223);
#223 = AXIS2_PLACEMENT_3D('',#224,#225,#226);
#224 = CARTESIAN_POINT('',(1.79214,-1.01E-02,-0.82));
#225 = DIRECTION('',(0.146069012397,-0.989274402589,0.));
#226 = DIRECTION('',(-0.989274402589,-0.146069012397,0.));
#227 = ADVANCED_FACE('',(#228),#253,.F.);
#228 = FACE_BOUND('',#229,.F.);
#229 = EDGE_LOOP('',(#230,#240,#246,#247));
#230 = ORIENTED_EDGE('',*,*,#231,.T.);
#231 = EDGE_CURVE('',#232,#234,#236,.T.);
#232 = VERTEX_POINT('',#233);
#233 = CARTESIAN_POINT('',(10.60233,-8.817E-02,-0.82));
#234 = VERTEX_POINT('',#235);
#235 = CARTESIAN_POINT('',(10.60233,-8.817E-02,0.82));
#236 = LINE('',#237,#238);
#237 = CARTESIAN_POINT('',(10.60233,-8.817E-02,-0.82));
#238 = VECTOR('',#239,1.);
#239 = DIRECTION('',(0.,0.,1.));
#240 = ORIENTED_EDGE('',*,*,#241,.T.);
#241 = EDGE_CURVE('',#234,#172,#242,.T.);
#242 = LINE('',#243,#244);
#243 = CARTESIAN_POINT('',(10.60233,-8.817E-02,0.82));
#244 = VECTOR('',#245,1.);
#245 = DIRECTION('',(-0.970104127996,0.242689062063,0.));
#246 = ORIENTED_EDGE('',*,*,#169,.F.);
#247 = ORIENTED_EDGE('',*,*,#248,.F.);
#248 = EDGE_CURVE('',#232,#170,#249,.T.);
#249 = LINE('',#250,#251);
#250 = CARTESIAN_POINT('',(10.60233,-8.817E-02,-0.82));
#251 = VECTOR('',#252,1.);
#252 = DIRECTION('',(-0.970104127996,0.242689062063,0.));
#253 = PLANE('',#254);
#254 = AXIS2_PLACEMENT_3D('',#255,#256,#257);
#255 = CARTESIAN_POINT('',(10.60233,-8.817E-02,-0.82));
#256 = DIRECTION('',(-0.242689062063,-0.970104127996,0.));
#257 = DIRECTION('',(-0.970104127996,0.242689062063,0.));
#258 = ADVANCED_FACE('',(#259),#284,.F.);
#259 = FACE_BOUND('',#260,.F.);
#260 = EDGE_LOOP('',(#261,#262,#270,#278));
#261 = ORIENTED_EDGE('',*,*,#209,.T.);
#262 = ORIENTED_EDGE('',*,*,#263,.T.);
#263 = EDGE_CURVE('',#202,#264,#266,.T.);
#264 = VERTEX_POINT('',#265);
#265 = CARTESIAN_POINT('',(1.39767,-8.817E-02,0.82));
#266 = LINE('',#267,#268);
#267 = CARTESIAN_POINT('',(1.59106,-3.979E-02,0.82));
#268 = VECTOR('',#269,1.);
#269 = DIRECTION('',(-0.970104127996,-0.242689062063,0.));
#270 = ORIENTED_EDGE('',*,*,#271,.F.);
#271 = EDGE_CURVE('',#272,#264,#274,.T.);
#272 = VERTEX_POINT('',#273);
#273 = CARTESIAN_POINT('',(1.39767,-8.817E-02,-0.82));
#274 = LINE('',#275,#276);
#275 = CARTESIAN_POINT('',(1.39767,-8.817E-02,-0.82));
#276 = VECTOR('',#277,1.);
#277 = DIRECTION('',(0.,0.,1.));
#278 = ORIENTED_EDGE('',*,*,#279,.F.);
#279 = EDGE_CURVE('',#210,#272,#280,.T.);
#280 = LINE('',#281,#282);
#281 = CARTESIAN_POINT('',(1.59106,-3.979E-02,-0.82));
#282 = VECTOR('',#283,1.);
#283 = DIRECTION('',(-0.970104127996,-0.242689062063,0.));
#284 = PLANE('',#285);
#285 = AXIS2_PLACEMENT_3D('',#286,#287,#288);
#286 = CARTESIAN_POINT('',(1.59106,-3.979E-02,-0.82));
#287 = DIRECTION('',(0.242689062063,-0.970104127996,0.));
#288 = DIRECTION('',(-0.970104127996,-0.242689062063,0.));
#289 = ADVANCED_FACE('',(#290),#315,.F.);
#290 = FACE_BOUND('',#291,.F.);
#291 = EDGE_LOOP('',(#292,#302,#308,#309));
#292 = ORIENTED_EDGE('',*,*,#293,.T.);
#293 = EDGE_CURVE('',#294,#296,#298,.T.);
#294 = VERTEX_POINT('',#295);
#295 = CARTESIAN_POINT('',(10.78711,-0.1543,-0.82));
#296 = VERTEX_POINT('',#297);
#297 = CARTESIAN_POINT('',(10.78711,-0.1543,0.82));
#298 = LINE('',#299,#300);
#299 = CARTESIAN_POINT('',(10.78711,-0.1543,-0.82));
#300 = VECTOR('',#301,1.);
#301 = DIRECTION('',(0.,0.,1.));
#302 = ORIENTED_EDGE('',*,*,#303,.T.);
#303 = EDGE_CURVE('',#296,#234,#304,.T.);
#304 = LINE('',#305,#306);
#305 = CARTESIAN_POINT('',(10.78711,-0.1543,0.82));
#306 = VECTOR('',#307,1.);
#307 = DIRECTION('',(-0.941520370828,0.336956067339,0.));
#308 = ORIENTED_EDGE('',*,*,#231,.F.);
#309 = ORIENTED_EDGE('',*,*,#310,.F.);
#310 = EDGE_CURVE('',#294,#232,#311,.T.);
#311 = LINE('',#312,#313);
#312 = CARTESIAN_POINT('',(10.78711,-0.1543,-0.82));
#313 = VECTOR('',#314,1.);
#314 = DIRECTION('',(-0.941520370828,0.336956067339,0.));
#315 = PLANE('',#316);
#316 = AXIS2_PLACEMENT_3D('',#317,#318,#319);
#317 = CARTESIAN_POINT('',(10.78711,-0.1543,-0.82));
#318 = DIRECTION('',(-0.336956067339,-0.941520370828,0.));
#319 = DIRECTION('',(-0.941520370828,0.336956067339,0.));
#320 = ADVANCED_FACE('',(#321),#346,.F.);
#321 = FACE_BOUND('',#322,.F.);
#322 = EDGE_LOOP('',(#323,#324,#332,#340));
#323 = ORIENTED_EDGE('',*,*,#271,.T.);
#324 = ORIENTED_EDGE('',*,*,#325,.T.);
#325 = EDGE_CURVE('',#264,#326,#328,.T.);
#326 = VERTEX_POINT('',#327);
#327 = CARTESIAN_POINT('',(1.21289,-0.1543,0.82));
#328 = LINE('',#329,#330);
#329 = CARTESIAN_POINT('',(1.39767,-8.817E-02,0.82));
#330 = VECTOR('',#331,1.);
#331 = DIRECTION('',(-0.941520370828,-0.336956067339,0.));
#332 = ORIENTED_EDGE('',*,*,#333,.F.);
#333 = EDGE_CURVE('',#334,#326,#336,.T.);
#334 = VERTEX_POINT('',#335);
#335 = CARTESIAN_POINT('',(1.21289,-0.1543,-0.82));
#336 = LINE('',#337,#338);
#337 = CARTESIAN_POINT('',(1.21289,-0.1543,-0.82));
#338 = VECTOR('',#339,1.);
#339 = DIRECTION('',(0.,0.,1.));
#340 = ORIENTED_EDGE('',*,*,#341,.F.);
#341 = EDGE_CURVE('',#272,#334,#342,.T.);
#342 = LINE('',#343,#344);
#343 = CARTESIAN_POINT('',(1.39767,-8.817E-02,-0.82));
#344 = VECTOR('',#345,1.);
#345 = DIRECTION('',(-0.941520370828,-0.336956067339,0.));
#346 = PLANE('',#347);
#347 = AXIS2_PLACEMENT_3D('',#348,#349,#350);
#348 = CARTESIAN_POINT('',(1.39767,-8.817E-02,-0.82));
#349 = DIRECTION('',(0.336956067339,-0.941520370828,0.));
#350 = DIRECTION('',(-0.941520370828,-0.336956067339,0.));
#351 = ADVANCED_FACE('',(#352),#377,.F.);
#352 = FACE_BOUND('',#353,.F.);
#353 = EDGE_LOOP('',(#354,#364,#370,#371));
#354 = ORIENTED_EDGE('',*,*,#355,.T.);
#355 = EDGE_CURVE('',#356,#358,#360,.T.);
#356 = VERTEX_POINT('',#357);
#357 = CARTESIAN_POINT('',(10.96237,-0.23727,-0.82));
#358 = VERTEX_POINT('',#359);
#359 = CARTESIAN_POINT('',(10.96237,-0.23727,0.82));
#360 = LINE('',#361,#362);
#361 = CARTESIAN_POINT('',(10.96237,-0.23727,-0.82));
#362 = VECTOR('',#363,1.);
#363 = DIRECTION('',(0.,0.,1.));
#364 = ORIENTED_EDGE('',*,*,#365,.T.);
#365 = EDGE_CURVE('',#358,#296,#366,.T.);
#366 = LINE('',#367,#368);
#367 = CARTESIAN_POINT('',(10.96237,-0.23727,0.82));
#368 = VECTOR('',#369,1.);
#369 = DIRECTION('',(-0.90383337441,0.42788460045,0.));
#370 = ORIENTED_EDGE('',*,*,#293,.F.);
#371 = ORIENTED_EDGE('',*,*,#372,.F.);
#372 = EDGE_CURVE('',#356,#294,#373,.T.);
#373 = LINE('',#374,#375);
#374 = CARTESIAN_POINT('',(10.96237,-0.23727,-0.82));
#375 = VECTOR('',#376,1.);
#376 = DIRECTION('',(-0.90383337441,0.42788460045,0.));
#377 = PLANE('',#378);
#378 = AXIS2_PLACEMENT_3D('',#379,#380,#381);
#379 = CARTESIAN_POINT('',(10.96237,-0.23727,-0.82));
#380 = DIRECTION('',(-0.42788460045,-0.90383337441,0.));
#381 = DIRECTION('',(-0.90383337441,0.42788460045,0.));
#382 = ADVANCED_FACE('',(#383),#408,.F.);
#383 = FACE_BOUND('',#384,.F.);
#384 = EDGE_LOOP('',(#385,#386,#394,#402));
#385 = ORIENTED_EDGE('',*,*,#333,.T.);
#386 = ORIENTED_EDGE('',*,*,#387,.T.);
#387 = EDGE_CURVE('',#326,#388,#390,.T.);
#388 = VERTEX_POINT('',#389);
#389 = CARTESIAN_POINT('',(1.03763,-0.23727,0.82));
#390 = LINE('',#391,#392);
#391 = CARTESIAN_POINT('',(1.21289,-0.1543,0.82));
#392 = VECTOR('',#393,1.);
#393 = DIRECTION('',(-0.90383337441,-0.42788460045,0.));
#394 = ORIENTED_EDGE('',*,*,#395,.F.);
#395 = EDGE_CURVE('',#396,#388,#398,.T.);
#396 = VERTEX_POINT('',#397);
#397 = CARTESIAN_POINT('',(1.03763,-0.23727,-0.82));
#398 = LINE('',#399,#400);
#399 = CARTESIAN_POINT('',(1.03763,-0.23727,-0.82));
#400 = VECTOR('',#401,1.);
#401 = DIRECTION('',(0.,0.,1.));
#402 = ORIENTED_EDGE('',*,*,#403,.F.);
#403 = EDGE_CURVE('',#334,#396,#404,.T.);
#404 = LINE('',#405,#406);
#405 = CARTESIAN_POINT('',(1.21289,-0.1543,-0.82));
#406 = VECTOR('',#407,1.);
#407 = DIRECTION('',(-0.90383337441,-0.42788460045,0.));
#408 = PLANE('',#409);
#409 = AXIS2_PLACEMENT_3D('',#410,#411,#412);
#410 = CARTESIAN_POINT('',(1.21289,-0.1543,-0.82));
#411 = DIRECTION('',(0.42788460045,-0.90383337441,0.));
#412 = DIRECTION('',(-0.90383337441,-0.42788460045,0.));
#413 = ADVANCED_FACE('',(#414),#439,.F.);
#414 = FACE_BOUND('',#415,.F.);
#415 = EDGE_LOOP('',(#416,#426,#432,#433));
#416 = ORIENTED_EDGE('',*,*,#417,.T.);
#417 = EDGE_CURVE('',#418,#420,#422,.T.);
#418 = VERTEX_POINT('',#419);
#419 = CARTESIAN_POINT('',(11.1272,-0.33618,-0.82));
#420 = VERTEX_POINT('',#421);
#421 = CARTESIAN_POINT('',(11.1272,-0.33618,0.82));
#422 = LINE('',#423,#424);
#423 = CARTESIAN_POINT('',(11.1272,-0.33618,-0.82));
#424 = VECTOR('',#425,1.);
#425 = DIRECTION('',(0.,0.,1.));
#426 = ORIENTED_EDGE('',*,*,#427,.T.);
#427 = EDGE_CURVE('',#420,#358,#428,.T.);
#428 = LINE('',#429,#430);
#429 = CARTESIAN_POINT('',(11.1272,-0.33618,0.82));
#430 = VECTOR('',#431,1.);
#431 = DIRECTION('',(-0.857465383851,0.514541655746,0.));
#432 = ORIENTED_EDGE('',*,*,#355,.F.);
#433 = ORIENTED_EDGE('',*,*,#434,.F.);
#434 = EDGE_CURVE('',#418,#356,#435,.T.);
#435 = LINE('',#436,#437);
#436 = CARTESIAN_POINT('',(11.1272,-0.33618,-0.82));
#437 = VECTOR('',#438,1.);
#438 = DIRECTION('',(-0.857465383851,0.514541655746,0.));
#439 = PLANE('',#440);
#440 = AXIS2_PLACEMENT_3D('',#441,#442,#443);
#441 = CARTESIAN_POINT('',(11.1272,-0.33618,-0.82));
#442 = DIRECTION('',(-0.514541655746,-0.857465383851,0.));
#443 = DIRECTION('',(-0.857465383851,0.514541655746,0.));
#444 = ADVANCED_FACE('',(#445),#470,.F.);
#445 = FACE_BOUND('',#446,.F.);
#446 = EDGE_LOOP('',(#447,#448,#456,#464));
#447 = ORIENTED_EDGE('',*,*,#395,.T.);
#448 = ORIENTED_EDGE('',*,*,#449,.T.);
#449 = EDGE_CURVE('',#388,#450,#452,.T.);
#450 = VERTEX_POINT('',#451);
#451 = CARTESIAN_POINT('',(0.8728,-0.33618,0.82));
#452 = LINE('',#453,#454);
#453 = CARTESIAN_POINT('',(1.03763,-0.23727,0.82));
#454 = VECTOR('',#455,1.);
#455 = DIRECTION('',(-0.857465383851,-0.514541655746,0.));
#456 = ORIENTED_EDGE('',*,*,#457,.F.);
#457 = EDGE_CURVE('',#458,#450,#460,.T.);
#458 = VERTEX_POINT('',#459);
#459 = CARTESIAN_POINT('',(0.8728,-0.33618,-0.82));
#460 = LINE('',#461,#462);
#461 = CARTESIAN_POINT('',(0.8728,-0.33618,-0.82));
#462 = VECTOR('',#463,1.);
#463 = DIRECTION('',(0.,0.,1.));
#464 = ORIENTED_EDGE('',*,*,#465,.F.);
#465 = EDGE_CURVE('',#396,#458,#466,.T.);
#466 = LINE('',#467,#468);
#467 = CARTESIAN_POINT('',(1.03763,-0.23727,-0.82));
#468 = VECTOR('',#469,1.);
#469 = DIRECTION('',(-0.857465383851,-0.514541655746,0.));
#470 = PLANE('',#471);
#471 = AXIS2_PLACEMENT_3D('',#472,#473,#474);
#472 = CARTESIAN_POINT('',(1.03763,-0.23727,-0.82));
#473 = DIRECTION('',(0.514541655746,-0.857465383851,0.));
#474 = DIRECTION('',(-0.857465383851,-0.514541655746,0.));
#475 = ADVANCED_FACE('',(#476),#501,.F.);
#476 = FACE_BOUND('',#477,.F.);
#477 = EDGE_LOOP('',(#478,#488,#494,#495));
#478 = ORIENTED_EDGE('',*,*,#479,.T.);
#479 = EDGE_CURVE('',#480,#482,#484,.T.);
#480 = VERTEX_POINT('',#481);
#481 = CARTESIAN_POINT('',(11.28067,-0.4501,-0.82));
#482 = VERTEX_POINT('',#483);
#483 = CARTESIAN_POINT('',(11.28067,-0.4501,0.82));
#484 = LINE('',#485,#486);
#485 = CARTESIAN_POINT('',(11.28067,-0.4501,-0.82));
#486 = VECTOR('',#487,1.);
#487 = DIRECTION('',(0.,0.,1.));
#488 = ORIENTED_EDGE('',*,*,#489,.T.);
#489 = EDGE_CURVE('',#482,#420,#490,.T.);
#490 = LINE('',#491,#492);
#491 = CARTESIAN_POINT('',(11.28067,-0.4501,0.82));
#492 = VECTOR('',#493,1.);
#493 = DIRECTION('',(-0.802959902094,0.596033049108,0.));
#494 = ORIENTED_EDGE('',*,*,#417,.F.);
#495 = ORIENTED_EDGE('',*,*,#496,.F.);
#496 = EDGE_CURVE('',#480,#418,#497,.T.);
#497 = LINE('',#498,#499);
#498 = CARTESIAN_POINT('',(11.28067,-0.4501,-0.82));
#499 = VECTOR('',#500,1.);
#500 = DIRECTION('',(-0.802959902094,0.596033049108,0.));
#501 = PLANE('',#502);
#502 = AXIS2_PLACEMENT_3D('',#503,#504,#505);
#503 = CARTESIAN_POINT('',(11.28067,-0.4501,-0.82));
#504 = DIRECTION('',(-0.596033049108,-0.802959902094,0.));
#505 = DIRECTION('',(-0.802959902094,0.596033049108,0.));
#506 = ADVANCED_FACE('',(#507),#532,.F.);
#507 = FACE_BOUND('',#508,.F.);
#508 = EDGE_LOOP('',(#509,#510,#518,#526));
#509 = ORIENTED_EDGE('',*,*,#457,.T.);
#510 = ORIENTED_EDGE('',*,*,#511,.T.);
#511 = EDGE_CURVE('',#450,#512,#514,.T.);
#512 = VERTEX_POINT('',#513);
#513 = CARTESIAN_POINT('',(0.71933,-0.4501,0.82));
#514 = LINE('',#515,#516);
#515 = CARTESIAN_POINT('',(0.8728,-0.33618,0.82));
#516 = VECTOR('',#517,1.);
#517 = DIRECTION('',(-0.802959902094,-0.596033049108,0.));
#518 = ORIENTED_EDGE('',*,*,#519,.F.);
#519 = EDGE_CURVE('',#520,#512,#522,.T.);
#520 = VERTEX_POINT('',#521);
#521 = CARTESIAN_POINT('',(0.71933,-0.4501,-0.82));
#522 = LINE('',#523,#524);
#523 = CARTESIAN_POINT('',(0.71933,-0.4501,-0.82));
#524 = VECTOR('',#525,1.);
#525 = DIRECTION('',(0.,0.,1.));
#526 = ORIENTED_EDGE('',*,*,#527,.F.);
#527 = EDGE_CURVE('',#458,#520,#528,.T.);
#528 = LINE('',#529,#530);
#529 = CARTESIAN_POINT('',(0.8728,-0.33618,-0.82));
#530 = VECTOR('',#531,1.);
#531 = DIRECTION('',(-0.802959902094,-0.596033049108,0.));
#532 = PLANE('',#533);
#533 = AXIS2_PLACEMENT_3D('',#534,#535,#536);
#534 = CARTESIAN_POINT('',(0.8728,-0.33618,-0.82));
#535 = DIRECTION('',(0.596033049108,-0.802959902094,0.));
#536 = DIRECTION('',(-0.802959902094,-0.596033049108,0.));
#537 = ADVANCED_FACE('',(#538),#563,.F.);
#538 = FACE_BOUND('',#539,.F.);
#539 = EDGE_LOOP('',(#540,#550,#556,#557));
#540 = ORIENTED_EDGE('',*,*,#541,.T.);
#541 = EDGE_CURVE('',#542,#544,#546,.T.);
#542 = VERTEX_POINT('',#543);
#543 = CARTESIAN_POINT('',(11.42188,-0.57813,-0.82));
#544 = VERTEX_POINT('',#545);
#545 = CARTESIAN_POINT('',(11.42188,-0.57813,0.82));
#546 = LINE('',#547,#548);
#547 = CARTESIAN_POINT('',(11.42188,-0.57813,-0.82));
#548 = VECTOR('',#549,1.);
#549 = DIRECTION('',(0.,0.,1.));
#550 = ORIENTED_EDGE('',*,*,#551,.T.);
#551 = EDGE_CURVE('',#544,#482,#552,.T.);
#552 = LINE('',#553,#554);
#553 = CARTESIAN_POINT('',(11.42188,-0.57813,0.82));
#554 = VECTOR('',#555,1.);
#555 = DIRECTION('',(-0.740834380829,0.671687740086,0.));
#556 = ORIENTED_EDGE('',*,*,#479,.F.);
#557 = ORIENTED_EDGE('',*,*,#558,.F.);
#558 = EDGE_CURVE('',#542,#480,#559,.T.);
#559 = LINE('',#560,#561);
#560 = CARTESIAN_POINT('',(11.42188,-0.57813,-0.82));
#561 = VECTOR('',#562,1.);
#562 = DIRECTION('',(-0.740834380829,0.671687740086,0.));
#563 = PLANE('',#564);
#564 = AXIS2_PLACEMENT_3D('',#565,#566,#567);
#565 = CARTESIAN_POINT('',(11.42188,-0.57813,-0.82));
#566 = DIRECTION('',(-0.671687740086,-0.740834380829,0.));
#567 = DIRECTION('',(-0.740834380829,0.671687740086,0.));
#568 = ADVANCED_FACE('',(#569),#594,.F.);
#569 = FACE_BOUND('',#570,.F.);
#570 = EDGE_LOOP('',(#571,#572,#580,#588));
#571 = ORIENTED_EDGE('',*,*,#519,.T.);
#572 = ORIENTED_EDGE('',*,*,#573,.T.);
#573 = EDGE_CURVE('',#512,#574,#576,.T.);
#574 = VERTEX_POINT('',#575);
#575 = CARTESIAN_POINT('',(0.57813,-0.57813,0.82));
#576 = LINE('',#577,#578);
#577 = CARTESIAN_POINT('',(0.71933,-0.4501,0.82));
#578 = VECTOR('',#579,1.);
#579 = DIRECTION('',(-0.740810709871,-0.671713846918,0.));
#580 = ORIENTED_EDGE('',*,*,#581,.F.);
#581 = EDGE_CURVE('',#582,#574,#584,.T.);
#582 = VERTEX_POINT('',#583);
#583 = CARTESIAN_POINT('',(0.57813,-0.57813,-0.82));
#584 = LINE('',#585,#586);
#585 = CARTESIAN_POINT('',(0.57813,-0.57813,-0.82));
#586 = VECTOR('',#587,1.);
#587 = DIRECTION('',(0.,0.,1.));
#588 = ORIENTED_EDGE('',*,*,#589,.F.);
#589 = EDGE_CURVE('',#520,#582,#590,.T.);
#590 = LINE('',#591,#592);
#591 = CARTESIAN_POINT('',(0.71933,-0.4501,-0.82));
#592 = VECTOR('',#593,1.);
#593 = DIRECTION('',(-0.740810709871,-0.671713846918,0.));
#594 = PLANE('',#595);
#595 = AXIS2_PLACEMENT_3D('',#596,#597,#598);
#596 = CARTESIAN_POINT('',(0.71933,-0.4501,-0.82));
#597 = DIRECTION('',(0.671713846918,-0.740810709871,0.));
#598 = DIRECTION('',(-0.740810709871,-0.671713846918,0.));
#599 = ADVANCED_FACE('',(#600),#625,.F.);
#600 = FACE_BOUND('',#601,.F.);
#601 = EDGE_LOOP('',(#602,#612,#618,#619));
#602 = ORIENTED_EDGE('',*,*,#603,.T.);
#603 = EDGE_CURVE('',#604,#606,#608,.T.);
#604 = VERTEX_POINT('',#605);
#605 = CARTESIAN_POINT('',(11.5499,-0.71933,-0.82));
#606 = VERTEX_POINT('',#607);
#607 = CARTESIAN_POINT('',(11.5499,-0.71933,0.82));
#608 = LINE('',#609,#610);
#609 = CARTESIAN_POINT('',(11.5499,-0.71933,-0.82));
#610 = VECTOR('',#611,1.);
#611 = DIRECTION('',(0.,0.,1.));
#612 = ORIENTED_EDGE('',*,*,#613,.T.);
#613 = EDGE_CURVE('',#606,#544,#614,.T.);
#614 = LINE('',#615,#616);
#615 = CARTESIAN_POINT('',(11.5499,-0.71933,0.82));
#616 = VECTOR('',#617,1.);
#617 = DIRECTION('',(-0.671685052386,0.74083681766,0.));
#618 = ORIENTED_EDGE('',*,*,#541,.F.);
#619 = ORIENTED_EDGE('',*,*,#620,.F.);
#620 = EDGE_CURVE('',#604,#542,#621,.T.);
#621 = LINE('',#622,#623);
#622 = CARTESIAN_POINT('',(11.5499,-0.71933,-0.82));
#623 = VECTOR('',#624,1.);
#624 = DIRECTION('',(-0.671685052386,0.74083681766,0.));
#625 = PLANE('',#626);
#626 = AXIS2_PLACEMENT_3D('',#627,#628,#629);
#627 = CARTESIAN_POINT('',(11.5499,-0.71933,-0.82));
#628 = DIRECTION('',(-0.74083681766,-0.671685052386,0.));
#629 = DIRECTION('',(-0.671685052386,0.74083681766,0.));
#630 = ADVANCED_FACE('',(#631),#656,.F.);
#631 = FACE_BOUND('',#632,.F.);
#632 = EDGE_LOOP('',(#633,#634,#642,#650));
#633 = ORIENTED_EDGE('',*,*,#581,.T.);
#634 = ORIENTED_EDGE('',*,*,#635,.T.);
#635 = EDGE_CURVE('',#574,#636,#638,.T.);
#636 = VERTEX_POINT('',#637);
#637 = CARTESIAN_POINT('',(0.45011,-0.71933,0.82));
#638 = LINE('',#639,#640);
#639 = CARTESIAN_POINT('',(0.57813,-0.57813,0.82));
#640 = VECTOR('',#641,1.);
#641 = DIRECTION('',(-0.671685052386,-0.74083681766,0.));
#642 = ORIENTED_EDGE('',*,*,#643,.F.);
#643 = EDGE_CURVE('',#644,#636,#646,.T.);
#644 = VERTEX_POINT('',#645);
#645 = CARTESIAN_POINT('',(0.45011,-0.71933,-0.82));
#646 = LINE('',#647,#648);
#647 = CARTESIAN_POINT('',(0.45011,-0.71933,-0.82));
#648 = VECTOR('',#649,1.);
#649 = DIRECTION('',(0.,0.,1.));
#650 = ORIENTED_EDGE('',*,*,#651,.F.);
#651 = EDGE_CURVE('',#582,#644,#652,.T.);
#652 = LINE('',#653,#654);
#653 = CARTESIAN_POINT('',(0.57813,-0.57813,-0.82));
#654 = VECTOR('',#655,1.);
#655 = DIRECTION('',(-0.671685052386,-0.74083681766,0.));
#656 = PLANE('',#657);
#657 = AXIS2_PLACEMENT_3D('',#658,#659,#660);
#658 = CARTESIAN_POINT('',(0.57813,-0.57813,-0.82));
#659 = DIRECTION('',(0.74083681766,-0.671685052386,0.));
#660 = DIRECTION('',(-0.671685052386,-0.74083681766,0.));
#661 = ADVANCED_FACE('',(#662),#687,.F.);
#662 = FACE_BOUND('',#663,.F.);
#663 = EDGE_LOOP('',(#664,#674,#680,#681));
#664 = ORIENTED_EDGE('',*,*,#665,.T.);
#665 = EDGE_CURVE('',#666,#668,#670,.T.);
#666 = VERTEX_POINT('',#667);
#667 = CARTESIAN_POINT('',(11.66382,-0.8728,-0.82));
#668 = VERTEX_POINT('',#669);
#669 = CARTESIAN_POINT('',(11.66382,-0.8728,0.82));
#670 = LINE('',#671,#672);
#671 = CARTESIAN_POINT('',(11.66382,-0.8728,-0.82));
#672 = VECTOR('',#673,1.);
#673 = DIRECTION('',(0.,0.,1.));
#674 = ORIENTED_EDGE('',*,*,#675,.T.);
#675 = EDGE_CURVE('',#668,#606,#676,.T.);
#676 = LINE('',#677,#678);
#677 = CARTESIAN_POINT('',(11.66382,-0.8728,0.82));
#678 = VECTOR('',#679,1.);
#679 = DIRECTION('',(-0.596033049108,0.802959902094,0.));
#680 = ORIENTED_EDGE('',*,*,#603,.F.);
#681 = ORIENTED_EDGE('',*,*,#682,.F.);
#682 = EDGE_CURVE('',#666,#604,#683,.T.);
#683 = LINE('',#684,#685);
#684 = CARTESIAN_POINT('',(11.66382,-0.8728,-0.82));
#685 = VECTOR('',#686,1.);
#686 = DIRECTION('',(-0.596033049108,0.802959902094,0.));
#687 = PLANE('',#688);
#688 = AXIS2_PLACEMENT_3D('',#689,#690,#691);
#689 = CARTESIAN_POINT('',(11.66382,-0.8728,-0.82));
#690 = DIRECTION('',(-0.802959902094,-0.596033049108,0.));
#691 = DIRECTION('',(-0.596033049108,0.802959902094,0.));
#692 = ADVANCED_FACE('',(#693),#718,.F.);
#693 = FACE_BOUND('',#694,.F.);
#694 = EDGE_LOOP('',(#695,#696,#704,#712));
#695 = ORIENTED_EDGE('',*,*,#643,.T.);
#696 = ORIENTED_EDGE('',*,*,#697,.T.);
#697 = EDGE_CURVE('',#636,#698,#700,.T.);
#698 = VERTEX_POINT('',#699);
#699 = CARTESIAN_POINT('',(0.33618,-0.8728,0.82));
#700 = LINE('',#701,#702);
#701 = CARTESIAN_POINT('',(0.45011,-0.71933,0.82));
#702 = VECTOR('',#703,1.);
#703 = DIRECTION('',(-0.596066780772,-0.802934862153,0.));
#704 = ORIENTED_EDGE('',*,*,#705,.F.);
#705 = EDGE_CURVE('',#706,#698,#708,.T.);
#706 = VERTEX_POINT('',#707);
#707 = CARTESIAN_POINT('',(0.33618,-0.8728,-0.82));
#708 = LINE('',#709,#710);
#709 = CARTESIAN_POINT('',(0.33618,-0.8728,-0.82));
#710 = VECTOR('',#711,1.);
#711 = DIRECTION('',(0.,0.,1.));
#712 = ORIENTED_EDGE('',*,*,#713,.F.);
#713 = EDGE_CURVE('',#644,#706,#714,.T.);
#714 = LINE('',#715,#716);
#715 = CARTESIAN_POINT('',(0.45011,-0.71933,-0.82));
#716 = VECTOR('',#717,1.);
#717 = DIRECTION('',(-0.596066780772,-0.802934862153,0.));
#718 = PLANE('',#719);
#719 = AXIS2_PLACEMENT_3D('',#720,#721,#722);
#720 = CARTESIAN_POINT('',(0.45011,-0.71933,-0.82));
#721 = DIRECTION('',(0.802934862153,-0.596066780772,0.));
#722 = DIRECTION('',(-0.596066780772,-0.802934862153,0.));
#723 = ADVANCED_FACE('',(#724),#749,.F.);
#724 = FACE_BOUND('',#725,.F.);
#725 = EDGE_LOOP('',(#726,#736,#742,#743));
#726 = ORIENTED_EDGE('',*,*,#727,.T.);
#727 = EDGE_CURVE('',#728,#730,#732,.T.);
#728 = VERTEX_POINT('',#729);
#729 = CARTESIAN_POINT('',(11.76273,-1.03763,-0.82));
#730 = VERTEX_POINT('',#731);
#731 = CARTESIAN_POINT('',(11.76273,-1.03763,0.82));
#732 = LINE('',#733,#734);
#733 = CARTESIAN_POINT('',(11.76273,-1.03763,-0.82));
#734 = VECTOR('',#735,1.);
#735 = DIRECTION('',(0.,0.,1.));
#736 = ORIENTED_EDGE('',*,*,#737,.T.);
#737 = EDGE_CURVE('',#730,#668,#738,.T.);
#738 = LINE('',#739,#740);
#739 = CARTESIAN_POINT('',(11.76273,-1.03763,0.82));
#740 = VECTOR('',#741,1.);
#741 = DIRECTION('',(-0.514541655746,0.857465383851,0.));
#742 = ORIENTED_EDGE('',*,*,#665,.F.);
#743 = ORIENTED_EDGE('',*,*,#744,.F.);
#744 = EDGE_CURVE('',#728,#666,#745,.T.);
#745 = LINE('',#746,#747);
#746 = CARTESIAN_POINT('',(11.76273,-1.03763,-0.82));
#747 = VECTOR('',#748,1.);
#748 = DIRECTION('',(-0.514541655746,0.857465383851,0.));
#749 = PLANE('',#750);
#750 = AXIS2_PLACEMENT_3D('',#751,#752,#753);
#751 = CARTESIAN_POINT('',(11.76273,-1.03763,-0.82));
#752 = DIRECTION('',(-0.857465383851,-0.514541655746,0.));
#753 = DIRECTION('',(-0.514541655746,0.857465383851,0.));
#754 = ADVANCED_FACE('',(#755),#780,.F.);
#755 = FACE_BOUND('',#756,.F.);
#756 = EDGE_LOOP('',(#757,#758,#766,#774));
#757 = ORIENTED_EDGE('',*,*,#705,.T.);
#758 = ORIENTED_EDGE('',*,*,#759,.T.);
#759 = EDGE_CURVE('',#698,#760,#762,.T.);
#760 = VERTEX_POINT('',#761);
#761 = CARTESIAN_POINT('',(0.23728,-1.03763,0.82));
#762 = LINE('',#763,#764);
#763 = CARTESIAN_POINT('',(0.33618,-0.8728,0.82));
#764 = VECTOR('',#765,1.);
#765 = DIRECTION('',(-0.514503405788,-0.85748833545,0.));
#766 = ORIENTED_EDGE('',*,*,#767,.F.);
#767 = EDGE_CURVE('',#768,#760,#770,.T.);
#768 = VERTEX_POINT('',#769);
#769 = CARTESIAN_POINT('',(0.23728,-1.03763,-0.82));
#770 = LINE('',#771,#772);
#771 = CARTESIAN_POINT('',(0.23728,-1.03763,-0.82));
#772 = VECTOR('',#773,1.);
#773 = DIRECTION('',(0.,0.,1.));
#774 = ORIENTED_EDGE('',*,*,#775,.F.);
#775 = EDGE_CURVE('',#706,#768,#776,.T.);
#776 = LINE('',#777,#778);
#777 = CARTESIAN_POINT('',(0.33618,-0.8728,-0.82));
#778 = VECTOR('',#779,1.);
#779 = DIRECTION('',(-0.514503405788,-0.85748833545,0.));
#780 = PLANE('',#781);
#781 = AXIS2_PLACEMENT_3D('',#782,#783,#784);
#782 = CARTESIAN_POINT('',(0.33618,-0.8728,-0.82));
#783 = DIRECTION('',(0.85748833545,-0.514503405788,0.));
#784 = DIRECTION('',(-0.514503405788,-0.85748833545,0.));
#785 = ADVANCED_FACE('',(#786),#811,.F.);
#786 = FACE_BOUND('',#787,.F.);
#787 = EDGE_LOOP('',(#788,#798,#804,#805));
#788 = ORIENTED_EDGE('',*,*,#789,.T.);
#789 = EDGE_CURVE('',#790,#792,#794,.T.);
#790 = VERTEX_POINT('',#791);
#791 = CARTESIAN_POINT('',(11.8457,-1.21289,-0.82));
#792 = VERTEX_POINT('',#793);
#793 = CARTESIAN_POINT('',(11.8457,-1.21289,0.82));
#794 = LINE('',#795,#796);
#795 = CARTESIAN_POINT('',(11.8457,-1.21289,-0.82));
#796 = VECTOR('',#797,1.);
#797 = DIRECTION('',(0.,0.,1.));
#798 = ORIENTED_EDGE('',*,*,#799,.T.);
#799 = EDGE_CURVE('',#792,#730,#800,.T.);
#800 = LINE('',#801,#802);
#801 = CARTESIAN_POINT('',(11.8457,-1.21289,0.82));
#802 = VECTOR('',#803,1.);
#803 = DIRECTION('',(-0.42788460045,0.90383337441,0.));
#804 = ORIENTED_EDGE('',*,*,#727,.F.);
#805 = ORIENTED_EDGE('',*,*,#806,.F.);
#806 = EDGE_CURVE('',#790,#728,#807,.T.);
#807 = LINE('',#808,#809);
#808 = CARTESIAN_POINT('',(11.8457,-1.21289,-0.82));
#809 = VECTOR('',#810,1.);
#810 = DIRECTION('',(-0.42788460045,0.90383337441,0.));
#811 = PLANE('',#812);
#812 = AXIS2_PLACEMENT_3D('',#813,#814,#815);
#813 = CARTESIAN_POINT('',(11.8457,-1.21289,-0.82));
#814 = DIRECTION('',(-0.90383337441,-0.42788460045,0.));
#815 = DIRECTION('',(-0.42788460045,0.90383337441,0.));
#816 = ADVANCED_FACE('',(#817),#842,.F.);
#817 = FACE_BOUND('',#818,.F.);
#818 = EDGE_LOOP('',(#819,#820,#828,#836));
#819 = ORIENTED_EDGE('',*,*,#767,.T.);
#820 = ORIENTED_EDGE('',*,*,#821,.T.);
#821 = EDGE_CURVE('',#760,#822,#824,.T.);
#822 = VERTEX_POINT('',#823);
#823 = CARTESIAN_POINT('',(0.1543,-1.21289,0.82));
#824 = LINE('',#825,#826);
#825 = CARTESIAN_POINT('',(0.23728,-1.03763,0.82));
#826 = VECTOR('',#827,1.);
#827 = DIRECTION('',(-0.427926728168,-0.903813429486,0.));
#828 = ORIENTED_EDGE('',*,*,#829,.F.);
#829 = EDGE_CURVE('',#830,#822,#832,.T.);
#830 = VERTEX_POINT('',#831);
#831 = CARTESIAN_POINT('',(0.1543,-1.21289,-0.82));
#832 = LINE('',#833,#834);
#833 = CARTESIAN_POINT('',(0.1543,-1.21289,-0.82));
#834 = VECTOR('',#835,1.);
#835 = DIRECTION('',(0.,0.,1.));
#836 = ORIENTED_EDGE('',*,*,#837,.F.);
#837 = EDGE_CURVE('',#768,#830,#838,.T.);
#838 = LINE('',#839,#840);
#839 = CARTESIAN_POINT('',(0.23728,-1.03763,-0.82));
#840 = VECTOR('',#841,1.);
#841 = DIRECTION('',(-0.427926728168,-0.903813429486,0.));
#842 = PLANE('',#843);
#843 = AXIS2_PLACEMENT_3D('',#844,#845,#846);
#844 = CARTESIAN_POINT('',(0.23728,-1.03763,-0.82));
#845 = DIRECTION('',(0.903813429486,-0.427926728168,0.));
#846 = DIRECTION('',(-0.427926728168,-0.903813429486,0.));
#847 = ADVANCED_FACE('',(#848),#873,.F.);
#848 = FACE_BOUND('',#849,.F.);
#849 = EDGE_LOOP('',(#850,#860,#866,#867));
#850 = ORIENTED_EDGE('',*,*,#851,.T.);
#851 = EDGE_CURVE('',#852,#854,#856,.T.);
#852 = VERTEX_POINT('',#853);
#853 = CARTESIAN_POINT('',(11.91183,-1.39767,-0.82));
#854 = VERTEX_POINT('',#855);
#855 = CARTESIAN_POINT('',(11.91183,-1.39767,0.82));
#856 = LINE('',#857,#858);
#857 = CARTESIAN_POINT('',(11.91183,-1.39767,-0.82));
#858 = VECTOR('',#859,1.);
#859 = DIRECTION('',(0.,0.,1.));
#860 = ORIENTED_EDGE('',*,*,#861,.T.);
#861 = EDGE_CURVE('',#854,#792,#862,.T.);
#862 = LINE('',#863,#864);
#863 = CARTESIAN_POINT('',(11.91183,-1.39767,0.82));
#864 = VECTOR('',#865,1.);
#865 = DIRECTION('',(-0.336956067339,0.941520370828,0.));
#866 = ORIENTED_EDGE('',*,*,#789,.F.);
#867 = ORIENTED_EDGE('',*,*,#868,.F.);
#868 = EDGE_CURVE('',#852,#790,#869,.T.);
#869 = LINE('',#870,#871);
#870 = CARTESIAN_POINT('',(11.91183,-1.39767,-0.82));
#871 = VECTOR('',#872,1.);
#872 = DIRECTION('',(-0.336956067339,0.941520370828,0.));
#873 = PLANE('',#874);
#874 = AXIS2_PLACEMENT_3D('',#875,#876,#877);
#875 = CARTESIAN_POINT('',(11.91183,-1.39767,-0.82));
#876 = DIRECTION('',(-0.941520370828,-0.336956067339,0.));
#877 = DIRECTION('',(-0.336956067339,0.941520370828,0.));
#878 = ADVANCED_FACE('',(#879),#904,.F.);
#879 = FACE_BOUND('',#880,.F.);
#880 = EDGE_LOOP('',(#881,#882,#890,#898));
#881 = ORIENTED_EDGE('',*,*,#829,.T.);
#882 = ORIENTED_EDGE('',*,*,#883,.T.);
#883 = EDGE_CURVE('',#822,#884,#886,.T.);
#884 = VERTEX_POINT('',#885);
#885 = CARTESIAN_POINT('',(8.817E-02,-1.39767,0.82));
#886 = LINE('',#887,#888);
#887 = CARTESIAN_POINT('',(0.1543,-1.21289,0.82));
#888 = VECTOR('',#889,1.);
#889 = DIRECTION('',(-0.336956067339,-0.941520370828,0.));
#890 = ORIENTED_EDGE('',*,*,#891,.F.);
#891 = EDGE_CURVE('',#892,#884,#894,.T.);
#892 = VERTEX_POINT('',#893);
#893 = CARTESIAN_POINT('',(8.817E-02,-1.39767,-0.82));
#894 = LINE('',#895,#896);
#895 = CARTESIAN_POINT('',(8.817E-02,-1.39767,-0.82));
#896 = VECTOR('',#897,1.);
#897 = DIRECTION('',(0.,0.,1.));
#898 = ORIENTED_EDGE('',*,*,#899,.F.);
#899 = EDGE_CURVE('',#830,#892,#900,.T.);
#900 = LINE('',#901,#902);
#901 = CARTESIAN_POINT('',(0.1543,-1.21289,-0.82));
#902 = VECTOR('',#903,1.);
#903 = DIRECTION('',(-0.336956067339,-0.941520370828,0.));
#904 = PLANE('',#905);
#905 = AXIS2_PLACEMENT_3D('',#906,#907,#908);
#906 = CARTESIAN_POINT('',(0.1543,-1.21289,-0.82));
#907 = DIRECTION('',(0.941520370828,-0.336956067339,0.));
#908 = DIRECTION('',(-0.336956067339,-0.941520370828,0.));
#909 = ADVANCED_FACE('',(#910),#935,.F.);
#910 = FACE_BOUND('',#911,.F.);
#911 = EDGE_LOOP('',(#912,#922,#928,#929));
#912 = ORIENTED_EDGE('',*,*,#913,.T.);
#913 = EDGE_CURVE('',#914,#916,#918,.T.);
#914 = VERTEX_POINT('',#915);
#915 = CARTESIAN_POINT('',(11.9602,-1.59106,-0.82));
#916 = VERTEX_POINT('',#917);
#917 = CARTESIAN_POINT('',(11.9602,-1.59106,0.82));
#918 = LINE('',#919,#920);
#919 = CARTESIAN_POINT('',(11.9602,-1.59106,-0.82));
#920 = VECTOR('',#921,1.);
#921 = DIRECTION('',(0.,0.,1.));
#922 = ORIENTED_EDGE('',*,*,#923,.T.);
#923 = EDGE_CURVE('',#916,#854,#924,.T.);
#924 = LINE('',#925,#926);
#925 = CARTESIAN_POINT('',(11.9602,-1.59106,0.82));
#926 = VECTOR('',#927,1.);
#927 = DIRECTION('',(-0.24264185261,0.970115937073,0.));
#928 = ORIENTED_EDGE('',*,*,#851,.F.);
#929 = ORIENTED_EDGE('',*,*,#930,.F.);
#930 = EDGE_CURVE('',#914,#852,#931,.T.);
#931 = LINE('',#932,#933);
#932 = CARTESIAN_POINT('',(11.9602,-1.59106,-0.82));
#933 = VECTOR('',#934,1.);
#934 = DIRECTION('',(-0.24264185261,0.970115937073,0.));
#935 = PLANE('',#936);
#936 = AXIS2_PLACEMENT_3D('',#937,#938,#939);
#937 = CARTESIAN_POINT('',(11.9602,-1.59106,-0.82));
#938 = DIRECTION('',(-0.970115937073,-0.24264185261,0.));
#939 = DIRECTION('',(-0.24264185261,0.970115937073,0.));
#940 = ADVANCED_FACE('',(#941),#966,.F.);
#941 = FACE_BOUND('',#942,.F.);
#942 = EDGE_LOOP('',(#943,#944,#952,#960));
#943 = ORIENTED_EDGE('',*,*,#891,.T.);
#944 = ORIENTED_EDGE('',*,*,#945,.T.);
#945 = EDGE_CURVE('',#884,#946,#948,.T.);
#946 = VERTEX_POINT('',#947);
#947 = CARTESIAN_POINT('',(3.98E-02,-1.59106,0.82));
#948 = LINE('',#949,#950);
#949 = CARTESIAN_POINT('',(8.817E-02,-1.39767,0.82));
#950 = VECTOR('',#951,1.);
#951 = DIRECTION('',(-0.24264185261,-0.970115937073,0.));
#952 = ORIENTED_EDGE('',*,*,#953,.F.);
#953 = EDGE_CURVE('',#954,#946,#956,.T.);
#954 = VERTEX_POINT('',#955);
#955 = CARTESIAN_POINT('',(3.98E-02,-1.59106,-0.82));
#956 = LINE('',#957,#958);
#957 = CARTESIAN_POINT('',(3.98E-02,-1.59106,-0.82));
#958 = VECTOR('',#959,1.);
#959 = DIRECTION('',(0.,0.,1.));
#960 = ORIENTED_EDGE('',*,*,#961,.F.);
#961 = EDGE_CURVE('',#892,#954,#962,.T.);
#962 = LINE('',#963,#964);
#963 = CARTESIAN_POINT('',(8.817E-02,-1.39767,-0.82));
#964 = VECTOR('',#965,1.);
#965 = DIRECTION('',(-0.24264185261,-0.970115937073,0.));
#966 = PLANE('',#967);
#967 = AXIS2_PLACEMENT_3D('',#968,#969,#970);
#968 = CARTESIAN_POINT('',(8.817E-02,-1.39767,-0.82));
#969 = DIRECTION('',(0.970115937073,-0.24264185261,0.));
#970 = DIRECTION('',(-0.24264185261,-0.970115937073,0.));
#971 = ADVANCED_FACE('',(#972),#997,.F.);
#972 = FACE_BOUND('',#973,.F.);
#973 = EDGE_LOOP('',(#974,#984,#990,#991));
#974 = ORIENTED_EDGE('',*,*,#975,.T.);
#975 = EDGE_CURVE('',#976,#978,#980,.T.);
#976 = VERTEX_POINT('',#977);
#977 = CARTESIAN_POINT('',(11.9899,-1.79214,-0.82));
#978 = VERTEX_POINT('',#979);
#979 = CARTESIAN_POINT('',(11.9899,-1.79214,0.82));
#980 = LINE('',#981,#982);
#981 = CARTESIAN_POINT('',(11.9899,-1.79214,-0.82));
#982 = VECTOR('',#983,1.);
#983 = DIRECTION('',(0.,0.,1.));
#984 = ORIENTED_EDGE('',*,*,#985,.T.);
#985 = EDGE_CURVE('',#978,#916,#986,.T.);
#986 = LINE('',#987,#988);
#987 = CARTESIAN_POINT('',(11.9899,-1.79214,0.82));
#988 = VECTOR('',#989,1.);
#989 = DIRECTION('',(-0.146117160232,0.989267292235,0.));
#990 = ORIENTED_EDGE('',*,*,#913,.F.);
#991 = ORIENTED_EDGE('',*,*,#992,.F.);
#992 = EDGE_CURVE('',#976,#914,#993,.T.);
#993 = LINE('',#994,#995);
#994 = CARTESIAN_POINT('',(11.9899,-1.79214,-0.82));
#995 = VECTOR('',#996,1.);
#996 = DIRECTION('',(-0.146117160232,0.989267292235,0.));
#997 = PLANE('',#998);
#998 = AXIS2_PLACEMENT_3D('',#999,#1000,#1001);
#999 = CARTESIAN_POINT('',(11.9899,-1.79214,-0.82));
#1000 = DIRECTION('',(-0.989267292235,-0.146117160232,0.));
#1001 = DIRECTION('',(-0.146117160232,0.989267292235,0.));
#1002 = ADVANCED_FACE('',(#1003),#1028,.F.);
#1003 = FACE_BOUND('',#1004,.F.);
#1004 = EDGE_LOOP('',(#1005,#1006,#1014,#1022));
#1005 = ORIENTED_EDGE('',*,*,#953,.T.);
#1006 = ORIENTED_EDGE('',*,*,#1007,.T.);
#1007 = EDGE_CURVE('',#946,#1008,#1010,.T.);
#1008 = VERTEX_POINT('',#1009);
#1009 = CARTESIAN_POINT('',(1.01E-02,-1.79214,0.82));
#1010 = LINE('',#1011,#1012);
#1011 = CARTESIAN_POINT('',(3.98E-02,-1.59106,0.82));
#1012 = VECTOR('',#1013,1.);
#1013 = DIRECTION('',(-0.146117160232,-0.989267292235,0.));
#1014 = ORIENTED_EDGE('',*,*,#1015,.F.);
#1015 = EDGE_CURVE('',#1016,#1008,#1018,.T.);
#1016 = VERTEX_POINT('',#1017);
#1017 = CARTESIAN_POINT('',(1.01E-02,-1.79214,-0.82));
#1018 = LINE('',#1019,#1020);
#1019 = CARTESIAN_POINT('',(1.01E-02,-1.79214,-0.82));
#1020 = VECTOR('',#1021,1.);
#1021 = DIRECTION('',(0.,0.,1.));
#1022 = ORIENTED_EDGE('',*,*,#1023,.F.);
#1023 = EDGE_CURVE('',#954,#1016,#1024,.T.);
#1024 = LINE('',#1025,#1026);
#1025 = CARTESIAN_POINT('',(3.98E-02,-1.59106,-0.82));
#1026 = VECTOR('',#1027,1.);
#1027 = DIRECTION('',(-0.146117160232,-0.989267292235,0.));
#1028 = PLANE('',#1029);
#1029 = AXIS2_PLACEMENT_3D('',#1030,#1031,#1032);
#1030 = CARTESIAN_POINT('',(3.98E-02,-1.59106,-0.82));
#1031 = DIRECTION('',(0.989267292235,-0.146117160232,0.));
#1032 = DIRECTION('',(-0.146117160232,-0.989267292235,0.));
#1033 = ADVANCED_FACE('',(#1034),#1059,.F.);
#1034 = FACE_BOUND('',#1035,.F.);
#1035 = EDGE_LOOP('',(#1036,#1046,#1052,#1053));
#1036 = ORIENTED_EDGE('',*,*,#1037,.T.);
#1037 = EDGE_CURVE('',#1038,#1040,#1042,.T.);
#1038 = VERTEX_POINT('',#1039);
#1039 = CARTESIAN_POINT('',(12.,-2.,-0.82));
#1040 = VERTEX_POINT('',#1041);
#1041 = CARTESIAN_POINT('',(12.,-2.,0.82));
#1042 = LINE('',#1043,#1044);
#1043 = CARTESIAN_POINT('',(12.,-2.,-0.82));
#1044 = VECTOR('',#1045,1.);
#1045 = DIRECTION('',(0.,0.,1.));
#1046 = ORIENTED_EDGE('',*,*,#1047,.T.);
#1047 = EDGE_CURVE('',#1040,#978,#1048,.T.);
#1048 = LINE('',#1049,#1050);
#1049 = CARTESIAN_POINT('',(12.,-2.,0.82));
#1050 = VECTOR('',#1051,1.);
#1051 = DIRECTION('',(-4.853313714442E-02,0.998821572954,0.));
#1052 = ORIENTED_EDGE('',*,*,#975,.F.);
#1053 = ORIENTED_EDGE('',*,*,#1054,.F.);
#1054 = EDGE_CURVE('',#1038,#976,#1055,.T.);
#1055 = LINE('',#1056,#1057);
#1056 = CARTESIAN_POINT('',(12.,-2.,-0.82));
#1057 = VECTOR('',#1058,1.);
#1058 = DIRECTION('',(-4.853313714442E-02,0.998821572954,0.));
#1059 = PLANE('',#1060);
#1060 = AXIS2_PLACEMENT_3D('',#1061,#1062,#1063);
#1061 = CARTESIAN_POINT('',(12.,-2.,-0.82));
#1062 = DIRECTION('',(-0.998821572954,-4.853313714442E-02,0.));
#1063 = DIRECTION('',(-4.853313714442E-02,0.998821572954,0.));
#1064 = ADVANCED_FACE('',(#1065),#1090,.F.);
#1065 = FACE_BOUND('',#1066,.F.);
#1066 = EDGE_LOOP('',(#1067,#1068,#1076,#1084));
#1067 = ORIENTED_EDGE('',*,*,#1015,.T.);
#1068 = ORIENTED_EDGE('',*,*,#1069,.T.);
#1069 = EDGE_CURVE('',#1008,#1070,#1072,.T.);
#1070 = VERTEX_POINT('',#1071);
#1071 = CARTESIAN_POINT('',(0.,-2.,0.82));
#1072 = LINE('',#1073,#1074);
#1073 = CARTESIAN_POINT('',(1.01E-02,-1.79214,0.82));
#1074 = VECTOR('',#1075,1.);
#1075 = DIRECTION('',(-4.853313714442E-02,-0.998821572954,0.));
#1076 = ORIENTED_EDGE('',*,*,#1077,.F.);
#1077 = EDGE_CURVE('',#1078,#1070,#1080,.T.);
#1078 = VERTEX_POINT('',#1079);
#1079 = CARTESIAN_POINT('',(0.,-2.,-0.82));
#1080 = LINE('',#1081,#1082);
#1081 = CARTESIAN_POINT('',(0.,-2.,-0.82));
#1082 = VECTOR('',#1083,1.);
#1083 = DIRECTION('',(0.,0.,1.));
#1084 = ORIENTED_EDGE('',*,*,#1085,.F.);
#1085 = EDGE_CURVE('',#1016,#1078,#1086,.T.);
#1086 = LINE('',#1087,#1088);
#1087 = CARTESIAN_POINT('',(1.01E-02,-1.79214,-0.82));
#1088 = VECTOR('',#1089,1.);
#1089 = DIRECTION('',(-4.853313714442E-02,-0.998821572954,0.));
#1090 = PLANE('',#1091);
#1091 = AXIS2_PLACEMENT_3D('',#1092,#1093,#1094);
#1092 = CARTESIAN_POINT('',(1.01E-02,-1.79214,-0.82));
#1093 = DIRECTION('',(0.998821572954,-4.853313714442E-02,0.));
#1094 = DIRECTION('',(-4.853313714442E-02,-0.998821572954,0.));
#1095 = ADVANCED_FACE('',(#1096),#1121,.F.);
#1096 = FACE_BOUND('',#1097,.F.);
#1097 = EDGE_LOOP('',(#1098,#1108,#1114,#1115));
#1098 = ORIENTED_EDGE('',*,*,#1099,.T.);
#1099 = EDGE_CURVE('',#1100,#1102,#1104,.T.);
#1100 = VERTEX_POINT('',#1101);
#1101 = CARTESIAN_POINT('',(12.,-9.,-0.82));
#1102 = VERTEX_POINT('',#1103);
#1103 = CARTESIAN_POINT('',(12.,-9.,0.82));
#1104 = LINE('',#1105,#1106);
#1105 = CARTESIAN_POINT('',(12.,-9.,-0.82));
#1106 = VECTOR('',#1107,1.);
#1107 = DIRECTION('',(0.,0.,1.));
#1108 = ORIENTED_EDGE('',*,*,#1109,.T.);
#1109 = EDGE_CURVE('',#1102,#1040,#1110,.T.);
#1110 = LINE('',#1111,#1112);
#1111 = CARTESIAN_POINT('',(12.,-9.,0.82));
#1112 = VECTOR('',#1113,1.);
#1113 = DIRECTION('',(0.,1.,0.));
#1114 = ORIENTED_EDGE('',*,*,#1037,.F.);
#1115 = ORIENTED_EDGE('',*,*,#1116,.F.);
#1116 = EDGE_CURVE('',#1100,#1038,#1117,.T.);
#1117 = LINE('',#1118,#1119);
#1118 = CARTESIAN_POINT('',(12.,-9.,-0.82));
#1119 = VECTOR('',#1120,1.);
#1120 = DIRECTION('',(0.,1.,0.));
#1121 = PLANE('',#1122);
#1122 = AXIS2_PLACEMENT_3D('',#1123,#1124,#1125);
#1123 = CARTESIAN_POINT('',(12.,-9.,-0.82));
#1124 = DIRECTION('',(-1.,0.,0.));
#1125 = DIRECTION('',(0.,1.,0.));
#1126 = ADVANCED_FACE('',(#1127),#1152,.F.);
#1127 = FACE_BOUND('',#1128,.F.);
#1128 = EDGE_LOOP('',(#1129,#1130,#1138,#1146));
#1129 = ORIENTED_EDGE('',*,*,#1077,.T.);
#1130 = ORIENTED_EDGE('',*,*,#1131,.T.);
#1131 = EDGE_CURVE('',#1070,#1132,#1134,.T.);
#1132 = VERTEX_POINT('',#1133);
#1133 = CARTESIAN_POINT('',(0.,-9.,0.82));
#1134 = LINE('',#1135,#1136);
#1135 = CARTESIAN_POINT('',(0.,-2.,0.82));
#1136 = VECTOR('',#1137,1.);
#1137 = DIRECTION('',(0.,-1.,0.));
#1138 = ORIENTED_EDGE('',*,*,#1139,.F.);
#1139 = EDGE_CURVE('',#1140,#1132,#1142,.T.);
#1140 = VERTEX_POINT('',#1141);
#1141 = CARTESIAN_POINT('',(0.,-9.,-0.82));
#1142 = LINE('',#1143,#1144);
#1143 = CARTESIAN_POINT('',(0.,-9.,-0.82));
#1144 = VECTOR('',#1145,1.);
#1145 = DIRECTION('',(0.,0.,1.));
#1146 = ORIENTED_EDGE('',*,*,#1147,.F.);
#1147 = EDGE_CURVE('',#1078,#1140,#1148,.T.);
#1148 = LINE('',#1149,#1150);
#1149 = CARTESIAN_POINT('',(0.,-2.,-0.82));
#1150 = VECTOR('',#1151,1.);
#1151 = DIRECTION('',(0.,-1.,0.));
#1152 = PLANE('',#1153);
#1153 = AXIS2_PLACEMENT_3D('',#1154,#1155,#1156);
#1154 = CARTESIAN_POINT('',(0.,-2.,-0.82));
#1155 = DIRECTION('',(1.,0.,-0.));
#1156 = DIRECTION('',(0.,-1.,0.));
#1157 = ADVANCED_FACE('',(#1158),#1183,.F.);
#1158 = FACE_BOUND('',#1159,.F.);
#1159 = EDGE_LOOP('',(#1160,#1170,#1176,#1177));
#1160 = ORIENTED_EDGE('',*,*,#1161,.T.);
#1161 = EDGE_CURVE('',#1162,#1164,#1166,.T.);
#1162 = VERTEX_POINT('',#1163);
#1163 = CARTESIAN_POINT('',(11.9899,-9.20786,-0.82));
#1164 = VERTEX_POINT('',#1165);
#1165 = CARTESIAN_POINT('',(11.9899,-9.20786,0.82));
#1166 = LINE('',#1167,#1168);
#1167 = CARTESIAN_POINT('',(11.9899,-9.20786,-0.82));
#1168 = VECTOR('',#1169,1.);
#1169 = DIRECTION('',(0.,0.,1.));
#1170 = ORIENTED_EDGE('',*,*,#1171,.T.);
#1171 = EDGE_CURVE('',#1164,#1102,#1172,.T.);
#1172 = LINE('',#1173,#1174);
#1173 = CARTESIAN_POINT('',(11.9899,-9.20786,0.82));
#1174 = VECTOR('',#1175,1.);
#1175 = DIRECTION('',(4.853313714442E-02,0.998821572954,0.));
#1176 = ORIENTED_EDGE('',*,*,#1099,.F.);
#1177 = ORIENTED_EDGE('',*,*,#1178,.F.);
#1178 = EDGE_CURVE('',#1162,#1100,#1179,.T.);
#1179 = LINE('',#1180,#1181);
#1180 = CARTESIAN_POINT('',(11.9899,-9.20786,-0.82));
#1181 = VECTOR('',#1182,1.);
#1182 = DIRECTION('',(4.853313714442E-02,0.998821572954,0.));
#1183 = PLANE('',#1184);
#1184 = AXIS2_PLACEMENT_3D('',#1185,#1186,#1187);
#1185 = CARTESIAN_POINT('',(11.9899,-9.20786,-0.82));
#1186 = DIRECTION('',(-0.998821572954,4.853313714442E-02,0.));
#1187 = DIRECTION('',(4.853313714442E-02,0.998821572954,0.));
#1188 = ADVANCED_FACE('',(#1189),#1214,.F.);
#1189 = FACE_BOUND('',#1190,.F.);
#1190 = EDGE_LOOP('',(#1191,#1192,#1200,#1208));
#1191 = ORIENTED_EDGE('',*,*,#1139,.T.);
#1192 = ORIENTED_EDGE('',*,*,#1193,.T.);
#1193 = EDGE_CURVE('',#1132,#1194,#1196,.T.);
#1194 = VERTEX_POINT('',#1195);
#1195 = CARTESIAN_POINT('',(1.01E-02,-9.20786,0.82));
#1196 = LINE('',#1197,#1198);
#1197 = CARTESIAN_POINT('',(0.,-9.,0.82));
#1198 = VECTOR('',#1199,1.);
#1199 = DIRECTION('',(4.853313714442E-02,-0.998821572954,0.));
#1200 = ORIENTED_EDGE('',*,*,#1201,.F.);
#1201 = EDGE_CURVE('',#1202,#1194,#1204,.T.);
#1202 = VERTEX_POINT('',#1203);
#1203 = CARTESIAN_POINT('',(1.01E-02,-9.20786,-0.82));
#1204 = LINE('',#1205,#1206);
#1205 = CARTESIAN_POINT('',(1.01E-02,-9.20786,-0.82));
#1206 = VECTOR('',#1207,1.);
#1207 = DIRECTION('',(0.,0.,1.));
#1208 = ORIENTED_EDGE('',*,*,#1209,.F.);
#1209 = EDGE_CURVE('',#1140,#1202,#1210,.T.);
#1210 = LINE('',#1211,#1212);
#1211 = CARTESIAN_POINT('',(0.,-9.,-0.82));
#1212 = VECTOR('',#1213,1.);
#1213 = DIRECTION('',(4.853313714442E-02,-0.998821572954,0.));
#1214 = PLANE('',#1215);
#1215 = AXIS2_PLACEMENT_3D('',#1216,#1217,#1218);
#1216 = CARTESIAN_POINT('',(0.,-9.,-0.82));
#1217 = DIRECTION('',(0.998821572954,4.853313714442E-02,-0.));
#1218 = DIRECTION('',(4.853313714442E-02,-0.998821572954,0.));
#1219 = ADVANCED_FACE('',(#1220),#1245,.F.);
#1220 = FACE_BOUND('',#1221,.F.);
#1221 = EDGE_LOOP('',(#1222,#1232,#1238,#1239));
#1222 = ORIENTED_EDGE('',*,*,#1223,.T.);
#1223 = EDGE_CURVE('',#1224,#1226,#1228,.T.);
#1224 = VERTEX_POINT('',#1225);
#1225 = CARTESIAN_POINT('',(11.9602,-9.40894,-0.82));
#1226 = VERTEX_POINT('',#1227);
#1227 = CARTESIAN_POINT('',(11.9602,-9.40894,0.82));
#1228 = LINE('',#1229,#1230);
#1229 = CARTESIAN_POINT('',(11.9602,-9.40894,-0.82));
#1230 = VECTOR('',#1231,1.);
#1231 = DIRECTION('',(0.,0.,1.));
#1232 = ORIENTED_EDGE('',*,*,#1233,.T.);
#1233 = EDGE_CURVE('',#1226,#1164,#1234,.T.);
#1234 = LINE('',#1235,#1236);
#1235 = CARTESIAN_POINT('',(11.9602,-9.40894,0.82));
#1236 = VECTOR('',#1237,1.);
#1237 = DIRECTION('',(0.146117160232,0.989267292235,0.));
#1238 = ORIENTED_EDGE('',*,*,#1161,.F.);
#1239 = ORIENTED_EDGE('',*,*,#1240,.F.);
#1240 = EDGE_CURVE('',#1224,#1162,#1241,.T.);
#1241 = LINE('',#1242,#1243);
#1242 = CARTESIAN_POINT('',(11.9602,-9.40894,-0.82));
#1243 = VECTOR('',#1244,1.);
#1244 = DIRECTION('',(0.146117160232,0.989267292235,0.));
#1245 = PLANE('',#1246);
#1246 = AXIS2_PLACEMENT_3D('',#1247,#1248,#1249);
#1247 = CARTESIAN_POINT('',(11.9602,-9.40894,-0.82));
#1248 = DIRECTION('',(-0.989267292235,0.146117160232,0.));
#1249 = DIRECTION('',(0.146117160232,0.989267292235,0.));
#1250 = ADVANCED_FACE('',(#1251),#1276,.F.);
#1251 = FACE_BOUND('',#1252,.F.);
#1252 = EDGE_LOOP('',(#1253,#1254,#1262,#1270));
#1253 = ORIENTED_EDGE('',*,*,#1201,.T.);
#1254 = ORIENTED_EDGE('',*,*,#1255,.T.);
#1255 = EDGE_CURVE('',#1194,#1256,#1258,.T.);
#1256 = VERTEX_POINT('',#1257);
#1257 = CARTESIAN_POINT('',(3.98E-02,-9.40894,0.82));
#1258 = LINE('',#1259,#1260);
#1259 = CARTESIAN_POINT('',(1.01E-02,-9.20786,0.82));
#1260 = VECTOR('',#1261,1.);
#1261 = DIRECTION('',(0.146117160232,-0.989267292235,0.));
#1262 = ORIENTED_EDGE('',*,*,#1263,.F.);
#1263 = EDGE_CURVE('',#1264,#1256,#1266,.T.);
#1264 = VERTEX_POINT('',#1265);
#1265 = CARTESIAN_POINT('',(3.98E-02,-9.40894,-0.82));
#1266 = LINE('',#1267,#1268);
#1267 = CARTESIAN_POINT('',(3.98E-02,-9.40894,-0.82));
#1268 = VECTOR('',#1269,1.);
#1269 = DIRECTION('',(0.,0.,1.));
#1270 = ORIENTED_EDGE('',*,*,#1271,.F.);
#1271 = EDGE_CURVE('',#1202,#1264,#1272,.T.);
#1272 = LINE('',#1273,#1274);
#1273 = CARTESIAN_POINT('',(1.01E-02,-9.20786,-0.82));
#1274 = VECTOR('',#1275,1.);
#1275 = DIRECTION('',(0.146117160232,-0.989267292235,0.));
#1276 = PLANE('',#1277);
#1277 = AXIS2_PLACEMENT_3D('',#1278,#1279,#1280);
#1278 = CARTESIAN_POINT('',(1.01E-02,-9.20786,-0.82));
#1279 = DIRECTION('',(0.989267292235,0.146117160232,-0.));
#1280 = DIRECTION('',(0.146117160232,-0.989267292235,0.));
#1281 = ADVANCED_FACE('',(#1282),#1307,.F.);
#1282 = FACE_BOUND('',#1283,.F.);
#1283 = EDGE_LOOP('',(#1284,#1294,#1300,#1301));
#1284 = ORIENTED_EDGE('',*,*,#1285,.T.);
#1285 = EDGE_CURVE('',#1286,#1288,#1290,.T.);
#1286 = VERTEX_POINT('',#1287);
#1287 = CARTESIAN_POINT('',(11.91183,-9.60233,-0.82));
#1288 = VERTEX_POINT('',#1289);
#1289 = CARTESIAN_POINT('',(11.91183,-9.60233,0.82));
#1290 = LINE('',#1291,#1292);
#1291 = CARTESIAN_POINT('',(11.91183,-9.60233,-0.82));
#1292 = VECTOR('',#1293,1.);
#1293 = DIRECTION('',(0.,0.,1.));
#1294 = ORIENTED_EDGE('',*,*,#1295,.T.);
#1295 = EDGE_CURVE('',#1288,#1226,#1296,.T.);
#1296 = LINE('',#1297,#1298);
#1297 = CARTESIAN_POINT('',(11.91183,-9.60233,0.82));
#1298 = VECTOR('',#1299,1.);
#1299 = DIRECTION('',(0.24264185261,0.970115937073,0.));
#1300 = ORIENTED_EDGE('',*,*,#1223,.F.);
#1301 = ORIENTED_EDGE('',*,*,#1302,.F.);
#1302 = EDGE_CURVE('',#1286,#1224,#1303,.T.);
#1303 = LINE('',#1304,#1305);
#1304 = CARTESIAN_POINT('',(11.91183,-9.60233,-0.82));
#1305 = VECTOR('',#1306,1.);
#1306 = DIRECTION('',(0.24264185261,0.970115937073,0.));
#1307 = PLANE('',#1308);
#1308 = AXIS2_PLACEMENT_3D('',#1309,#1310,#1311);
#1309 = CARTESIAN_POINT('',(11.91183,-9.60233,-0.82));
#1310 = DIRECTION('',(-0.970115937073,0.24264185261,0.));
#1311 = DIRECTION('',(0.24264185261,0.970115937073,0.));
#1312 = ADVANCED_FACE('',(#1313),#1338,.F.);
#1313 = FACE_BOUND('',#1314,.F.);
#1314 = EDGE_LOOP('',(#1315,#1316,#1324,#1332));
#1315 = ORIENTED_EDGE('',*,*,#1263,.T.);
#1316 = ORIENTED_EDGE('',*,*,#1317,.T.);
#1317 = EDGE_CURVE('',#1256,#1318,#1320,.T.);
#1318 = VERTEX_POINT('',#1319);
#1319 = CARTESIAN_POINT('',(8.817E-02,-9.60233,0.82));
#1320 = LINE('',#1321,#1322);
#1321 = CARTESIAN_POINT('',(3.98E-02,-9.40894,0.82));
#1322 = VECTOR('',#1323,1.);
#1323 = DIRECTION('',(0.24264185261,-0.970115937073,0.));
#1324 = ORIENTED_EDGE('',*,*,#1325,.F.);
#1325 = EDGE_CURVE('',#1326,#1318,#1328,.T.);
#1326 = VERTEX_POINT('',#1327);
#1327 = CARTESIAN_POINT('',(8.817E-02,-9.60233,-0.82));
#1328 = LINE('',#1329,#1330);
#1329 = CARTESIAN_POINT('',(8.817E-02,-9.60233,-0.82));
#1330 = VECTOR('',#1331,1.);
#1331 = DIRECTION('',(0.,0.,1.));
#1332 = ORIENTED_EDGE('',*,*,#1333,.F.);
#1333 = EDGE_CURVE('',#1264,#1326,#1334,.T.);
#1334 = LINE('',#1335,#1336);
#1335 = CARTESIAN_POINT('',(3.98E-02,-9.40894,-0.82));
#1336 = VECTOR('',#1337,1.);
#1337 = DIRECTION('',(0.24264185261,-0.970115937073,0.));
#1338 = PLANE('',#1339);
#1339 = AXIS2_PLACEMENT_3D('',#1340,#1341,#1342);
#1340 = CARTESIAN_POINT('',(3.98E-02,-9.40894,-0.82));
#1341 = DIRECTION('',(0.970115937073,0.24264185261,-0.));
#1342 = DIRECTION('',(0.24264185261,-0.970115937073,0.));
#1343 = ADVANCED_FACE('',(#1344),#1369,.F.);
#1344 = FACE_BOUND('',#1345,.F.);
#1345 = EDGE_LOOP('',(#1346,#1356,#1362,#1363));
#1346 = ORIENTED_EDGE('',*,*,#1347,.T.);
#1347 = EDGE_CURVE('',#1348,#1350,#1352,.T.);
#1348 = VERTEX_POINT('',#1349);
#1349 = CARTESIAN_POINT('',(11.8457,-9.78711,-0.82));
#1350 = VERTEX_POINT('',#1351);
#1351 = CARTESIAN_POINT('',(11.8457,-9.78711,0.82));
#1352 = LINE('',#1353,#1354);
#1353 = CARTESIAN_POINT('',(11.8457,-9.78711,-0.82));
#1354 = VECTOR('',#1355,1.);
#1355 = DIRECTION('',(0.,0.,1.));
#1356 = ORIENTED_EDGE('',*,*,#1357,.T.);
#1357 = EDGE_CURVE('',#1350,#1288,#1358,.T.);
#1358 = LINE('',#1359,#1360);
#1359 = CARTESIAN_POINT('',(11.8457,-9.78711,0.82));
#1360 = VECTOR('',#1361,1.);
#1361 = DIRECTION('',(0.336956067339,0.941520370828,0.));
#1362 = ORIENTED_EDGE('',*,*,#1285,.F.);
#1363 = ORIENTED_EDGE('',*,*,#1364,.F.);
#1364 = EDGE_CURVE('',#1348,#1286,#1365,.T.);
#1365 = LINE('',#1366,#1367);
#1366 = CARTESIAN_POINT('',(11.8457,-9.78711,-0.82));
#1367 = VECTOR('',#1368,1.);
#1368 = DIRECTION('',(0.336956067339,0.941520370828,0.));
#1369 = PLANE('',#1370);
#1370 = AXIS2_PLACEMENT_3D('',#1371,#1372,#1373);
#1371 = CARTESIAN_POINT('',(11.8457,-9.78711,-0.82));
#1372 = DIRECTION('',(-0.941520370828,0.336956067339,0.));
#1373 = DIRECTION('',(0.336956067339,0.941520370828,0.));
#1374 = ADVANCED_FACE('',(#1375),#1400,.F.);
#1375 = FACE_BOUND('',#1376,.F.);
#1376 = EDGE_LOOP('',(#1377,#1378,#1386,#1394));
#1377 = ORIENTED_EDGE('',*,*,#1325,.T.);
#1378 = ORIENTED_EDGE('',*,*,#1379,.T.);
#1379 = EDGE_CURVE('',#1318,#1380,#1382,.T.);
#1380 = VERTEX_POINT('',#1381);
#1381 = CARTESIAN_POINT('',(0.1543,-9.78711,0.82));
#1382 = LINE('',#1383,#1384);
#1383 = CARTESIAN_POINT('',(8.817E-02,-9.60233,0.82));
#1384 = VECTOR('',#1385,1.);
#1385 = DIRECTION('',(0.336956067339,-0.941520370828,0.));
#1386 = ORIENTED_EDGE('',*,*,#1387,.F.);
#1387 = EDGE_CURVE('',#1388,#1380,#1390,.T.);
#1388 = VERTEX_POINT('',#1389);
#1389 = CARTESIAN_POINT('',(0.1543,-9.78711,-0.82));
#1390 = LINE('',#1391,#1392);
#1391 = CARTESIAN_POINT('',(0.1543,-9.78711,-0.82));
#1392 = VECTOR('',#1393,1.);
#1393 = DIRECTION('',(0.,0.,1.));
#1394 = ORIENTED_EDGE('',*,*,#1395,.F.);
#1395 = EDGE_CURVE('',#1326,#1388,#1396,.T.);
#1396 = LINE('',#1397,#1398);
#1397 = CARTESIAN_POINT('',(8.817E-02,-9.60233,-0.82));
#1398 = VECTOR('',#1399,1.);
#1399 = DIRECTION('',(0.336956067339,-0.941520370828,0.));
#1400 = PLANE('',#1401);
#1401 = AXIS2_PLACEMENT_3D('',#1402,#1403,#1404);
#1402 = CARTESIAN_POINT('',(8.817E-02,-9.60233,-0.82));
#1403 = DIRECTION('',(0.941520370828,0.336956067339,-0.));
#1404 = DIRECTION('',(0.336956067339,-0.941520370828,0.));
#1405 = ADVANCED_FACE('',(#1406),#1431,.F.);
#1406 = FACE_BOUND('',#1407,.F.);
#1407 = EDGE_LOOP('',(#1408,#1418,#1424,#1425));
#1408 = ORIENTED_EDGE('',*,*,#1409,.T.);
#1409 = EDGE_CURVE('',#1410,#1412,#1414,.T.);
#1410 = VERTEX_POINT('',#1411);
#1411 = CARTESIAN_POINT('',(11.76273,-9.96237,-0.82));
#1412 = VERTEX_POINT('',#1413);
#1413 = CARTESIAN_POINT('',(11.76273,-9.96237,0.82));
#1414 = LINE('',#1415,#1416);
#1415 = CARTESIAN_POINT('',(11.76273,-9.96237,-0.82));
#1416 = VECTOR('',#1417,1.);
#1417 = DIRECTION('',(0.,0.,1.));
#1418 = ORIENTED_EDGE('',*,*,#1419,.T.);
#1419 = EDGE_CURVE('',#1412,#1350,#1420,.T.);
#1420 = LINE('',#1421,#1422);
#1421 = CARTESIAN_POINT('',(11.76273,-9.96237,0.82));
#1422 = VECTOR('',#1423,1.);
#1423 = DIRECTION('',(0.42788460045,0.90383337441,0.));
#1424 = ORIENTED_EDGE('',*,*,#1347,.F.);
#1425 = ORIENTED_EDGE('',*,*,#1426,.F.);
#1426 = EDGE_CURVE('',#1410,#1348,#1427,.T.);
#1427 = LINE('',#1428,#1429);
#1428 = CARTESIAN_POINT('',(11.76273,-9.96237,-0.82));
#1429 = VECTOR('',#1430,1.);
#1430 = DIRECTION('',(0.42788460045,0.90383337441,0.));
#1431 = PLANE('',#1432);
#1432 = AXIS2_PLACEMENT_3D('',#1433,#1434,#1435);
#1433 = CARTESIAN_POINT('',(11.76273,-9.96237,-0.82));
#1434 = DIRECTION('',(-0.90383337441,0.42788460045,0.));
#1435 = DIRECTION('',(0.42788460045,0.90383337441,0.));
#1436 = ADVANCED_FACE('',(#1437),#1462,.F.);
#1437 = FACE_BOUND('',#1438,.F.);
#1438 = EDGE_LOOP('',(#1439,#1440,#1448,#1456));
#1439 = ORIENTED_EDGE('',*,*,#1387,.T.);
#1440 = ORIENTED_EDGE('',*,*,#1441,.T.);
#1441 = EDGE_CURVE('',#1380,#1442,#1444,.T.);
#1442 = VERTEX_POINT('',#1443);
#1443 = CARTESIAN_POINT('',(0.23728,-9.96237,0.82));
#1444 = LINE('',#1445,#1446);
#1445 = CARTESIAN_POINT('',(0.1543,-9.78711,0.82));
#1446 = VECTOR('',#1447,1.);
#1447 = DIRECTION('',(0.427926728168,-0.903813429486,0.));
#1448 = ORIENTED_EDGE('',*,*,#1449,.F.);
#1449 = EDGE_CURVE('',#1450,#1442,#1452,.T.);
#1450 = VERTEX_POINT('',#1451);
#1451 = CARTESIAN_POINT('',(0.23728,-9.96237,-0.82));
#1452 = LINE('',#1453,#1454);
#1453 = CARTESIAN_POINT('',(0.23728,-9.96237,-0.82));
#1454 = VECTOR('',#1455,1.);
#1455 = DIRECTION('',(0.,0.,1.));
#1456 = ORIENTED_EDGE('',*,*,#1457,.F.);
#1457 = EDGE_CURVE('',#1388,#1450,#1458,.T.);
#1458 = LINE('',#1459,#1460);
#1459 = CARTESIAN_POINT('',(0.1543,-9.78711,-0.82));
#1460 = VECTOR('',#1461,1.);
#1461 = DIRECTION('',(0.427926728168,-0.903813429486,0.));
#1462 = PLANE('',#1463);
#1463 = AXIS2_PLACEMENT_3D('',#1464,#1465,#1466);
#1464 = CARTESIAN_POINT('',(0.1543,-9.78711,-0.82));
#1465 = DIRECTION('',(0.903813429486,0.427926728168,-0.));
#1466 = DIRECTION('',(0.427926728168,-0.903813429486,0.));
#1467 = ADVANCED_FACE('',(#1468),#1493,.F.);
#1468 = FACE_BOUND('',#1469,.F.);
#1469 = EDGE_LOOP('',(#1470,#1480,#1486,#1487));
#1470 = ORIENTED_EDGE('',*,*,#1471,.T.);
#1471 = EDGE_CURVE('',#1472,#1474,#1476,.T.);
#1472 = VERTEX_POINT('',#1473);
#1473 = CARTESIAN_POINT('',(11.66382,-10.1272,-0.82));
#1474 = VERTEX_POINT('',#1475);
#1475 = CARTESIAN_POINT('',(11.66382,-10.1272,0.82));
#1476 = LINE('',#1477,#1478);
#1477 = CARTESIAN_POINT('',(11.66382,-10.1272,-0.82));
#1478 = VECTOR('',#1479,1.);
#1479 = DIRECTION('',(0.,0.,1.));
#1480 = ORIENTED_EDGE('',*,*,#1481,.T.);
#1481 = EDGE_CURVE('',#1474,#1412,#1482,.T.);
#1482 = LINE('',#1483,#1484);
#1483 = CARTESIAN_POINT('',(11.66382,-10.1272,0.82));
#1484 = VECTOR('',#1485,1.);
#1485 = DIRECTION('',(0.514541655746,0.857465383851,0.));
#1486 = ORIENTED_EDGE('',*,*,#1409,.F.);
#1487 = ORIENTED_EDGE('',*,*,#1488,.F.);
#1488 = EDGE_CURVE('',#1472,#1410,#1489,.T.);
#1489 = LINE('',#1490,#1491);
#1490 = CARTESIAN_POINT('',(11.66382,-10.1272,-0.82));
#1491 = VECTOR('',#1492,1.);
#1492 = DIRECTION('',(0.514541655746,0.857465383851,0.));
#1493 = PLANE('',#1494);
#1494 = AXIS2_PLACEMENT_3D('',#1495,#1496,#1497);
#1495 = CARTESIAN_POINT('',(11.66382,-10.1272,-0.82));
#1496 = DIRECTION('',(-0.857465383851,0.514541655746,0.));
#1497 = DIRECTION('',(0.514541655746,0.857465383851,0.));
#1498 = ADVANCED_FACE('',(#1499),#1524,.F.);
#1499 = FACE_BOUND('',#1500,.F.);
#1500 = EDGE_LOOP('',(#1501,#1502,#1510,#1518));
#1501 = ORIENTED_EDGE('',*,*,#1449,.T.);
#1502 = ORIENTED_EDGE('',*,*,#1503,.T.);
#1503 = EDGE_CURVE('',#1442,#1504,#1506,.T.);
#1504 = VERTEX_POINT('',#1505);
#1505 = CARTESIAN_POINT('',(0.33618,-10.1272,0.82));
#1506 = LINE('',#1507,#1508);
#1507 = CARTESIAN_POINT('',(0.23728,-9.96237,0.82));
#1508 = VECTOR('',#1509,1.);
#1509 = DIRECTION('',(0.514503405788,-0.85748833545,0.));
#1510 = ORIENTED_EDGE('',*,*,#1511,.F.);
#1511 = EDGE_CURVE('',#1512,#1504,#1514,.T.);
#1512 = VERTEX_POINT('',#1513);
#1513 = CARTESIAN_POINT('',(0.33618,-10.1272,-0.82));
#1514 = LINE('',#1515,#1516);
#1515 = CARTESIAN_POINT('',(0.33618,-10.1272,-0.82));
#1516 = VECTOR('',#1517,1.);
#1517 = DIRECTION('',(0.,0.,1.));
#1518 = ORIENTED_EDGE('',*,*,#1519,.F.);
#1519 = EDGE_CURVE('',#1450,#1512,#1520,.T.);
#1520 = LINE('',#1521,#1522);
#1521 = CARTESIAN_POINT('',(0.23728,-9.96237,-0.82));
#1522 = VECTOR('',#1523,1.);
#1523 = DIRECTION('',(0.514503405788,-0.85748833545,0.));
#1524 = PLANE('',#1525);
#1525 = AXIS2_PLACEMENT_3D('',#1526,#1527,#1528);
#1526 = CARTESIAN_POINT('',(0.23728,-9.96237,-0.82));
#1527 = DIRECTION('',(0.85748833545,0.514503405788,-0.));
#1528 = DIRECTION('',(0.514503405788,-0.85748833545,0.));
#1529 = ADVANCED_FACE('',(#1530),#1555,.F.);
#1530 = FACE_BOUND('',#1531,.F.);
#1531 = EDGE_LOOP('',(#1532,#1542,#1548,#1549));
#1532 = ORIENTED_EDGE('',*,*,#1533,.T.);
#1533 = EDGE_CURVE('',#1534,#1536,#1538,.T.);
#1534 = VERTEX_POINT('',#1535);
#1535 = CARTESIAN_POINT('',(11.5499,-10.28067,-0.82));
#1536 = VERTEX_POINT('',#1537);
#1537 = CARTESIAN_POINT('',(11.5499,-10.28067,0.82));
#1538 = LINE('',#1539,#1540);
#1539 = CARTESIAN_POINT('',(11.5499,-10.28067,-0.82));
#1540 = VECTOR('',#1541,1.);
#1541 = DIRECTION('',(0.,0.,1.));
#1542 = ORIENTED_EDGE('',*,*,#1543,.T.);
#1543 = EDGE_CURVE('',#1536,#1474,#1544,.T.);
#1544 = LINE('',#1545,#1546);
#1545 = CARTESIAN_POINT('',(11.5499,-10.28067,0.82));
#1546 = VECTOR('',#1547,1.);
#1547 = DIRECTION('',(0.596033049108,0.802959902094,0.));
#1548 = ORIENTED_EDGE('',*,*,#1471,.F.);
#1549 = ORIENTED_EDGE('',*,*,#1550,.F.);
#1550 = EDGE_CURVE('',#1534,#1472,#1551,.T.);
#1551 = LINE('',#1552,#1553);
#1552 = CARTESIAN_POINT('',(11.5499,-10.28067,-0.82));
#1553 = VECTOR('',#1554,1.);
#1554 = DIRECTION('',(0.596033049108,0.802959902094,0.));
#1555 = PLANE('',#1556);
#1556 = AXIS2_PLACEMENT_3D('',#1557,#1558,#1559);
#1557 = CARTESIAN_POINT('',(11.5499,-10.28067,-0.82));
#1558 = DIRECTION('',(-0.802959902094,0.596033049108,0.));
#1559 = DIRECTION('',(0.596033049108,0.802959902094,0.));
#1560 = ADVANCED_FACE('',(#1561),#1586,.F.);
#1561 = FACE_BOUND('',#1562,.F.);
#1562 = EDGE_LOOP('',(#1563,#1564,#1572,#1580));
#1563 = ORIENTED_EDGE('',*,*,#1511,.T.);
#1564 = ORIENTED_EDGE('',*,*,#1565,.T.);
#1565 = EDGE_CURVE('',#1504,#1566,#1568,.T.);
#1566 = VERTEX_POINT('',#1567);
#1567 = CARTESIAN_POINT('',(0.45011,-10.28067,0.82));
#1568 = LINE('',#1569,#1570);
#1569 = CARTESIAN_POINT('',(0.33618,-10.1272,0.82));
#1570 = VECTOR('',#1571,1.);
#1571 = DIRECTION('',(0.596066780772,-0.802934862153,0.));
#1572 = ORIENTED_EDGE('',*,*,#1573,.F.);
#1573 = EDGE_CURVE('',#1574,#1566,#1576,.T.);
#1574 = VERTEX_POINT('',#1575);
#1575 = CARTESIAN_POINT('',(0.45011,-10.28067,-0.82));
#1576 = LINE('',#1577,#1578);
#1577 = CARTESIAN_POINT('',(0.45011,-10.28067,-0.82));
#1578 = VECTOR('',#1579,1.);
#1579 = DIRECTION('',(0.,0.,1.));
#1580 = ORIENTED_EDGE('',*,*,#1581,.F.);
#1581 = EDGE_CURVE('',#1512,#1574,#1582,.T.);
#1582 = LINE('',#1583,#1584);
#1583 = CARTESIAN_POINT('',(0.33618,-10.1272,-0.82));
#1584 = VECTOR('',#1585,1.);
#1585 = DIRECTION('',(0.596066780772,-0.802934862153,0.));
#1586 = PLANE('',#1587);
#1587 = AXIS2_PLACEMENT_3D('',#1588,#1589,#1590);
#1588 = CARTESIAN_POINT('',(0.33618,-10.1272,-0.82));
#1589 = DIRECTION('',(0.802934862153,0.596066780772,-0.));
#1590 = DIRECTION('',(0.596066780772,-0.802934862153,0.));
#1591 = ADVANCED_FACE('',(#1592),#1617,.F.);
#1592 = FACE_BOUND('',#1593,.F.);
#1593 = EDGE_LOOP('',(#1594,#1604,#1610,#1611));
#1594 = ORIENTED_EDGE('',*,*,#1595,.T.);
#1595 = EDGE_CURVE('',#1596,#1598,#1600,.T.);
#1596 = VERTEX_POINT('',#1597);
#1597 = CARTESIAN_POINT('',(11.42188,-10.42188,-0.82));
#1598 = VERTEX_POINT('',#1599);
#1599 = CARTESIAN_POINT('',(11.42188,-10.42188,0.82));
#1600 = LINE('',#1601,#1602);
#1601 = CARTESIAN_POINT('',(11.42188,-10.42188,-0.82));
#1602 = VECTOR('',#1603,1.);
#1603 = DIRECTION('',(0.,0.,1.));
#1604 = ORIENTED_EDGE('',*,*,#1605,.T.);
#1605 = EDGE_CURVE('',#1598,#1536,#1606,.T.);
#1606 = LINE('',#1607,#1608);
#1607 = CARTESIAN_POINT('',(11.42188,-10.42188,0.82));
#1608 = VECTOR('',#1609,1.);
#1609 = DIRECTION('',(0.671658944833,0.740860487423,0.));
#1610 = ORIENTED_EDGE('',*,*,#1533,.F.);
#1611 = ORIENTED_EDGE('',*,*,#1612,.F.);
#1612 = EDGE_CURVE('',#1596,#1534,#1613,.T.);
#1613 = LINE('',#1614,#1615);
#1614 = CARTESIAN_POINT('',(11.42188,-10.42188,-0.82));
#1615 = VECTOR('',#1616,1.);
#1616 = DIRECTION('',(0.671658944833,0.740860487423,0.));
#1617 = PLANE('',#1618);
#1618 = AXIS2_PLACEMENT_3D('',#1619,#1620,#1621);
#1619 = CARTESIAN_POINT('',(11.42188,-10.42188,-0.82));
#1620 = DIRECTION('',(-0.740860487423,0.671658944833,0.));
#1621 = DIRECTION('',(0.671658944833,0.740860487423,0.));
#1622 = ADVANCED_FACE('',(#1623),#1648,.F.);
#1623 = FACE_BOUND('',#1624,.F.);
#1624 = EDGE_LOOP('',(#1625,#1626,#1634,#1642));
#1625 = ORIENTED_EDGE('',*,*,#1573,.T.);
#1626 = ORIENTED_EDGE('',*,*,#1627,.T.);
#1627 = EDGE_CURVE('',#1566,#1628,#1630,.T.);
#1628 = VERTEX_POINT('',#1629);
#1629 = CARTESIAN_POINT('',(0.57813,-10.42188,0.82));
#1630 = LINE('',#1631,#1632);
#1631 = CARTESIAN_POINT('',(0.45011,-10.28067,0.82));
#1632 = VECTOR('',#1633,1.);
#1633 = DIRECTION('',(0.671658944833,-0.740860487423,0.));
#1634 = ORIENTED_EDGE('',*,*,#1635,.F.);
#1635 = EDGE_CURVE('',#1636,#1628,#1638,.T.);
#1636 = VERTEX_POINT('',#1637);
#1637 = CARTESIAN_POINT('',(0.57813,-10.42188,-0.82));
#1638 = LINE('',#1639,#1640);
#1639 = CARTESIAN_POINT('',(0.57813,-10.42188,-0.82));
#1640 = VECTOR('',#1641,1.);
#1641 = DIRECTION('',(0.,0.,1.));
#1642 = ORIENTED_EDGE('',*,*,#1643,.F.);
#1643 = EDGE_CURVE('',#1574,#1636,#1644,.T.);
#1644 = LINE('',#1645,#1646);
#1645 = CARTESIAN_POINT('',(0.45011,-10.28067,-0.82));
#1646 = VECTOR('',#1647,1.);
#1647 = DIRECTION('',(0.671658944833,-0.740860487423,0.));
#1648 = PLANE('',#1649);
#1649 = AXIS2_PLACEMENT_3D('',#1650,#1651,#1652);
#1650 = CARTESIAN_POINT('',(0.45011,-10.28067,-0.82));
#1651 = DIRECTION('',(0.740860487423,0.671658944833,-0.));
#1652 = DIRECTION('',(0.671658944833,-0.740860487423,0.));
#1653 = ADVANCED_FACE('',(#1654),#1679,.F.);
#1654 = FACE_BOUND('',#1655,.F.);
#1655 = EDGE_LOOP('',(#1656,#1666,#1672,#1673));
#1656 = ORIENTED_EDGE('',*,*,#1657,.T.);
#1657 = EDGE_CURVE('',#1658,#1660,#1662,.T.);
#1658 = VERTEX_POINT('',#1659);
#1659 = CARTESIAN_POINT('',(11.28067,-10.5499,-0.82));
#1660 = VERTEX_POINT('',#1661);
#1661 = CARTESIAN_POINT('',(11.28067,-10.5499,0.82));
#1662 = LINE('',#1663,#1664);
#1663 = CARTESIAN_POINT('',(11.28067,-10.5499,-0.82));
#1664 = VECTOR('',#1665,1.);
#1665 = DIRECTION('',(0.,0.,1.));
#1666 = ORIENTED_EDGE('',*,*,#1667,.T.);
#1667 = EDGE_CURVE('',#1660,#1598,#1668,.T.);
#1668 = LINE('',#1669,#1670);
#1669 = CARTESIAN_POINT('',(11.28067,-10.5499,0.82));
#1670 = VECTOR('',#1671,1.);
#1671 = DIRECTION('',(0.740860487423,0.671658944833,0.));
#1672 = ORIENTED_EDGE('',*,*,#1595,.F.);
#1673 = ORIENTED_EDGE('',*,*,#1674,.F.);
#1674 = EDGE_CURVE('',#1658,#1596,#1675,.T.);
#1675 = LINE('',#1676,#1677);
#1676 = CARTESIAN_POINT('',(11.28067,-10.5499,-0.82));
#1677 = VECTOR('',#1678,1.);
#1678 = DIRECTION('',(0.740860487423,0.671658944833,0.));
#1679 = PLANE('',#1680);
#1680 = AXIS2_PLACEMENT_3D('',#1681,#1682,#1683);
#1681 = CARTESIAN_POINT('',(11.28067,-10.5499,-0.82));
#1682 = DIRECTION('',(-0.671658944833,0.740860487423,0.));
#1683 = DIRECTION('',(0.740860487423,0.671658944833,0.));
#1684 = ADVANCED_FACE('',(#1685),#1710,.F.);
#1685 = FACE_BOUND('',#1686,.F.);
#1686 = EDGE_LOOP('',(#1687,#1688,#1696,#1704));
#1687 = ORIENTED_EDGE('',*,*,#1635,.T.);
#1688 = ORIENTED_EDGE('',*,*,#1689,.T.);
#1689 = EDGE_CURVE('',#1628,#1690,#1692,.T.);
#1690 = VERTEX_POINT('',#1691);
#1691 = CARTESIAN_POINT('',(0.71933,-10.5499,0.82));
#1692 = LINE('',#1693,#1694);
#1693 = CARTESIAN_POINT('',(0.57813,-10.42188,0.82));
#1694 = VECTOR('',#1695,1.);
#1695 = DIRECTION('',(0.74083681766,-0.671685052386,0.));
#1696 = ORIENTED_EDGE('',*,*,#1697,.F.);
#1697 = EDGE_CURVE('',#1698,#1690,#1700,.T.);
#1698 = VERTEX_POINT('',#1699);
#1699 = CARTESIAN_POINT('',(0.71933,-10.5499,-0.82));
#1700 = LINE('',#1701,#1702);
#1701 = CARTESIAN_POINT('',(0.71933,-10.5499,-0.82));
#1702 = VECTOR('',#1703,1.);
#1703 = DIRECTION('',(0.,0.,1.));
#1704 = ORIENTED_EDGE('',*,*,#1705,.F.);
#1705 = EDGE_CURVE('',#1636,#1698,#1706,.T.);
#1706 = LINE('',#1707,#1708);
#1707 = CARTESIAN_POINT('',(0.57813,-10.42188,-0.82));
#1708 = VECTOR('',#1709,1.);
#1709 = DIRECTION('',(0.74083681766,-0.671685052386,0.));
#1710 = PLANE('',#1711);
#1711 = AXIS2_PLACEMENT_3D('',#1712,#1713,#1714);
#1712 = CARTESIAN_POINT('',(0.57813,-10.42188,-0.82));
#1713 = DIRECTION('',(0.671685052386,0.74083681766,-0.));
#1714 = DIRECTION('',(0.74083681766,-0.671685052386,0.));
#1715 = ADVANCED_FACE('',(#1716),#1741,.F.);
#1716 = FACE_BOUND('',#1717,.F.);
#1717 = EDGE_LOOP('',(#1718,#1728,#1734,#1735));
#1718 = ORIENTED_EDGE('',*,*,#1719,.T.);
#1719 = EDGE_CURVE('',#1720,#1722,#1724,.T.);
#1720 = VERTEX_POINT('',#1721);
#1721 = CARTESIAN_POINT('',(11.1272,-10.66382,-0.82));
#1722 = VERTEX_POINT('',#1723);
#1723 = CARTESIAN_POINT('',(11.1272,-10.66382,0.82));
#1724 = LINE('',#1725,#1726);
#1725 = CARTESIAN_POINT('',(11.1272,-10.66382,-0.82));
#1726 = VECTOR('',#1727,1.);
#1727 = DIRECTION('',(0.,0.,1.));
#1728 = ORIENTED_EDGE('',*,*,#1729,.T.);
#1729 = EDGE_CURVE('',#1722,#1660,#1730,.T.);
#1730 = LINE('',#1731,#1732);
#1731 = CARTESIAN_POINT('',(11.1272,-10.66382,0.82));
#1732 = VECTOR('',#1733,1.);
#1733 = DIRECTION('',(0.802959902094,0.596033049108,0.));
#1734 = ORIENTED_EDGE('',*,*,#1657,.F.);
#1735 = ORIENTED_EDGE('',*,*,#1736,.F.);
#1736 = EDGE_CURVE('',#1720,#1658,#1737,.T.);
#1737 = LINE('',#1738,#1739);
#1738 = CARTESIAN_POINT('',(11.1272,-10.66382,-0.82));
#1739 = VECTOR('',#1740,1.);
#1740 = DIRECTION('',(0.802959902094,0.596033049108,0.));
#1741 = PLANE('',#1742);
#1742 = AXIS2_PLACEMENT_3D('',#1743,#1744,#1745);
#1743 = CARTESIAN_POINT('',(11.1272,-10.66382,-0.82));
#1744 = DIRECTION('',(-0.596033049108,0.802959902094,0.));
#1745 = DIRECTION('',(0.802959902094,0.596033049108,0.));
#1746 = ADVANCED_FACE('',(#1747),#1772,.F.);
#1747 = FACE_BOUND('',#1748,.F.);
#1748 = EDGE_LOOP('',(#1749,#1750,#1758,#1766));
#1749 = ORIENTED_EDGE('',*,*,#1697,.T.);
#1750 = ORIENTED_EDGE('',*,*,#1751,.T.);
#1751 = EDGE_CURVE('',#1690,#1752,#1754,.T.);
#1752 = VERTEX_POINT('',#1753);
#1753 = CARTESIAN_POINT('',(0.8728,-10.66382,0.82));
#1754 = LINE('',#1755,#1756);
#1755 = CARTESIAN_POINT('',(0.71933,-10.5499,0.82));
#1756 = VECTOR('',#1757,1.);
#1757 = DIRECTION('',(0.802959902094,-0.596033049108,0.));
#1758 = ORIENTED_EDGE('',*,*,#1759,.F.);
#1759 = EDGE_CURVE('',#1760,#1752,#1762,.T.);
#1760 = VERTEX_POINT('',#1761);
#1761 = CARTESIAN_POINT('',(0.8728,-10.66382,-0.82));
#1762 = LINE('',#1763,#1764);
#1763 = CARTESIAN_POINT('',(0.8728,-10.66382,-0.82));
#1764 = VECTOR('',#1765,1.);
#1765 = DIRECTION('',(0.,0.,1.));
#1766 = ORIENTED_EDGE('',*,*,#1767,.F.);
#1767 = EDGE_CURVE('',#1698,#1760,#1768,.T.);
#1768 = LINE('',#1769,#1770);
#1769 = CARTESIAN_POINT('',(0.71933,-10.5499,-0.82));
#1770 = VECTOR('',#1771,1.);
#1771 = DIRECTION('',(0.802959902094,-0.596033049108,0.));
#1772 = PLANE('',#1773);
#1773 = AXIS2_PLACEMENT_3D('',#1774,#1775,#1776);
#1774 = CARTESIAN_POINT('',(0.71933,-10.5499,-0.82));
#1775 = DIRECTION('',(0.596033049108,0.802959902094,-0.));
#1776 = DIRECTION('',(0.802959902094,-0.596033049108,0.));
#1777 = ADVANCED_FACE('',(#1778),#1803,.F.);
#1778 = FACE_BOUND('',#1779,.F.);
#1779 = EDGE_LOOP('',(#1780,#1790,#1796,#1797));
#1780 = ORIENTED_EDGE('',*,*,#1781,.T.);
#1781 = EDGE_CURVE('',#1782,#1784,#1786,.T.);
#1782 = VERTEX_POINT('',#1783);
#1783 = CARTESIAN_POINT('',(10.96237,-10.76273,-0.82));
#1784 = VERTEX_POINT('',#1785);
#1785 = CARTESIAN_POINT('',(10.96237,-10.76273,0.82));
#1786 = LINE('',#1787,#1788);
#1787 = CARTESIAN_POINT('',(10.96237,-10.76273,-0.82));
#1788 = VECTOR('',#1789,1.);
#1789 = DIRECTION('',(0.,0.,1.));
#1790 = ORIENTED_EDGE('',*,*,#1791,.T.);
#1791 = EDGE_CURVE('',#1784,#1722,#1792,.T.);
#1792 = LINE('',#1793,#1794);
#1793 = CARTESIAN_POINT('',(10.96237,-10.76273,0.82));
#1794 = VECTOR('',#1795,1.);
#1795 = DIRECTION('',(0.857465383851,0.514541655746,0.));
#1796 = ORIENTED_EDGE('',*,*,#1719,.F.);
#1797 = ORIENTED_EDGE('',*,*,#1798,.F.);
#1798 = EDGE_CURVE('',#1782,#1720,#1799,.T.);
#1799 = LINE('',#1800,#1801);
#1800 = CARTESIAN_POINT('',(10.96237,-10.76273,-0.82));
#1801 = VECTOR('',#1802,1.);
#1802 = DIRECTION('',(0.857465383851,0.514541655746,0.));
#1803 = PLANE('',#1804);
#1804 = AXIS2_PLACEMENT_3D('',#1805,#1806,#1807);
#1805 = CARTESIAN_POINT('',(10.96237,-10.76273,-0.82));
#1806 = DIRECTION('',(-0.514541655746,0.857465383851,0.));
#1807 = DIRECTION('',(0.857465383851,0.514541655746,0.));
#1808 = ADVANCED_FACE('',(#1809),#1834,.F.);
#1809 = FACE_BOUND('',#1810,.F.);
#1810 = EDGE_LOOP('',(#1811,#1812,#1820,#1828));
#1811 = ORIENTED_EDGE('',*,*,#1759,.T.);
#1812 = ORIENTED_EDGE('',*,*,#1813,.T.);
#1813 = EDGE_CURVE('',#1752,#1814,#1816,.T.);
#1814 = VERTEX_POINT('',#1815);
#1815 = CARTESIAN_POINT('',(1.03763,-10.76273,0.82));
#1816 = LINE('',#1817,#1818);
#1817 = CARTESIAN_POINT('',(0.8728,-10.66382,0.82));
#1818 = VECTOR('',#1819,1.);
#1819 = DIRECTION('',(0.857465383851,-0.514541655746,0.));
#1820 = ORIENTED_EDGE('',*,*,#1821,.F.);
#1821 = EDGE_CURVE('',#1822,#1814,#1824,.T.);
#1822 = VERTEX_POINT('',#1823);
#1823 = CARTESIAN_POINT('',(1.03763,-10.76273,-0.82));
#1824 = LINE('',#1825,#1826);
#1825 = CARTESIAN_POINT('',(1.03763,-10.76273,-0.82));
#1826 = VECTOR('',#1827,1.);
#1827 = DIRECTION('',(0.,0.,1.));
#1828 = ORIENTED_EDGE('',*,*,#1829,.F.);
#1829 = EDGE_CURVE('',#1760,#1822,#1830,.T.);
#1830 = LINE('',#1831,#1832);
#1831 = CARTESIAN_POINT('',(0.8728,-10.66382,-0.82));
#1832 = VECTOR('',#1833,1.);
#1833 = DIRECTION('',(0.857465383851,-0.514541655746,0.));
#1834 = PLANE('',#1835);
#1835 = AXIS2_PLACEMENT_3D('',#1836,#1837,#1838);
#1836 = CARTESIAN_POINT('',(0.8728,-10.66382,-0.82));
#1837 = DIRECTION('',(0.514541655746,0.857465383851,-0.));
#1838 = DIRECTION('',(0.857465383851,-0.514541655746,0.));
#1839 = ADVANCED_FACE('',(#1840),#1865,.F.);
#1840 = FACE_BOUND('',#1841,.F.);
#1841 = EDGE_LOOP('',(#1842,#1852,#1858,#1859));
#1842 = ORIENTED_EDGE('',*,*,#1843,.T.);
#1843 = EDGE_CURVE('',#1844,#1846,#1848,.T.);
#1844 = VERTEX_POINT('',#1845);
#1845 = CARTESIAN_POINT('',(10.78711,-10.8457,-0.82));
#1846 = VERTEX_POINT('',#1847);
#1847 = CARTESIAN_POINT('',(10.78711,-10.8457,0.82));
#1848 = LINE('',#1849,#1850);
#1849 = CARTESIAN_POINT('',(10.78711,-10.8457,-0.82));
#1850 = VECTOR('',#1851,1.);
#1851 = DIRECTION('',(0.,0.,1.));
#1852 = ORIENTED_EDGE('',*,*,#1853,.T.);
#1853 = EDGE_CURVE('',#1846,#1784,#1854,.T.);
#1854 = LINE('',#1855,#1856);
#1855 = CARTESIAN_POINT('',(10.78711,-10.8457,0.82));
#1856 = VECTOR('',#1857,1.);
#1857 = DIRECTION('',(0.90383337441,0.42788460045,0.));
#1858 = ORIENTED_EDGE('',*,*,#1781,.F.);
#1859 = ORIENTED_EDGE('',*,*,#1860,.F.);
#1860 = EDGE_CURVE('',#1844,#1782,#1861,.T.);
#1861 = LINE('',#1862,#1863);
#1862 = CARTESIAN_POINT('',(10.78711,-10.8457,-0.82));
#1863 = VECTOR('',#1864,1.);
#1864 = DIRECTION('',(0.90383337441,0.42788460045,0.));
#1865 = PLANE('',#1866);
#1866 = AXIS2_PLACEMENT_3D('',#1867,#1868,#1869);
#1867 = CARTESIAN_POINT('',(10.78711,-10.8457,-0.82));
#1868 = DIRECTION('',(-0.42788460045,0.90383337441,0.));
#1869 = DIRECTION('',(0.90383337441,0.42788460045,0.));
#1870 = ADVANCED_FACE('',(#1871),#1896,.F.);
#1871 = FACE_BOUND('',#1872,.F.);
#1872 = EDGE_LOOP('',(#1873,#1874,#1882,#1890));
#1873 = ORIENTED_EDGE('',*,*,#1821,.T.);
#1874 = ORIENTED_EDGE('',*,*,#1875,.T.);
#1875 = EDGE_CURVE('',#1814,#1876,#1878,.T.);
#1876 = VERTEX_POINT('',#1877);
#1877 = CARTESIAN_POINT('',(1.21289,-10.8457,0.82));
#1878 = LINE('',#1879,#1880);
#1879 = CARTESIAN_POINT('',(1.03763,-10.76273,0.82));
#1880 = VECTOR('',#1881,1.);
#1881 = DIRECTION('',(0.90383337441,-0.42788460045,0.));
#1882 = ORIENTED_EDGE('',*,*,#1883,.F.);
#1883 = EDGE_CURVE('',#1884,#1876,#1886,.T.);
#1884 = VERTEX_POINT('',#1885);
#1885 = CARTESIAN_POINT('',(1.21289,-10.8457,-0.82));
#1886 = LINE('',#1887,#1888);
#1887 = CARTESIAN_POINT('',(1.21289,-10.8457,-0.82));
#1888 = VECTOR('',#1889,1.);
#1889 = DIRECTION('',(0.,0.,1.));
#1890 = ORIENTED_EDGE('',*,*,#1891,.F.);
#1891 = EDGE_CURVE('',#1822,#1884,#1892,.T.);
#1892 = LINE('',#1893,#1894);
#1893 = CARTESIAN_POINT('',(1.03763,-10.76273,-0.82));
#1894 = VECTOR('',#1895,1.);
#1895 = DIRECTION('',(0.90383337441,-0.42788460045,0.));
#1896 = PLANE('',#1897);
#1897 = AXIS2_PLACEMENT_3D('',#1898,#1899,#1900);
#1898 = CARTESIAN_POINT('',(1.03763,-10.76273,-0.82));
#1899 = DIRECTION('',(0.42788460045,0.90383337441,-0.));
#1900 = DIRECTION('',(0.90383337441,-0.42788460045,0.));
#1901 = ADVANCED_FACE('',(#1902),#1927,.F.);
#1902 = FACE_BOUND('',#1903,.F.);
#1903 = EDGE_LOOP('',(#1904,#1914,#1920,#1921));
#1904 = ORIENTED_EDGE('',*,*,#1905,.T.);
#1905 = EDGE_CURVE('',#1906,#1908,#1910,.T.);
#1906 = VERTEX_POINT('',#1907);
#1907 = CARTESIAN_POINT('',(10.60233,-10.91183,-0.82));
#1908 = VERTEX_POINT('',#1909);
#1909 = CARTESIAN_POINT('',(10.60233,-10.91183,0.82));
#1910 = LINE('',#1911,#1912);
#1911 = CARTESIAN_POINT('',(10.60233,-10.91183,-0.82));
#1912 = VECTOR('',#1913,1.);
#1913 = DIRECTION('',(0.,0.,1.));
#1914 = ORIENTED_EDGE('',*,*,#1915,.T.);
#1915 = EDGE_CURVE('',#1908,#1846,#1916,.T.);
#1916 = LINE('',#1917,#1918);
#1917 = CARTESIAN_POINT('',(10.60233,-10.91183,0.82));
#1918 = VECTOR('',#1919,1.);
#1919 = DIRECTION('',(0.941520370828,0.336956067339,0.));
#1920 = ORIENTED_EDGE('',*,*,#1843,.F.);
#1921 = ORIENTED_EDGE('',*,*,#1922,.F.);
#1922 = EDGE_CURVE('',#1906,#1844,#1923,.T.);
#1923 = LINE('',#1924,#1925);
#1924 = CARTESIAN_POINT('',(10.60233,-10.91183,-0.82));
#1925 = VECTOR('',#1926,1.);
#1926 = DIRECTION('',(0.941520370828,0.336956067339,0.));
#1927 = PLANE('',#1928);
#1928 = AXIS2_PLACEMENT_3D('',#1929,#1930,#1931);
#1929 = CARTESIAN_POINT('',(10.60233,-10.91183,-0.82));
#1930 = DIRECTION('',(-0.336956067339,0.941520370828,0.));
#1931 = DIRECTION('',(0.941520370828,0.336956067339,0.));
#1932 = ADVANCED_FACE('',(#1933),#1958,.F.);
#1933 = FACE_BOUND('',#1934,.F.);
#1934 = EDGE_LOOP('',(#1935,#1936,#1944,#1952));
#1935 = ORIENTED_EDGE('',*,*,#1883,.T.);
#1936 = ORIENTED_EDGE('',*,*,#1937,.T.);
#1937 = EDGE_CURVE('',#1876,#1938,#1940,.T.);
#1938 = VERTEX_POINT('',#1939);
#1939 = CARTESIAN_POINT('',(1.39767,-10.91183,0.82));
#1940 = LINE('',#1941,#1942);
#1941 = CARTESIAN_POINT('',(1.21289,-10.8457,0.82));
#1942 = VECTOR('',#1943,1.);
#1943 = DIRECTION('',(0.941520370828,-0.336956067339,0.));
#1944 = ORIENTED_EDGE('',*,*,#1945,.F.);
#1945 = EDGE_CURVE('',#1946,#1938,#1948,.T.);
#1946 = VERTEX_POINT('',#1947);
#1947 = CARTESIAN_POINT('',(1.39767,-10.91183,-0.82));
#1948 = LINE('',#1949,#1950);
#1949 = CARTESIAN_POINT('',(1.39767,-10.91183,-0.82));
#1950 = VECTOR('',#1951,1.);
#1951 = DIRECTION('',(0.,0.,1.));
#1952 = ORIENTED_EDGE('',*,*,#1953,.F.);
#1953 = EDGE_CURVE('',#1884,#1946,#1954,.T.);
#1954 = LINE('',#1955,#1956);
#1955 = CARTESIAN_POINT('',(1.21289,-10.8457,-0.82));
#1956 = VECTOR('',#1957,1.);
#1957 = DIRECTION('',(0.941520370828,-0.336956067339,0.));
#1958 = PLANE('',#1959);
#1959 = AXIS2_PLACEMENT_3D('',#1960,#1961,#1962);
#1960 = CARTESIAN_POINT('',(1.21289,-10.8457,-0.82));
#1961 = DIRECTION('',(0.336956067339,0.941520370828,-0.));
#1962 = DIRECTION('',(0.941520370828,-0.336956067339,0.));
#1963 = ADVANCED_FACE('',(#1964),#1989,.F.);
#1964 = FACE_BOUND('',#1965,.F.);
#1965 = EDGE_LOOP('',(#1966,#1976,#1982,#1983));
#1966 = ORIENTED_EDGE('',*,*,#1967,.T.);
#1967 = EDGE_CURVE('',#1968,#1970,#1972,.T.);
#1968 = VERTEX_POINT('',#1969);
#1969 = CARTESIAN_POINT('',(10.40894,-10.96021,-0.82));
#1970 = VERTEX_POINT('',#1971);
#1971 = CARTESIAN_POINT('',(10.40894,-10.96021,0.82));
#1972 = LINE('',#1973,#1974);
#1973 = CARTESIAN_POINT('',(10.40894,-10.96021,-0.82));
#1974 = VECTOR('',#1975,1.);
#1975 = DIRECTION('',(0.,0.,1.));
#1976 = ORIENTED_EDGE('',*,*,#1977,.T.);
#1977 = EDGE_CURVE('',#1970,#1908,#1978,.T.);
#1978 = LINE('',#1979,#1980);
#1979 = CARTESIAN_POINT('',(10.40894,-10.96021,0.82));
#1980 = VECTOR('',#1981,1.);
#1981 = DIRECTION('',(0.970104127996,0.242689062063,0.));
#1982 = ORIENTED_EDGE('',*,*,#1905,.F.);
#1983 = ORIENTED_EDGE('',*,*,#1984,.F.);
#1984 = EDGE_CURVE('',#1968,#1906,#1985,.T.);
#1985 = LINE('',#1986,#1987);
#1986 = CARTESIAN_POINT('',(10.40894,-10.96021,-0.82));
#1987 = VECTOR('',#1988,1.);
#1988 = DIRECTION('',(0.970104127996,0.242689062063,0.));
#1989 = PLANE('',#1990);
#1990 = AXIS2_PLACEMENT_3D('',#1991,#1992,#1993);
#1991 = CARTESIAN_POINT('',(10.40894,-10.96021,-0.82));
#1992 = DIRECTION('',(-0.242689062063,0.970104127996,0.));
#1993 = DIRECTION('',(0.970104127996,0.242689062063,0.));
#1994 = ADVANCED_FACE('',(#1995),#2020,.F.);
#1995 = FACE_BOUND('',#1996,.F.);
#1996 = EDGE_LOOP('',(#1997,#1998,#2006,#2014));
#1997 = ORIENTED_EDGE('',*,*,#1945,.T.);
#1998 = ORIENTED_EDGE('',*,*,#1999,.T.);
#1999 = EDGE_CURVE('',#1938,#2000,#2002,.T.);
#2000 = VERTEX_POINT('',#2001);
#2001 = CARTESIAN_POINT('',(1.59106,-10.96021,0.82));
#2002 = LINE('',#2003,#2004);
#2003 = CARTESIAN_POINT('',(1.39767,-10.91183,0.82));
#2004 = VECTOR('',#2005,1.);
#2005 = DIRECTION('',(0.970104127996,-0.242689062063,0.));
#2006 = ORIENTED_EDGE('',*,*,#2007,.F.);
#2007 = EDGE_CURVE('',#2008,#2000,#2010,.T.);
#2008 = VERTEX_POINT('',#2009);
#2009 = CARTESIAN_POINT('',(1.59106,-10.96021,-0.82));
#2010 = LINE('',#2011,#2012);
#2011 = CARTESIAN_POINT('',(1.59106,-10.96021,-0.82));
#2012 = VECTOR('',#2013,1.);
#2013 = DIRECTION('',(0.,0.,1.));
#2014 = ORIENTED_EDGE('',*,*,#2015,.F.);
#2015 = EDGE_CURVE('',#1946,#2008,#2016,.T.);
#2016 = LINE('',#2017,#2018);
#2017 = CARTESIAN_POINT('',(1.39767,-10.91183,-0.82));
#2018 = VECTOR('',#2019,1.);
#2019 = DIRECTION('',(0.970104127996,-0.242689062063,0.));
#2020 = PLANE('',#2021);
#2021 = AXIS2_PLACEMENT_3D('',#2022,#2023,#2024);
#2022 = CARTESIAN_POINT('',(1.39767,-10.91183,-0.82));
#2023 = DIRECTION('',(0.242689062063,0.970104127996,-0.));
#2024 = DIRECTION('',(0.970104127996,-0.242689062063,0.));
#2025 = ADVANCED_FACE('',(#2026),#2051,.F.);
#2026 = FACE_BOUND('',#2027,.F.);
#2027 = EDGE_LOOP('',(#2028,#2038,#2044,#2045));
#2028 = ORIENTED_EDGE('',*,*,#2029,.T.);
#2029 = EDGE_CURVE('',#2030,#2032,#2034,.T.);
#2030 = VERTEX_POINT('',#2031);
#2031 = CARTESIAN_POINT('',(10.20786,-10.9899,-0.82));
#2032 = VERTEX_POINT('',#2033);
#2033 = CARTESIAN_POINT('',(10.20786,-10.9899,0.82));
#2034 = LINE('',#2035,#2036);
#2035 = CARTESIAN_POINT('',(10.20786,-10.9899,-0.82));
#2036 = VECTOR('',#2037,1.);
#2037 = DIRECTION('',(0.,0.,1.));
#2038 = ORIENTED_EDGE('',*,*,#2039,.T.);
#2039 = EDGE_CURVE('',#2032,#1970,#2040,.T.);
#2040 = LINE('',#2041,#2042);
#2041 = CARTESIAN_POINT('',(10.20786,-10.9899,0.82));
#2042 = VECTOR('',#2043,1.);
#2043 = DIRECTION('',(0.989274402589,0.146069012397,0.));
#2044 = ORIENTED_EDGE('',*,*,#1967,.F.);
#2045 = ORIENTED_EDGE('',*,*,#2046,.F.);
#2046 = EDGE_CURVE('',#2030,#1968,#2047,.T.);
#2047 = LINE('',#2048,#2049);
#2048 = CARTESIAN_POINT('',(10.20786,-10.9899,-0.82));
#2049 = VECTOR('',#2050,1.);
#2050 = DIRECTION('',(0.989274402589,0.146069012397,0.));
#2051 = PLANE('',#2052);
#2052 = AXIS2_PLACEMENT_3D('',#2053,#2054,#2055);
#2053 = CARTESIAN_POINT('',(10.20786,-10.9899,-0.82));
#2054 = DIRECTION('',(-0.146069012397,0.989274402589,0.));
#2055 = DIRECTION('',(0.989274402589,0.146069012397,0.));
#2056 = ADVANCED_FACE('',(#2057),#2082,.F.);
#2057 = FACE_BOUND('',#2058,.F.);
#2058 = EDGE_LOOP('',(#2059,#2060,#2068,#2076));
#2059 = ORIENTED_EDGE('',*,*,#2007,.T.);
#2060 = ORIENTED_EDGE('',*,*,#2061,.T.);
#2061 = EDGE_CURVE('',#2000,#2062,#2064,.T.);
#2062 = VERTEX_POINT('',#2063);
#2063 = CARTESIAN_POINT('',(1.79214,-10.9899,0.82));
#2064 = LINE('',#2065,#2066);
#2065 = CARTESIAN_POINT('',(1.59106,-10.96021,0.82));
#2066 = VECTOR('',#2067,1.);
#2067 = DIRECTION('',(0.989274402589,-0.146069012397,0.));
#2068 = ORIENTED_EDGE('',*,*,#2069,.F.);
#2069 = EDGE_CURVE('',#2070,#2062,#2072,.T.);
#2070 = VERTEX_POINT('',#2071);
#2071 = CARTESIAN_POINT('',(1.79214,-10.9899,-0.82));
#2072 = LINE('',#2073,#2074);
#2073 = CARTESIAN_POINT('',(1.79214,-10.9899,-0.82));
#2074 = VECTOR('',#2075,1.);
#2075 = DIRECTION('',(0.,0.,1.));
#2076 = ORIENTED_EDGE('',*,*,#2077,.F.);
#2077 = EDGE_CURVE('',#2008,#2070,#2078,.T.);
#2078 = LINE('',#2079,#2080);
#2079 = CARTESIAN_POINT('',(1.59106,-10.96021,-0.82));
#2080 = VECTOR('',#2081,1.);
#2081 = DIRECTION('',(0.989274402589,-0.146069012397,0.));
#2082 = PLANE('',#2083);
#2083 = AXIS2_PLACEMENT_3D('',#2084,#2085,#2086);
#2084 = CARTESIAN_POINT('',(1.59106,-10.96021,-0.82));
#2085 = DIRECTION('',(0.146069012397,0.989274402589,-0.));
#2086 = DIRECTION('',(0.989274402589,-0.146069012397,0.));
#2087 = ADVANCED_FACE('',(#2088),#2113,.F.);
#2088 = FACE_BOUND('',#2089,.F.);
#2089 = EDGE_LOOP('',(#2090,#2100,#2106,#2107));
#2090 = ORIENTED_EDGE('',*,*,#2091,.T.);
#2091 = EDGE_CURVE('',#2092,#2094,#2096,.T.);
#2092 = VERTEX_POINT('',#2093);
#2093 = CARTESIAN_POINT('',(10.,-11.,-0.82));
#2094 = VERTEX_POINT('',#2095);
#2095 = CARTESIAN_POINT('',(10.,-11.,0.82));
#2096 = LINE('',#2097,#2098);
#2097 = CARTESIAN_POINT('',(10.,-11.,-0.82));
#2098 = VECTOR('',#2099,1.);
#2099 = DIRECTION('',(0.,0.,1.));
#2100 = ORIENTED_EDGE('',*,*,#2101,.T.);
#2101 = EDGE_CURVE('',#2094,#2032,#2102,.T.);
#2102 = LINE('',#2103,#2104);
#2103 = CARTESIAN_POINT('',(10.,-11.,0.82));
#2104 = VECTOR('',#2105,1.);
#2105 = DIRECTION('',(0.998821572954,4.853313714442E-02,0.));
#2106 = ORIENTED_EDGE('',*,*,#2029,.F.);
#2107 = ORIENTED_EDGE('',*,*,#2108,.F.);
#2108 = EDGE_CURVE('',#2092,#2030,#2109,.T.);
#2109 = LINE('',#2110,#2111);
#2110 = CARTESIAN_POINT('',(10.,-11.,-0.82));
#2111 = VECTOR('',#2112,1.);
#2112 = DIRECTION('',(0.998821572954,4.853313714442E-02,0.));
#2113 = PLANE('',#2114);
#2114 = AXIS2_PLACEMENT_3D('',#2115,#2116,#2117);
#2115 = CARTESIAN_POINT('',(10.,-11.,-0.82));
#2116 = DIRECTION('',(-4.853313714442E-02,0.998821572954,0.));
#2117 = DIRECTION('',(0.998821572954,4.853313714442E-02,0.));
#2118 = ADVANCED_FACE('',(#2119),#2144,.F.);
#2119 = FACE_BOUND('',#2120,.F.);
#2120 = EDGE_LOOP('',(#2121,#2122,#2130,#2138));
#2121 = ORIENTED_EDGE('',*,*,#2069,.T.);
#2122 = ORIENTED_EDGE('',*,*,#2123,.T.);
#2123 = EDGE_CURVE('',#2062,#2124,#2126,.T.);
#2124 = VERTEX_POINT('',#2125);
#2125 = CARTESIAN_POINT('',(2.,-11.,0.82));
#2126 = LINE('',#2127,#2128);
#2127 = CARTESIAN_POINT('',(1.79214,-10.9899,0.82));
#2128 = VECTOR('',#2129,1.);
#2129 = DIRECTION('',(0.998821572954,-4.853313714442E-02,0.));
#2130 = ORIENTED_EDGE('',*,*,#2131,.F.);
#2131 = EDGE_CURVE('',#2132,#2124,#2134,.T.);
#2132 = VERTEX_POINT('',#2133);
#2133 = CARTESIAN_POINT('',(2.,-11.,-0.82));
#2134 = LINE('',#2135,#2136);
#2135 = CARTESIAN_POINT('',(2.,-11.,-0.82));
#2136 = VECTOR('',#2137,1.);
#2137 = DIRECTION('',(0.,0.,1.));
#2138 = ORIENTED_EDGE('',*,*,#2139,.F.);
#2139 = EDGE_CURVE('',#2070,#2132,#2140,.T.);
#2140 = LINE('',#2141,#2142);
#2141 = CARTESIAN_POINT('',(1.79214,-10.9899,-0.82));
#2142 = VECTOR('',#2143,1.);
#2143 = DIRECTION('',(0.998821572954,-4.853313714442E-02,0.));
#2144 = PLANE('',#2145);
#2145 = AXIS2_PLACEMENT_3D('',#2146,#2147,#2148);
#2146 = CARTESIAN_POINT('',(1.79214,-10.9899,-0.82));
#2147 = DIRECTION('',(4.853313714442E-02,0.998821572954,-0.));
#2148 = DIRECTION('',(0.998821572954,-4.853313714442E-02,0.));
#2149 = ADVANCED_FACE('',(#2150),#2166,.F.);
#2150 = FACE_BOUND('',#2151,.F.);
#2151 = EDGE_LOOP('',(#2152,#2153,#2159,#2160));
#2152 = ORIENTED_EDGE('',*,*,#2131,.T.);
#2153 = ORIENTED_EDGE('',*,*,#2154,.T.);
#2154 = EDGE_CURVE('',#2124,#2094,#2155,.T.);
#2155 = LINE('',#2156,#2157);
#2156 = CARTESIAN_POINT('',(2.,-11.,0.82));
#2157 = VECTOR('',#2158,1.);
#2158 = DIRECTION('',(1.,0.,0.));
#2159 = ORIENTED_EDGE('',*,*,#2091,.F.);
#2160 = ORIENTED_EDGE('',*,*,#2161,.F.);
#2161 = EDGE_CURVE('',#2132,#2092,#2162,.T.);
#2162 = LINE('',#2163,#2164);
#2163 = CARTESIAN_POINT('',(2.,-11.,-0.82));
#2164 = VECTOR('',#2165,1.);
#2165 = DIRECTION('',(1.,0.,0.));
#2166 = PLANE('',#2167);
#2167 = AXIS2_PLACEMENT_3D('',#2168,#2169,#2170);
#2168 = CARTESIAN_POINT('',(2.,-11.,-0.82));
#2169 = DIRECTION('',(0.,1.,0.));
#2170 = DIRECTION('',(1.,0.,0.));
#2171 = ADVANCED_FACE('',(#2172),#2199,.F.);
#2172 = FACE_BOUND('',#2173,.T.);
#2173 = EDGE_LOOP('',(#2174,#2184,#2191,#2192));
#2174 = ORIENTED_EDGE('',*,*,#2175,.T.);
#2175 = EDGE_CURVE('',#2176,#2178,#2180,.T.);
#2176 = VERTEX_POINT('',#2177);
#2177 = CARTESIAN_POINT('',(1.778,-9.31,-0.82));
#2178 = VERTEX_POINT('',#2179);
#2179 = CARTESIAN_POINT('',(1.778,-9.31,0.82));
#2180 = LINE('',#2181,#2182);
#2181 = CARTESIAN_POINT('',(1.778,-9.31,-0.82));
#2182 = VECTOR('',#2183,1.);
#2183 = DIRECTION('',(0.,0.,1.));
#2184 = ORIENTED_EDGE('',*,*,#2185,.T.);
#2185 = EDGE_CURVE('',#2178,#2178,#2186,.T.);
#2186 = CIRCLE('',#2187,0.508);
#2187 = AXIS2_PLACEMENT_3D('',#2188,#2189,#2190);
#2188 = CARTESIAN_POINT('',(1.27,-9.31,0.82));
#2189 = DIRECTION('',(0.,0.,1.));
#2190 = DIRECTION('',(1.,0.,-0.));
#2191 = ORIENTED_EDGE('',*,*,#2175,.F.);
#2192 = ORIENTED_EDGE('',*,*,#2193,.F.);
#2193 = EDGE_CURVE('',#2176,#2176,#2194,.T.);
#2194 = CIRCLE('',#2195,0.508);
#2195 = AXIS2_PLACEMENT_3D('',#2196,#2197,#2198);
#2196 = CARTESIAN_POINT('',(1.27,-9.31,-0.82));
#2197 = DIRECTION('',(0.,0.,1.));
#2198 = DIRECTION('',(1.,0.,-0.));
#2199 = CYLINDRICAL_SURFACE('',#2200,0.508);
#2200 = AXIS2_PLACEMENT_3D('',#2201,#2202,#2203);
#2201 = CARTESIAN_POINT('',(1.27,-9.31,-0.82));
#2202 = DIRECTION('',(-0.,-0.,-1.));
#2203 = DIRECTION('',(1.,0.,-0.));
#2204 = ADVANCED_FACE('',(#2205),#2232,.F.);
#2205 = FACE_BOUND('',#2206,.T.);
#2206 = EDGE_LOOP('',(#2207,#2217,#2224,#2225));
#2207 = ORIENTED_EDGE('',*,*,#2208,.T.);
#2208 = EDGE_CURVE('',#2209,#2211,#2213,.T.);
#2209 = VERTEX_POINT('',#2210);
#2210 = CARTESIAN_POINT('',(1.778,-6.77,-0.82));
#2211 = VERTEX_POINT('',#2212);
#2212 = CARTESIAN_POINT('',(1.778,-6.77,0.82));
#2213 = LINE('',#2214,#2215);
#2214 = CARTESIAN_POINT('',(1.778,-6.77,-0.82));
#2215 = VECTOR('',#2216,1.);
#2216 = DIRECTION('',(0.,0.,1.));
#2217 = ORIENTED_EDGE('',*,*,#2218,.T.);
#2218 = EDGE_CURVE('',#2211,#2211,#2219,.T.);
#2219 = CIRCLE('',#2220,0.508);
#2220 = AXIS2_PLACEMENT_3D('',#2221,#2222,#2223);
#2221 = CARTESIAN_POINT('',(1.27,-6.77,0.82));
#2222 = DIRECTION('',(0.,0.,1.));
#2223 = DIRECTION('',(1.,0.,-0.));
#2224 = ORIENTED_EDGE('',*,*,#2208,.F.);
#2225 = ORIENTED_EDGE('',*,*,#2226,.F.);
#2226 = EDGE_CURVE('',#2209,#2209,#2227,.T.);
#2227 = CIRCLE('',#2228,0.508);
#2228 = AXIS2_PLACEMENT_3D('',#2229,#2230,#2231);
#2229 = CARTESIAN_POINT('',(1.27,-6.77,-0.82));
#2230 = DIRECTION('',(0.,0.,1.));
#2231 = DIRECTION('',(1.,0.,-0.));
#2232 = CYLINDRICAL_SURFACE('',#2233,0.508);
#2233 = AXIS2_PLACEMENT_3D('',#2234,#2235,#2236);
#2234 = CARTESIAN_POINT('',(1.27,-6.77,-0.82));
#2235 = DIRECTION('',(-0.,-0.,-1.));
#2236 = DIRECTION('',(1.,0.,-0.));
#2237 = ADVANCED_FACE('',(#2238),#2265,.F.);
#2238 = FACE_BOUND('',#2239,.T.);
#2239 = EDGE_LOOP('',(#2240,#2250,#2257,#2258));
#2240 = ORIENTED_EDGE('',*,*,#2241,.T.);
#2241 = EDGE_CURVE('',#2242,#2244,#2246,.T.);
#2242 = VERTEX_POINT('',#2243);
#2243 = CARTESIAN_POINT('',(5.25686,-7.30782,-0.82));
#2244 = VERTEX_POINT('',#2245);
#2245 = CARTESIAN_POINT('',(5.25686,-7.30782,0.82));
#2246 = LINE('',#2247,#2248);
#2247 = CARTESIAN_POINT('',(5.25686,-7.30782,-0.82));
#2248 = VECTOR('',#2249,1.);
#2249 = DIRECTION('',(0.,0.,1.));
#2250 = ORIENTED_EDGE('',*,*,#2251,.T.);
#2251 = EDGE_CURVE('',#2244,#2244,#2252,.T.);
#2252 = CIRCLE('',#2253,0.15);
#2253 = AXIS2_PLACEMENT_3D('',#2254,#2255,#2256);
#2254 = CARTESIAN_POINT('',(5.10686,-7.30782,0.82));
#2255 = DIRECTION('',(0.,0.,1.));
#2256 = DIRECTION('',(1.,0.,-0.));
#2257 = ORIENTED_EDGE('',*,*,#2241,.F.);
#2258 = ORIENTED_EDGE('',*,*,#2259,.F.);
#2259 = EDGE_CURVE('',#2242,#2242,#2260,.T.);
#2260 = CIRCLE('',#2261,0.15);
#2261 = AXIS2_PLACEMENT_3D('',#2262,#2263,#2264);
#2262 = CARTESIAN_POINT('',(5.10686,-7.30782,-0.82));
#2263 = DIRECTION('',(0.,0.,1.));
#2264 = DIRECTION('',(1.,0.,-0.));
#2265 = CYLINDRICAL_SURFACE('',#2266,0.15);
#2266 = AXIS2_PLACEMENT_3D('',#2267,#2268,#2269);
#2267 = CARTESIAN_POINT('',(5.10686,-7.30782,-0.82));
#2268 = DIRECTION('',(-0.,-0.,-1.));
#2269 = DIRECTION('',(1.,0.,-0.));
#2270 = ADVANCED_FACE('',(#2271),#2298,.F.);
#2271 = FACE_BOUND('',#2272,.T.);
#2272 = EDGE_LOOP('',(#2273,#2283,#2290,#2291));
#2273 = ORIENTED_EDGE('',*,*,#2274,.T.);
#2274 = EDGE_CURVE('',#2275,#2277,#2279,.T.);
#2275 = VERTEX_POINT('',#2276);
#2276 = CARTESIAN_POINT('',(4.40723,-6.41523,-0.82));
#2277 = VERTEX_POINT('',#2278);
#2278 = CARTESIAN_POINT('',(4.40723,-6.41523,0.82));
#2279 = LINE('',#2280,#2281);
#2280 = CARTESIAN_POINT('',(4.40723,-6.41523,-0.82));
#2281 = VECTOR('',#2282,1.);
#2282 = DIRECTION('',(0.,0.,1.));
#2283 = ORIENTED_EDGE('',*,*,#2284,.T.);
#2284 = EDGE_CURVE('',#2277,#2277,#2285,.T.);
#2285 = CIRCLE('',#2286,0.15);
#2286 = AXIS2_PLACEMENT_3D('',#2287,#2288,#2289);
#2287 = CARTESIAN_POINT('',(4.25723,-6.41523,0.82));
#2288 = DIRECTION('',(0.,0.,1.));
#2289 = DIRECTION('',(1.,0.,-0.));
#2290 = ORIENTED_EDGE('',*,*,#2274,.F.);
#2291 = ORIENTED_EDGE('',*,*,#2292,.F.);
#2292 = EDGE_CURVE('',#2275,#2275,#2293,.T.);
#2293 = CIRCLE('',#2294,0.15);
#2294 = AXIS2_PLACEMENT_3D('',#2295,#2296,#2297);
#2295 = CARTESIAN_POINT('',(4.25723,-6.41523,-0.82));
#2296 = DIRECTION('',(0.,0.,1.));
#2297 = DIRECTION('',(1.,0.,-0.));
#2298 = CYLINDRICAL_SURFACE('',#2299,0.15);
#2299 = AXIS2_PLACEMENT_3D('',#2300,#2301,#2302);
#2300 = CARTESIAN_POINT('',(4.25723,-6.41523,-0.82));
#2301 = DIRECTION('',(-0.,-0.,-1.));
#2302 = DIRECTION('',(1.,0.,-0.));
#2303 = ADVANCED_FACE('',(#2304),#2331,.F.);
#2304 = FACE_BOUND('',#2305,.T.);
#2305 = EDGE_LOOP('',(#2306,#2316,#2323,#2324));
#2306 = ORIENTED_EDGE('',*,*,#2307,.T.);
#2307 = EDGE_CURVE('',#2308,#2310,#2312,.T.);
#2308 = VERTEX_POINT('',#2309);
#2309 = CARTESIAN_POINT('',(7.1858,-7.112,-0.82));
#2310 = VERTEX_POINT('',#2311);
#2311 = CARTESIAN_POINT('',(7.1858,-7.112,0.82));
#2312 = LINE('',#2313,#2314);
#2313 = CARTESIAN_POINT('',(7.1858,-7.112,-0.82));
#2314 = VECTOR('',#2315,1.);
#2315 = DIRECTION('',(0.,0.,1.));
#2316 = ORIENTED_EDGE('',*,*,#2317,.T.);
#2317 = EDGE_CURVE('',#2310,#2310,#2318,.T.);
#2318 = CIRCLE('',#2319,0.15);
#2319 = AXIS2_PLACEMENT_3D('',#2320,#2321,#2322);
#2320 = CARTESIAN_POINT('',(7.0358,-7.112,0.82));
#2321 = DIRECTION('',(0.,0.,1.));
#2322 = DIRECTION('',(1.,0.,-0.));
#2323 = ORIENTED_EDGE('',*,*,#2307,.F.);
#2324 = ORIENTED_EDGE('',*,*,#2325,.F.);
#2325 = EDGE_CURVE('',#2308,#2308,#2326,.T.);
#2326 = CIRCLE('',#2327,0.15);
#2327 = AXIS2_PLACEMENT_3D('',#2328,#2329,#2330);
#2328 = CARTESIAN_POINT('',(7.0358,-7.112,-0.82));
#2329 = DIRECTION('',(0.,0.,1.));
#2330 = DIRECTION('',(1.,0.,-0.));
#2331 = CYLINDRICAL_SURFACE('',#2332,0.15);
#2332 = AXIS2_PLACEMENT_3D('',#2333,#2334,#2335);
#2333 = CARTESIAN_POINT('',(7.0358,-7.112,-0.82));
#2334 = DIRECTION('',(-0.,-0.,-1.));
#2335 = DIRECTION('',(1.,0.,-0.));
#2336 = ADVANCED_FACE('',(#2337),#2364,.F.);
#2337 = FACE_BOUND('',#2338,.T.);
#2338 = EDGE_LOOP('',(#2339,#2349,#2356,#2357));
#2339 = ORIENTED_EDGE('',*,*,#2340,.T.);
#2340 = EDGE_CURVE('',#2341,#2343,#2345,.T.);
#2341 = VERTEX_POINT('',#2342);
#2342 = CARTESIAN_POINT('',(11.19098,-6.90654,-0.82));
#2343 = VERTEX_POINT('',#2344);
#2344 = CARTESIAN_POINT('',(11.19098,-6.90654,0.82));
#2345 = LINE('',#2346,#2347);
#2346 = CARTESIAN_POINT('',(11.19098,-6.90654,-0.82));
#2347 = VECTOR('',#2348,1.);
#2348 = DIRECTION('',(0.,0.,1.));
#2349 = ORIENTED_EDGE('',*,*,#2350,.T.);
#2350 = EDGE_CURVE('',#2343,#2343,#2351,.T.);
#2351 = CIRCLE('',#2352,0.15);
#2352 = AXIS2_PLACEMENT_3D('',#2353,#2354,#2355);
#2353 = CARTESIAN_POINT('',(11.04098,-6.90654,0.82));
#2354 = DIRECTION('',(0.,0.,1.));
#2355 = DIRECTION('',(1.,0.,-0.));
#2356 = ORIENTED_EDGE('',*,*,#2340,.F.);
#2357 = ORIENTED_EDGE('',*,*,#2358,.F.);
#2358 = EDGE_CURVE('',#2341,#2341,#2359,.T.);
#2359 = CIRCLE('',#2360,0.15);
#2360 = AXIS2_PLACEMENT_3D('',#2361,#2362,#2363);
#2361 = CARTESIAN_POINT('',(11.04098,-6.90654,-0.82));
#2362 = DIRECTION('',(0.,0.,1.));
#2363 = DIRECTION('',(1.,0.,-0.));
#2364 = CYLINDRICAL_SURFACE('',#2365,0.15);
#2365 = AXIS2_PLACEMENT_3D('',#2366,#2367,#2368);
#2366 = CARTESIAN_POINT('',(11.04098,-6.90654,-0.82));
#2367 = DIRECTION('',(-0.,-0.,-1.));
#2368 = DIRECTION('',(1.,0.,-0.));
#2369 = ADVANCED_FACE('',(#2370),#2397,.F.);
#2370 = FACE_BOUND('',#2371,.T.);
#2371 = EDGE_LOOP('',(#2372,#2382,#2389,#2390));
#2372 = ORIENTED_EDGE('',*,*,#2373,.T.);
#2373 = EDGE_CURVE('',#2374,#2376,#2378,.T.);
#2374 = VERTEX_POINT('',#2375);
#2375 = CARTESIAN_POINT('',(1.778,-4.23,-0.82));
#2376 = VERTEX_POINT('',#2377);
#2377 = CARTESIAN_POINT('',(1.778,-4.23,0.82));
#2378 = LINE('',#2379,#2380);
#2379 = CARTESIAN_POINT('',(1.778,-4.23,-0.82));
#2380 = VECTOR('',#2381,1.);
#2381 = DIRECTION('',(0.,0.,1.));
#2382 = ORIENTED_EDGE('',*,*,#2383,.T.);
#2383 = EDGE_CURVE('',#2376,#2376,#2384,.T.);
#2384 = CIRCLE('',#2385,0.508);
#2385 = AXIS2_PLACEMENT_3D('',#2386,#2387,#2388);
#2386 = CARTESIAN_POINT('',(1.27,-4.23,0.82));
#2387 = DIRECTION('',(0.,0.,1.));
#2388 = DIRECTION('',(1.,0.,-0.));
#2389 = ORIENTED_EDGE('',*,*,#2373,.F.);
#2390 = ORIENTED_EDGE('',*,*,#2391,.F.);
#2391 = EDGE_CURVE('',#2374,#2374,#2392,.T.);
#2392 = CIRCLE('',#2393,0.508);
#2393 = AXIS2_PLACEMENT_3D('',#2394,#2395,#2396);
#2394 = CARTESIAN_POINT('',(1.27,-4.23,-0.82));
#2395 = DIRECTION('',(0.,0.,1.));
#2396 = DIRECTION('',(1.,0.,-0.));
#2397 = CYLINDRICAL_SURFACE('',#2398,0.508);
#2398 = AXIS2_PLACEMENT_3D('',#2399,#2400,#2401);
#2399 = CARTESIAN_POINT('',(1.27,-4.23,-0.82));
#2400 = DIRECTION('',(-0.,-0.,-1.));
#2401 = DIRECTION('',(1.,0.,-0.));
#2402 = ADVANCED_FACE('',(#2403),#2430,.F.);
#2403 = FACE_BOUND('',#2404,.T.);
#2404 = EDGE_LOOP('',(#2405,#2415,#2422,#2423));
#2405 = ORIENTED_EDGE('',*,*,#2406,.T.);
#2406 = EDGE_CURVE('',#2407,#2409,#2411,.T.);
#2407 = VERTEX_POINT('',#2408);
#2408 = CARTESIAN_POINT('',(1.778,-1.69,-0.82));
#2409 = VERTEX_POINT('',#2410);
#2410 = CARTESIAN_POINT('',(1.778,-1.69,0.82));
#2411 = LINE('',#2412,#2413);
#2412 = CARTESIAN_POINT('',(1.778,-1.69,-0.82));
#2413 = VECTOR('',#2414,1.);
#2414 = DIRECTION('',(0.,0.,1.));
#2415 = ORIENTED_EDGE('',*,*,#2416,.T.);
#2416 = EDGE_CURVE('',#2409,#2409,#2417,.T.);
#2417 = CIRCLE('',#2418,0.508);
#2418 = AXIS2_PLACEMENT_3D('',#2419,#2420,#2421);
#2419 = CARTESIAN_POINT('',(1.27,-1.69,0.82));
#2420 = DIRECTION('',(0.,0.,1.));
#2421 = DIRECTION('',(1.,0.,-0.));
#2422 = ORIENTED_EDGE('',*,*,#2406,.F.);
#2423 = ORIENTED_EDGE('',*,*,#2424,.F.);
#2424 = EDGE_CURVE('',#2407,#2407,#2425,.T.);
#2425 = CIRCLE('',#2426,0.508);
#2426 = AXIS2_PLACEMENT_3D('',#2427,#2428,#2429);
#2427 = CARTESIAN_POINT('',(1.27,-1.69,-0.82));
#2428 = DIRECTION('',(0.,0.,1.));
#2429 = DIRECTION('',(1.,0.,-0.));
#2430 = CYLINDRICAL_SURFACE('',#2431,0.508);
#2431 = AXIS2_PLACEMENT_3D('',#2432,#2433,#2434);
#2432 = CARTESIAN_POINT('',(1.27,-1.69,-0.82));
#2433 = DIRECTION('',(-0.,-0.,-1.));
#2434 = DIRECTION('',(1.,0.,-0.));
#2435 = ADVANCED_FACE('',(#2436,#2506,#2509,#2512,#2515,#2518,#2521,
    #2524,#2527),#2530,.F.);
#2436 = FACE_BOUND('',#2437,.F.);
#2437 = EDGE_LOOP('',(#2438,#2439,#2440,#2441,#2442,#2443,#2444,#2445,
    #2446,#2447,#2448,#2449,#2450,#2451,#2452,#2453,#2454,#2455,#2456,
    #2457,#2458,#2459,#2460,#2461,#2462,#2463,#2464,#2465,#2466,#2467,
    #2468,#2469,#2470,#2471,#2472,#2473,#2474,#2475,#2476,#2477,#2478,
    #2479,#2480,#2481,#2482,#2483,#2484,#2485,#2486,#2487,#2488,#2489,
    #2490,#2491,#2492,#2493,#2494,#2495,#2496,#2497,#2498,#2499,#2500,
    #2501,#2502,#2503,#2504,#2505));
#2438 = ORIENTED_EDGE('',*,*,#93,.T.);
#2439 = ORIENTED_EDGE('',*,*,#155,.T.);
#2440 = ORIENTED_EDGE('',*,*,#217,.T.);
#2441 = ORIENTED_EDGE('',*,*,#279,.T.);
#2442 = ORIENTED_EDGE('',*,*,#341,.T.);
#2443 = ORIENTED_EDGE('',*,*,#403,.T.);
#2444 = ORIENTED_EDGE('',*,*,#465,.T.);
#2445 = ORIENTED_EDGE('',*,*,#527,.T.);
#2446 = ORIENTED_EDGE('',*,*,#589,.T.);
#2447 = ORIENTED_EDGE('',*,*,#651,.T.);
#2448 = ORIENTED_EDGE('',*,*,#713,.T.);
#2449 = ORIENTED_EDGE('',*,*,#775,.T.);
#2450 = ORIENTED_EDGE('',*,*,#837,.T.);
#2451 = ORIENTED_EDGE('',*,*,#899,.T.);
#2452 = ORIENTED_EDGE('',*,*,#961,.T.);
#2453 = ORIENTED_EDGE('',*,*,#1023,.T.);
#2454 = ORIENTED_EDGE('',*,*,#1085,.T.);
#2455 = ORIENTED_EDGE('',*,*,#1147,.T.);
#2456 = ORIENTED_EDGE('',*,*,#1209,.T.);
#2457 = ORIENTED_EDGE('',*,*,#1271,.T.);
#2458 = ORIENTED_EDGE('',*,*,#1333,.T.);
#2459 = ORIENTED_EDGE('',*,*,#1395,.T.);
#2460 = ORIENTED_EDGE('',*,*,#1457,.T.);
#2461 = ORIENTED_EDGE('',*,*,#1519,.T.);
#2462 = ORIENTED_EDGE('',*,*,#1581,.T.);
#2463 = ORIENTED_EDGE('',*,*,#1643,.T.);
#2464 = ORIENTED_EDGE('',*,*,#1705,.T.);
#2465 = ORIENTED_EDGE('',*,*,#1767,.T.);
#2466 = ORIENTED_EDGE('',*,*,#1829,.T.);
#2467 = ORIENTED_EDGE('',*,*,#1891,.T.);
#2468 = ORIENTED_EDGE('',*,*,#1953,.T.);
#2469 = ORIENTED_EDGE('',*,*,#2015,.T.);
#2470 = ORIENTED_EDGE('',*,*,#2077,.T.);
#2471 = ORIENTED_EDGE('',*,*,#2139,.T.);
#2472 = ORIENTED_EDGE('',*,*,#2161,.T.);
#2473 = ORIENTED_EDGE('',*,*,#2108,.T.);
#2474 = ORIENTED_EDGE('',*,*,#2046,.T.);
#2475 = ORIENTED_EDGE('',*,*,#1984,.T.);
#2476 = ORIENTED_EDGE('',*,*,#1922,.T.);
#2477 = ORIENTED_EDGE('',*,*,#1860,.T.);
#2478 = ORIENTED_EDGE('',*,*,#1798,.T.);
#2479 = ORIENTED_EDGE('',*,*,#1736,.T.);
#2480 = ORIENTED_EDGE('',*,*,#1674,.T.);
#2481 = ORIENTED_EDGE('',*,*,#1612,.T.);
#2482 = ORIENTED_EDGE('',*,*,#1550,.T.);
#2483 = ORIENTED_EDGE('',*,*,#1488,.T.);
#2484 = ORIENTED_EDGE('',*,*,#1426,.T.);
#2485 = ORIENTED_EDGE('',*,*,#1364,.T.);
#2486 = ORIENTED_EDGE('',*,*,#1302,.T.);
#2487 = ORIENTED_EDGE('',*,*,#1240,.T.);
#2488 = ORIENTED_EDGE('',*,*,#1178,.T.);
#2489 = ORIENTED_EDGE('',*,*,#1116,.T.);
#2490 = ORIENTED_EDGE('',*,*,#1054,.T.);
#2491 = ORIENTED_EDGE('',*,*,#992,.T.);
#2492 = ORIENTED_EDGE('',*,*,#930,.T.);
#2493 = ORIENTED_EDGE('',*,*,#868,.T.);
#2494 = ORIENTED_EDGE('',*,*,#806,.T.);
#2495 = ORIENTED_EDGE('',*,*,#744,.T.);
#2496 = ORIENTED_EDGE('',*,*,#682,.T.);
#2497 = ORIENTED_EDGE('',*,*,#620,.T.);
#2498 = ORIENTED_EDGE('',*,*,#558,.T.);
#2499 = ORIENTED_EDGE('',*,*,#496,.T.);
#2500 = ORIENTED_EDGE('',*,*,#434,.T.);
#2501 = ORIENTED_EDGE('',*,*,#372,.T.);
#2502 = ORIENTED_EDGE('',*,*,#310,.T.);
#2503 = ORIENTED_EDGE('',*,*,#248,.T.);
#2504 = ORIENTED_EDGE('',*,*,#186,.T.);
#2505 = ORIENTED_EDGE('',*,*,#124,.T.);
#2506 = FACE_BOUND('',#2507,.F.);
#2507 = EDGE_LOOP('',(#2508));
#2508 = ORIENTED_EDGE('',*,*,#2193,.F.);
#2509 = FACE_BOUND('',#2510,.F.);
#2510 = EDGE_LOOP('',(#2511));
#2511 = ORIENTED_EDGE('',*,*,#2226,.F.);
#2512 = FACE_BOUND('',#2513,.F.);
#2513 = EDGE_LOOP('',(#2514));
#2514 = ORIENTED_EDGE('',*,*,#2259,.F.);
#2515 = FACE_BOUND('',#2516,.F.);
#2516 = EDGE_LOOP('',(#2517));
#2517 = ORIENTED_EDGE('',*,*,#2292,.F.);
#2518 = FACE_BOUND('',#2519,.F.);
#2519 = EDGE_LOOP('',(#2520));
#2520 = ORIENTED_EDGE('',*,*,#2325,.F.);
#2521 = FACE_BOUND('',#2522,.F.);
#2522 = EDGE_LOOP('',(#2523));
#2523 = ORIENTED_EDGE('',*,*,#2358,.F.);
#2524 = FACE_BOUND('',#2525,.F.);
#2525 = EDGE_LOOP('',(#2526));
#2526 = ORIENTED_EDGE('',*,*,#2391,.F.);
#2527 = FACE_BOUND('',#2528,.F.);
#2528 = EDGE_LOOP('',(#2529));
#2529 = ORIENTED_EDGE('',*,*,#2424,.F.);
#2530 = PLANE('',#2531);
#2531 = AXIS2_PLACEMENT_3D('',#2532,#2533,#2534);
#2532 = CARTESIAN_POINT('',(6.000000776048,-5.500000204563,-0.82));
#2533 = DIRECTION('',(0.,0.,1.));
#2534 = DIRECTION('',(1.,0.,-0.));
#2535 = ADVANCED_FACE('',(#2536,#2606,#2609,#2612,#2615,#2618,#2621,
    #2624,#2627),#2630,.T.);
#2536 = FACE_BOUND('',#2537,.T.);
#2537 = EDGE_LOOP('',(#2538,#2539,#2540,#2541,#2542,#2543,#2544,#2545,
    #2546,#2547,#2548,#2549,#2550,#2551,#2552,#2553,#2554,#2555,#2556,
    #2557,#2558,#2559,#2560,#2561,#2562,#2563,#2564,#2565,#2566,#2567,
    #2568,#2569,#2570,#2571,#2572,#2573,#2574,#2575,#2576,#2577,#2578,
    #2579,#2580,#2581,#2582,#2583,#2584,#2585,#2586,#2587,#2588,#2589,
    #2590,#2591,#2592,#2593,#2594,#2595,#2596,#2597,#2598,#2599,#2600,
    #2601,#2602,#2603,#2604,#2605));
#2538 = ORIENTED_EDGE('',*,*,#77,.T.);
#2539 = ORIENTED_EDGE('',*,*,#139,.T.);
#2540 = ORIENTED_EDGE('',*,*,#201,.T.);
#2541 = ORIENTED_EDGE('',*,*,#263,.T.);
#2542 = ORIENTED_EDGE('',*,*,#325,.T.);
#2543 = ORIENTED_EDGE('',*,*,#387,.T.);
#2544 = ORIENTED_EDGE('',*,*,#449,.T.);
#2545 = ORIENTED_EDGE('',*,*,#511,.T.);
#2546 = ORIENTED_EDGE('',*,*,#573,.T.);
#2547 = ORIENTED_EDGE('',*,*,#635,.T.);
#2548 = ORIENTED_EDGE('',*,*,#697,.T.);
#2549 = ORIENTED_EDGE('',*,*,#759,.T.);
#2550 = ORIENTED_EDGE('',*,*,#821,.T.);
#2551 = ORIENTED_EDGE('',*,*,#883,.T.);
#2552 = ORIENTED_EDGE('',*,*,#945,.T.);
#2553 = ORIENTED_EDGE('',*,*,#1007,.T.);
#2554 = ORIENTED_EDGE('',*,*,#1069,.T.);
#2555 = ORIENTED_EDGE('',*,*,#1131,.T.);
#2556 = ORIENTED_EDGE('',*,*,#1193,.T.);
#2557 = ORIENTED_EDGE('',*,*,#1255,.T.);
#2558 = ORIENTED_EDGE('',*,*,#1317,.T.);
#2559 = ORIENTED_EDGE('',*,*,#1379,.T.);
#2560 = ORIENTED_EDGE('',*,*,#1441,.T.);
#2561 = ORIENTED_EDGE('',*,*,#1503,.T.);
#2562 = ORIENTED_EDGE('',*,*,#1565,.T.);
#2563 = ORIENTED_EDGE('',*,*,#1627,.T.);
#2564 = ORIENTED_EDGE('',*,*,#1689,.T.);
#2565 = ORIENTED_EDGE('',*,*,#1751,.T.);
#2566 = ORIENTED_EDGE('',*,*,#1813,.T.);
#2567 = ORIENTED_EDGE('',*,*,#1875,.T.);
#2568 = ORIENTED_EDGE('',*,*,#1937,.T.);
#2569 = ORIENTED_EDGE('',*,*,#1999,.T.);
#2570 = ORIENTED_EDGE('',*,*,#2061,.T.);
#2571 = ORIENTED_EDGE('',*,*,#2123,.T.);
#2572 = ORIENTED_EDGE('',*,*,#2154,.T.);
#2573 = ORIENTED_EDGE('',*,*,#2101,.T.);
#2574 = ORIENTED_EDGE('',*,*,#2039,.T.);
#2575 = ORIENTED_EDGE('',*,*,#1977,.T.);
#2576 = ORIENTED_EDGE('',*,*,#1915,.T.);
#2577 = ORIENTED_EDGE('',*,*,#1853,.T.);
#2578 = ORIENTED_EDGE('',*,*,#1791,.T.);
#2579 = ORIENTED_EDGE('',*,*,#1729,.T.);
#2580 = ORIENTED_EDGE('',*,*,#1667,.T.);
#2581 = ORIENTED_EDGE('',*,*,#1605,.T.);
#2582 = ORIENTED_EDGE('',*,*,#1543,.T.);
#2583 = ORIENTED_EDGE('',*,*,#1481,.T.);
#2584 = ORIENTED_EDGE('',*,*,#1419,.T.);
#2585 = ORIENTED_EDGE('',*,*,#1357,.T.);
#2586 = ORIENTED_EDGE('',*,*,#1295,.T.);
#2587 = ORIENTED_EDGE('',*,*,#1233,.T.);
#2588 = ORIENTED_EDGE('',*,*,#1171,.T.);
#2589 = ORIENTED_EDGE('',*,*,#1109,.T.);
#2590 = ORIENTED_EDGE('',*,*,#1047,.T.);
#2591 = ORIENTED_EDGE('',*,*,#985,.T.);
#2592 = ORIENTED_EDGE('',*,*,#923,.T.);
#2593 = ORIENTED_EDGE('',*,*,#861,.T.);
#2594 = ORIENTED_EDGE('',*,*,#799,.T.);
#2595 = ORIENTED_EDGE('',*,*,#737,.T.);
#2596 = ORIENTED_EDGE('',*,*,#675,.T.);
#2597 = ORIENTED_EDGE('',*,*,#613,.T.);
#2598 = ORIENTED_EDGE('',*,*,#551,.T.);
#2599 = ORIENTED_EDGE('',*,*,#489,.T.);
#2600 = ORIENTED_EDGE('',*,*,#427,.T.);
#2601 = ORIENTED_EDGE('',*,*,#365,.T.);
#2602 = ORIENTED_EDGE('',*,*,#303,.T.);
#2603 = ORIENTED_EDGE('',*,*,#241,.T.);
#2604 = ORIENTED_EDGE('',*,*,#179,.T.);
#2605 = ORIENTED_EDGE('',*,*,#117,.T.);
#2606 = FACE_BOUND('',#2607,.T.);
#2607 = EDGE_LOOP('',(#2608));
#2608 = ORIENTED_EDGE('',*,*,#2185,.F.);
#2609 = FACE_BOUND('',#2610,.T.);
#2610 = EDGE_LOOP('',(#2611));
#2611 = ORIENTED_EDGE('',*,*,#2218,.F.);
#2612 = FACE_BOUND('',#2613,.T.);
#2613 = EDGE_LOOP('',(#2614));
#2614 = ORIENTED_EDGE('',*,*,#2251,.F.);
#2615 = FACE_BOUND('',#2616,.T.);
#2616 = EDGE_LOOP('',(#2617));
#2617 = ORIENTED_EDGE('',*,*,#2284,.F.);
#2618 = FACE_BOUND('',#2619,.T.);
#2619 = EDGE_LOOP('',(#2620));
#2620 = ORIENTED_EDGE('',*,*,#2317,.F.);
#2621 = FACE_BOUND('',#2622,.T.);
#2622 = EDGE_LOOP('',(#2623));
#2623 = ORIENTED_EDGE('',*,*,#2350,.F.);
#2624 = FACE_BOUND('',#2625,.T.);
#2625 = EDGE_LOOP('',(#2626));
#2626 = ORIENTED_EDGE('',*,*,#2383,.F.);
#2627 = FACE_BOUND('',#2628,.T.);
#2628 = EDGE_LOOP('',(#2629));
#2629 = ORIENTED_EDGE('',*,*,#2416,.F.);
#2630 = PLANE('',#2631);
#2631 = AXIS2_PLACEMENT_3D('',#2632,#2633,#2634);
#2632 = CARTESIAN_POINT('',(6.000000776048,-5.500000204563,0.82));
#2633 = DIRECTION('',(0.,0.,1.));
#2634 = DIRECTION('',(1.,0.,-0.));
#2635 = ( GEOMETRIC_REPRESENTATION_CONTEXT(3) 
GLOBAL_UNCERTAINTY_ASSIGNED_CONTEXT((#2639)) 
GLOBAL_UNIT_ASSIGNED_CONTEXT((#2636,#2637,#2638)) REPRESENTATION_CONTEXT
('Context #1','3D Context with UNIT and UNCERTAINTY') );
#2636 = ( LENGTH_UNIT() NAMED_UNIT(*) SI_UNIT(.MILLI.,.METRE.) );
#2637 = ( NAMED_UNIT(*) PLANE_ANGLE_UNIT() SI_UNIT($,.RADIAN.) );
#2638 = ( NAMED_UNIT(*) SI_UNIT($,.STERADIAN.) SOLID_ANGLE_UNIT() );
#2639 = UNCERTAINTY_MEASURE_WITH_UNIT(LENGTH_MEASURE(1.E-07),#2636,
  'distance_accuracy_value','confusion accuracy');
#2640 = CONTEXT_DEPENDENT_SHAPE_REPRESENTATION(#2641,#2643);
#2641 = ( REPRESENTATION_RELATIONSHIP('','',#60,#10) 
REPRESENTATION_RELATIONSHIP_WITH_TRANSFORMATION(#2642) 
SHAPE_REPRESENTATION_RELATIONSHIP() );
#2642 = ITEM_DEFINED_TRANSFORMATION('','',#11,#15);
#2643 = PRODUCT_DEFINITION_SHAPE('Placement','Placement of an item',
  #2644);
#2644 = NEXT_ASSEMBLY_USAGE_OCCURRENCE('1','Board','',#5,#55,$);
#2645 = PRODUCT_RELATED_PRODUCT_CATEGORY('part',$,(#57));
#2646 = SHAPE_DEFINITION_REPRESENTATION(#2647,#2653);
#2647 = PRODUCT_DEFINITION_SHAPE('','',#2648);
#2648 = PRODUCT_DEFINITION('design','',#2649,#2652);
#2649 = PRODUCT_DEFINITION_FORMATION('','',#2650);
#2650 = PRODUCT('L1','L1','',(#2651));
#2651 = PRODUCT_CONTEXT('',#2,'mechanical');
#2652 = PRODUCT_DEFINITION_CONTEXT('part definition',#2,'design');
#2653 = SHAPE_REPRESENTATION('',(#11,#2654),#2658);
#2654 = AXIS2_PLACEMENT_3D('',#2655,#2656,#2657);
#2655 = CARTESIAN_POINT('',(0.,0.,0.));
#2656 = DIRECTION('',(0.,0.,1.));
#2657 = DIRECTION('',(1.,0.,-0.));
#2658 = ( GEOMETRIC_REPRESENTATION_CONTEXT(3) 
GLOBAL_UNCERTAINTY_ASSIGNED_CONTEXT((#2662)) 
GLOBAL_UNIT_ASSIGNED_CONTEXT((#2659,#2660,#2661)) REPRESENTATION_CONTEXT
('Context #1','3D Context with UNIT and UNCERTAINTY') );
#2659 = ( LENGTH_UNIT() NAMED_UNIT(*) SI_UNIT(.MILLI.,.METRE.) );
#2660 = ( NAMED_UNIT(*) PLANE_ANGLE_UNIT() SI_UNIT($,.RADIAN.) );
#2661 = ( NAMED_UNIT(*) SI_UNIT($,.STERADIAN.) SOLID_ANGLE_UNIT() );
#2662 = UNCERTAINTY_MEASURE_WITH_UNIT(LENGTH_MEASURE(1.E-06),#2659,
  'distance_accuracy_value','confusion accuracy');
#2663 = CONTEXT_DEPENDENT_SHAPE_REPRESENTATION(#2664,#2666);
#2664 = ( REPRESENTATION_RELATIONSHIP('','',#2653,#10) 
REPRESENTATION_RELATIONSHIP_WITH_TRANSFORMATION(#2665) 
SHAPE_REPRESENTATION_RELATIONSHIP() );
#2665 = ITEM_DEFINED_TRANSFORMATION('','',#11,#19);
#2666 = PRODUCT_DEFINITION_SHAPE('Placement','Placement of an item',
  #2667);
#2667 = NEXT_ASSEMBLY_USAGE_OCCURRENCE('7','L1','',#5,#2648,$);
#2668 = PRODUCT_RELATED_PRODUCT_CATEGORY('part',$,(#2650));
#2669 = SHAPE_DEFINITION_REPRESENTATION(#2670,#2676);
#2670 = PRODUCT_DEFINITION_SHAPE('','',#2671);
#2671 = PRODUCT_DEFINITION('design','',#2672,#2675);
#2672 = PRODUCT_DEFINITION_FORMATION('','',#2673);
#2673 = PRODUCT('Package','Package','',(#2674));
#2674 = PRODUCT_CONTEXT('',#2,'mechanical');
#2675 = PRODUCT_DEFINITION_CONTEXT('part definition',#2,'design');
#2676 = SHAPE_REPRESENTATION('',(#11,#2677),#2681);
#2677 = AXIS2_PLACEMENT_3D('',#2678,#2679,#2680);
#2678 = CARTESIAN_POINT('',(2.,0.,0.));
#2679 = DIRECTION('',(0.,-1.,-2.22044604925E-16));
#2680 = DIRECTION('',(1.,0.,0.));
#2681 = ( GEOMETRIC_REPRESENTATION_CONTEXT(3) 
GLOBAL_UNCERTAINTY_ASSIGNED_CONTEXT((#2685)) 
GLOBAL_UNIT_ASSIGNED_CONTEXT((#2682,#2683,#2684)) REPRESENTATION_CONTEXT
('Context #1','3D Context with UNIT and UNCERTAINTY') );
#2682 = ( LENGTH_UNIT() NAMED_UNIT(*) SI_UNIT(.MILLI.,.METRE.) );
#2683 = ( NAMED_UNIT(*) PLANE_ANGLE_UNIT() SI_UNIT($,.RADIAN.) );
#2684 = ( NAMED_UNIT(*) SI_UNIT($,.STERADIAN.) SOLID_ANGLE_UNIT() );
#2685 = UNCERTAINTY_MEASURE_WITH_UNIT(LENGTH_MEASURE(1.E-06),#2682,
  'distance_accuracy_value','confusion accuracy');
#2686 = CONTEXT_DEPENDENT_SHAPE_REPRESENTATION(#2687,#2689);
#2687 = ( REPRESENTATION_RELATIONSHIP('','',#2676,#2653) 
REPRESENTATION_RELATIONSHIP_WITH_TRANSFORMATION(#2688) 
SHAPE_REPRESENTATION_RELATIONSHIP() );
#2688 = ITEM_DEFINED_TRANSFORMATION('','',#11,#2654);
#2689 = PRODUCT_DEFINITION_SHAPE('Placement','Placement of an item',
  #2690);
#2690 = NEXT_ASSEMBLY_USAGE_OCCURRENCE('6','Package','',#2648,#2671,$);
#2691 = PRODUCT_RELATED_PRODUCT_CATEGORY('part',$,(#2673));
#2692 = SHAPE_DEFINITION_REPRESENTATION(#2693,#2699);
#2693 = PRODUCT_DEFINITION_SHAPE('','',#2694);
#2694 = PRODUCT_DEFINITION('design','',#2695,#2698);
#2695 = PRODUCT_DEFINITION_FORMATION('','',#2696);
#2696 = PRODUCT('Body_1','Body_1','',(#2697));
#2697 = PRODUCT_CONTEXT('',#2,'mechanical');
#2698 = PRODUCT_DEFINITION_CONTEXT('part definition',#2,'design');
#2699 = SHAPE_REPRESENTATION('',(#11,#2700,#2704,#2708),#2712);
#2700 = AXIS2_PLACEMENT_3D('',#2701,#2702,#2703);
#2701 = CARTESIAN_POINT('',(0.,0.,0.));
#2702 = DIRECTION('',(0.,0.,1.));
#2703 = DIRECTION('',(1.,0.,-0.));
#2704 = AXIS2_PLACEMENT_3D('',#2705,#2706,#2707);
#2705 = CARTESIAN_POINT('',(0.,0.,0.));
#2706 = DIRECTION('',(0.,0.,1.));
#2707 = DIRECTION('',(1.,0.,-0.));
#2708 = AXIS2_PLACEMENT_3D('',#2709,#2710,#2711);
#2709 = CARTESIAN_POINT('',(0.,0.,0.));
#2710 = DIRECTION('',(0.,0.,1.));
#2711 = DIRECTION('',(1.,0.,-0.));
#2712 = ( GEOMETRIC_REPRESENTATION_CONTEXT(3) 
GLOBAL_UNCERTAINTY_ASSIGNED_CONTEXT((#2716)) 
GLOBAL_UNIT_ASSIGNED_CONTEXT((#2713,#2714,#2715)) REPRESENTATION_CONTEXT
('Context #1','3D Context with UNIT and UNCERTAINTY') );
#2713 = ( LENGTH_UNIT() NAMED_UNIT(*) SI_UNIT(.MILLI.,.METRE.) );
#2714 = ( NAMED_UNIT(*) PLANE_ANGLE_UNIT() SI_UNIT($,.RADIAN.) );
#2715 = ( NAMED_UNIT(*) SI_UNIT($,.STERADIAN.) SOLID_ANGLE_UNIT() );
#2716 = UNCERTAINTY_MEASURE_WITH_UNIT(LENGTH_MEASURE(1.E-06),#2713,
  'distance_accuracy_value','confusion accuracy');
#2717 = CONTEXT_DEPENDENT_SHAPE_REPRESENTATION(#2718,#2720);
#2718 = ( REPRESENTATION_RELATIONSHIP('','',#2699,#2676) 
REPRESENTATION_RELATIONSHIP_WITH_TRANSFORMATION(#2719) 
SHAPE_REPRESENTATION_RELATIONSHIP() );
#2719 = ITEM_DEFINED_TRANSFORMATION('','',#11,#2677);
#2720 = PRODUCT_DEFINITION_SHAPE('Placement','Placement of an item',
  #2721);
#2721 = NEXT_ASSEMBLY_USAGE_OCCURRENCE('5','Body_1','',#2671,#2694,$);
#2722 = PRODUCT_RELATED_PRODUCT_CATEGORY('part',$,(#2696));
#2723 = SHAPE_DEFINITION_REPRESENTATION(#2724,#2730);
#2724 = PRODUCT_DEFINITION_SHAPE('','',#2725);
#2725 = PRODUCT_DEFINITION('design','',#2726,#2729);
#2726 = PRODUCT_DEFINITION_FORMATION('','',#2727);
#2727 = PRODUCT('=>[0:1:1:3]','=>[0:1:1:3]','',(#2728));
#2728 = PRODUCT_CONTEXT('',#2,'mechanical');
#2729 = PRODUCT_DEFINITION_CONTEXT('part definition',#2,'design');
#2730 = ADVANCED_BREP_SHAPE_REPRESENTATION('',(#11,#2731),#4477);
#2731 = MANIFOLD_SOLID_BREP('',#2732);
#2732 = CLOSED_SHELL('',(#2733,#2802,#2858,#2898,#2957,#2988,#3019,#3050
    ,#3111,#3142,#3164,#3220,#3292,#3325,#3433,#3473,#3504,#3535,#3566,
    #3597,#3628,#3659,#3690,#3721,#3752,#3783,#3805,#3825,#3856,#3874,
    #3892,#3910,#3928,#3946,#3971,#3995,#4013,#4031,#4049,#4067,#4085,
    #4103,#4121,#4139,#4157,#4175,#4187,#4218,#4236,#4254,#4272,#4290,
    #4321,#4333,#4357,#4375,#4393,#4411,#4429,#4447,#4465));
#2733 = ADVANCED_FACE('',(#2734),#2797,.T.);
#2734 = FACE_BOUND('',#2735,.T.);
#2735 = EDGE_LOOP('',(#2736,#2747,#2755,#2764,#2772,#2781,#2790));
#2736 = ORIENTED_EDGE('',*,*,#2737,.T.);
#2737 = EDGE_CURVE('',#2738,#2740,#2742,.T.);
#2738 = VERTEX_POINT('',#2739);
#2739 = CARTESIAN_POINT('',(2.2,3.199999999993,0.67082039325));
#2740 = VERTEX_POINT('',#2741);
#2741 = CARTESIAN_POINT('',(2.816687638039E-16,3.199999999993,2.3));
#2742 = CIRCLE('',#2743,2.3);
#2743 = AXIS2_PLACEMENT_3D('',#2744,#2745,#2746);
#2744 = CARTESIAN_POINT('',(0.,3.199999999993,0.));
#2745 = DIRECTION('',(0.,-1.,0.));
#2746 = DIRECTION('',(0.,0.,-1.));
#2747 = ORIENTED_EDGE('',*,*,#2748,.T.);
#2748 = EDGE_CURVE('',#2740,#2749,#2751,.T.);
#2749 = VERTEX_POINT('',#2750);
#2750 = CARTESIAN_POINT('',(2.816687638039E-16,0.900000000001,2.3));
#2751 = LINE('',#2752,#2753);
#2752 = CARTESIAN_POINT('',(2.816687638039E-16,5.E+05,2.3));
#2753 = VECTOR('',#2754,1.);
#2754 = DIRECTION('',(-0.,-1.,-0.));
#2755 = ORIENTED_EDGE('',*,*,#2756,.T.);
#2756 = EDGE_CURVE('',#2749,#2757,#2759,.T.);
#2757 = VERTEX_POINT('',#2758);
#2758 = CARTESIAN_POINT('',(0.,0.900000000001,-2.3));
#2759 = CIRCLE('',#2760,2.3);
#2760 = AXIS2_PLACEMENT_3D('',#2761,#2762,#2763);
#2761 = CARTESIAN_POINT('',(0.,0.900000000001,0.));
#2762 = DIRECTION('',(0.,1.,-0.));
#2763 = DIRECTION('',(0.,0.,1.));
#2764 = ORIENTED_EDGE('',*,*,#2765,.F.);
#2765 = EDGE_CURVE('',#2766,#2757,#2768,.T.);
#2766 = VERTEX_POINT('',#2767);
#2767 = CARTESIAN_POINT('',(0.,3.199999999993,-2.3));
#2768 = LINE('',#2769,#2770);
#2769 = CARTESIAN_POINT('',(0.,5.E+05,-2.3));
#2770 = VECTOR('',#2771,1.);
#2771 = DIRECTION('',(-0.,-1.,-0.));
#2772 = ORIENTED_EDGE('',*,*,#2773,.T.);
#2773 = EDGE_CURVE('',#2766,#2774,#2776,.T.);
#2774 = VERTEX_POINT('',#2775);
#2775 = CARTESIAN_POINT('',(2.2,3.199999999993,-0.67082039325));
#2776 = CIRCLE('',#2777,2.3);
#2777 = AXIS2_PLACEMENT_3D('',#2778,#2779,#2780);
#2778 = CARTESIAN_POINT('',(0.,3.199999999993,0.));
#2779 = DIRECTION('',(0.,-1.,0.));
#2780 = DIRECTION('',(0.,0.,-1.));
#2781 = ORIENTED_EDGE('',*,*,#2782,.T.);
#2782 = EDGE_CURVE('',#2774,#2783,#2785,.T.);
#2783 = VERTEX_POINT('',#2784);
#2784 = CARTESIAN_POINT('',(2.3,3.199999999993,-2.933723525549E-16));
#2785 = CIRCLE('',#2786,2.3);
#2786 = AXIS2_PLACEMENT_3D('',#2787,#2788,#2789);
#2787 = CARTESIAN_POINT('',(0.,3.199999999993,0.));
#2788 = DIRECTION('',(0.,-1.,0.));
#2789 = DIRECTION('',(0.,0.,-1.));
#2790 = ORIENTED_EDGE('',*,*,#2791,.T.);
#2791 = EDGE_CURVE('',#2783,#2738,#2792,.T.);
#2792 = CIRCLE('',#2793,2.3);
#2793 = AXIS2_PLACEMENT_3D('',#2794,#2795,#2796);
#2794 = CARTESIAN_POINT('',(0.,3.199999999993,0.));
#2795 = DIRECTION('',(0.,-1.,0.));
#2796 = DIRECTION('',(0.,0.,-1.));
#2797 = CYLINDRICAL_SURFACE('',#2798,2.3);
#2798 = AXIS2_PLACEMENT_3D('',#2799,#2800,#2801);
#2799 = CARTESIAN_POINT('',(0.,5.E+05,0.));
#2800 = DIRECTION('',(-0.,-1.,-0.));
#2801 = DIRECTION('',(0.,0.,-1.));
#2802 = ADVANCED_FACE('',(#2803),#2853,.T.);
#2803 = FACE_BOUND('',#2804,.T.);
#2804 = EDGE_LOOP('',(#2805,#2815,#2823,#2830,#2831,#2839,#2847));
#2805 = ORIENTED_EDGE('',*,*,#2806,.T.);
#2806 = EDGE_CURVE('',#2807,#2809,#2811,.T.);
#2807 = VERTEX_POINT('',#2808);
#2808 = CARTESIAN_POINT('',(-1.458578643763,3.2,2.4));
#2809 = VERTEX_POINT('',#2810);
#2810 = CARTESIAN_POINT('',(-2.2,3.2,1.658578643763));
#2811 = LINE('',#2812,#2813);
#2812 = CARTESIAN_POINT('',(7.071067811866E-02,3.2,3.929289321881));
#2813 = VECTOR('',#2814,1.);
#2814 = DIRECTION('',(-0.707106781187,-0.,-0.707106781187));
#2815 = ORIENTED_EDGE('',*,*,#2816,.T.);
#2816 = EDGE_CURVE('',#2809,#2817,#2819,.T.);
#2817 = VERTEX_POINT('',#2818);
#2818 = CARTESIAN_POINT('',(-2.2,3.199999999993,0.67082039325));
#2819 = LINE('',#2820,#2821);
#2820 = CARTESIAN_POINT('',(-2.2,3.2,-1.007670254428E-15));
#2821 = VECTOR('',#2822,1.);
#2822 = DIRECTION('',(1.27553196763E-16,-0.,-1.));
#2823 = ORIENTED_EDGE('',*,*,#2824,.F.);
#2824 = EDGE_CURVE('',#2740,#2817,#2825,.T.);
#2825 = CIRCLE('',#2826,2.3);
#2826 = AXIS2_PLACEMENT_3D('',#2827,#2828,#2829);
#2827 = CARTESIAN_POINT('',(0.,3.199999999993,0.));
#2828 = DIRECTION('',(0.,-1.,0.));
#2829 = DIRECTION('',(0.,0.,-1.));
#2830 = ORIENTED_EDGE('',*,*,#2737,.F.);
#2831 = ORIENTED_EDGE('',*,*,#2832,.T.);
#2832 = EDGE_CURVE('',#2738,#2833,#2835,.T.);
#2833 = VERTEX_POINT('',#2834);
#2834 = CARTESIAN_POINT('',(2.2,3.2,1.658578643763));
#2835 = LINE('',#2836,#2837);
#2836 = CARTESIAN_POINT('',(2.2,3.2,1.27553196763E-17));
#2837 = VECTOR('',#2838,1.);
#2838 = DIRECTION('',(1.27553196763E-16,-0.,1.));
#2839 = ORIENTED_EDGE('',*,*,#2840,.T.);
#2840 = EDGE_CURVE('',#2833,#2841,#2843,.T.);
#2841 = VERTEX_POINT('',#2842);
#2842 = CARTESIAN_POINT('',(1.458578643763,3.2,2.4));
#2843 = LINE('',#2844,#2845);
#2844 = CARTESIAN_POINT('',(3.929289321881,3.2,-7.071067811866E-02));
#2845 = VECTOR('',#2846,1.);
#2846 = DIRECTION('',(-0.707106781187,-0.,0.707106781187));
#2847 = ORIENTED_EDGE('',*,*,#2848,.T.);
#2848 = EDGE_CURVE('',#2841,#2807,#2849,.T.);
#2849 = LINE('',#2850,#2851);
#2850 = CARTESIAN_POINT('',(4.,3.2,2.4));
#2851 = VECTOR('',#2852,1.);
#2852 = DIRECTION('',(-1.,-0.,-0.));
#2853 = PLANE('',#2854);
#2854 = AXIS2_PLACEMENT_3D('',#2855,#2856,#2857);
#2855 = CARTESIAN_POINT('',(4.,3.2,-2.168404344971E-16));
#2856 = DIRECTION('',(0.,-1.,0.));
#2857 = DIRECTION('',(0.,-0.,-1.));
#2858 = ADVANCED_FACE('',(#2859),#2893,.T.);
#2859 = FACE_BOUND('',#2860,.T.);
#2860 = EDGE_LOOP('',(#2861,#2871,#2879,#2887));
#2861 = ORIENTED_EDGE('',*,*,#2862,.F.);
#2862 = EDGE_CURVE('',#2863,#2865,#2867,.T.);
#2863 = VERTEX_POINT('',#2864);
#2864 = CARTESIAN_POINT('',(2.3,3.3,-1.7));
#2865 = VERTEX_POINT('',#2866);
#2866 = CARTESIAN_POINT('',(2.3,3.9,-1.7));
#2867 = LINE('',#2868,#2869);
#2868 = CARTESIAN_POINT('',(2.3,3.2,-1.7));
#2869 = VECTOR('',#2870,1.);
#2870 = DIRECTION('',(0.,1.,0.));
#2871 = ORIENTED_EDGE('',*,*,#2872,.T.);
#2872 = EDGE_CURVE('',#2863,#2873,#2875,.T.);
#2873 = VERTEX_POINT('',#2874);
#2874 = CARTESIAN_POINT('',(1.5,3.3,-2.5));
#2875 = LINE('',#2876,#2877);
#2876 = CARTESIAN_POINT('',(1.5,3.3,-2.5));
#2877 = VECTOR('',#2878,1.);
#2878 = DIRECTION('',(-0.707106781187,0.,-0.707106781187));
#2879 = ORIENTED_EDGE('',*,*,#2880,.T.);
#2880 = EDGE_CURVE('',#2873,#2881,#2883,.T.);
#2881 = VERTEX_POINT('',#2882);
#2882 = CARTESIAN_POINT('',(1.5,3.9,-2.5));
#2883 = LINE('',#2884,#2885);
#2884 = CARTESIAN_POINT('',(1.5,3.2,-2.5));
#2885 = VECTOR('',#2886,1.);
#2886 = DIRECTION('',(0.,1.,0.));
#2887 = ORIENTED_EDGE('',*,*,#2888,.T.);
#2888 = EDGE_CURVE('',#2881,#2865,#2889,.T.);
#2889 = LINE('',#2890,#2891);
#2890 = CARTESIAN_POINT('',(2.3,3.9,-1.7));
#2891 = VECTOR('',#2892,1.);
#2892 = DIRECTION('',(0.707106781187,-0.,0.707106781187));
#2893 = PLANE('',#2894);
#2894 = AXIS2_PLACEMENT_3D('',#2895,#2896,#2897);
#2895 = CARTESIAN_POINT('',(1.5,3.2,-2.5));
#2896 = DIRECTION('',(0.707106781187,0.,-0.707106781187));
#2897 = DIRECTION('',(-0.707106781187,0.,-0.707106781187));
#2898 = ADVANCED_FACE('',(#2899),#2952,.T.);
#2899 = FACE_BOUND('',#2900,.T.);
#2900 = EDGE_LOOP('',(#2901,#2911,#2919,#2928,#2939,#2945,#2946));
#2901 = ORIENTED_EDGE('',*,*,#2902,.F.);
#2902 = EDGE_CURVE('',#2903,#2905,#2907,.T.);
#2903 = VERTEX_POINT('',#2904);
#2904 = CARTESIAN_POINT('',(2.3,3.3,1.7));
#2905 = VERTEX_POINT('',#2906);
#2906 = CARTESIAN_POINT('',(2.3,3.9,1.7));
#2907 = LINE('',#2908,#2909);
#2908 = CARTESIAN_POINT('',(2.3,3.2,1.7));
#2909 = VECTOR('',#2910,1.);
#2910 = DIRECTION('',(0.,1.,0.));
#2911 = ORIENTED_EDGE('',*,*,#2912,.T.);
#2912 = EDGE_CURVE('',#2903,#2913,#2915,.T.);
#2913 = VERTEX_POINT('',#2914);
#2914 = CARTESIAN_POINT('',(2.3,3.299999999993,0.67082039325));
#2915 = LINE('',#2916,#2917);
#2916 = CARTESIAN_POINT('',(2.3,3.3,-1.7));
#2917 = VECTOR('',#2918,1.);
#2918 = DIRECTION('',(-1.27553196763E-16,0.,-1.));
#2919 = ORIENTED_EDGE('',*,*,#2920,.T.);
#2920 = EDGE_CURVE('',#2913,#2783,#2921,.T.);
#2921 = B_SPLINE_CURVE_WITH_KNOTS('',3,(#2922,#2923,#2924,#2925,#2926,
    #2927),.UNSPECIFIED.,.F.,.F.,(4,2,4),(0.,3.396714725782E-04,
    6.793429451564E-04),.UNSPECIFIED.);
#2922 = CARTESIAN_POINT('',(2.3,3.299999999993,0.67082039325));
#2923 = CARTESIAN_POINT('',(2.3,3.299999999993,0.557338772497));
#2924 = CARTESIAN_POINT('',(2.3,3.285123022116,0.4446576704));
#2925 = CARTESIAN_POINT('',(2.3,3.247318479507,0.221457577336));
#2926 = CARTESIAN_POINT('',(2.3,3.223607671269,0.110735325085));
#2927 = CARTESIAN_POINT('',(2.3,3.199999999993,-2.933723525549E-16));
#2928 = ORIENTED_EDGE('',*,*,#2929,.T.);
#2929 = EDGE_CURVE('',#2783,#2930,#2932,.T.);
#2930 = VERTEX_POINT('',#2931);
#2931 = CARTESIAN_POINT('',(2.3,3.3,-0.67082039325));
#2932 = B_SPLINE_CURVE_WITH_KNOTS('',3,(#2933,#2934,#2935,#2936,#2937,
    #2938),.UNSPECIFIED.,.F.,.F.,(4,2,4),(-9.380831527976E-06,
    3.301593467005E-04,6.696995249289E-04),.UNSPECIFIED.);
#2933 = CARTESIAN_POINT('',(2.3,3.199999999993,-2.933723525549E-16));
#2934 = CARTESIAN_POINT('',(2.3,3.223598546117,-0.11069252219));
#2935 = CARTESIAN_POINT('',(2.3,3.247318016287,-0.221455170218));
#2936 = CARTESIAN_POINT('',(2.3,3.285122871271,-0.444656452051));
#2937 = CARTESIAN_POINT('',(2.3,3.299999999993,-0.557338158065));
#2938 = CARTESIAN_POINT('',(2.3,3.3,-0.67082039325));
#2939 = ORIENTED_EDGE('',*,*,#2940,.T.);
#2940 = EDGE_CURVE('',#2930,#2863,#2941,.T.);
#2941 = LINE('',#2942,#2943);
#2942 = CARTESIAN_POINT('',(2.3,3.3,-1.7));
#2943 = VECTOR('',#2944,1.);
#2944 = DIRECTION('',(-1.27553196763E-16,0.,-1.));
#2945 = ORIENTED_EDGE('',*,*,#2862,.T.);
#2946 = ORIENTED_EDGE('',*,*,#2947,.T.);
#2947 = EDGE_CURVE('',#2865,#2905,#2948,.T.);
#2948 = LINE('',#2949,#2950);
#2949 = CARTESIAN_POINT('',(2.3,3.9,1.7));
#2950 = VECTOR('',#2951,1.);
#2951 = DIRECTION('',(1.27553196763E-16,-0.,1.));
#2952 = PLANE('',#2953);
#2953 = AXIS2_PLACEMENT_3D('',#2954,#2955,#2956);
#2954 = CARTESIAN_POINT('',(2.3,3.2,-1.7));
#2955 = DIRECTION('',(1.,0.,-1.27553196763E-16));
#2956 = DIRECTION('',(-1.27553196763E-16,0.,-1.));
#2957 = ADVANCED_FACE('',(#2958),#2983,.T.);
#2958 = FACE_BOUND('',#2959,.T.);
#2959 = EDGE_LOOP('',(#2960,#2970,#2976,#2977));
#2960 = ORIENTED_EDGE('',*,*,#2961,.F.);
#2961 = EDGE_CURVE('',#2962,#2964,#2966,.T.);
#2962 = VERTEX_POINT('',#2963);
#2963 = CARTESIAN_POINT('',(1.5,3.3,2.5));
#2964 = VERTEX_POINT('',#2965);
#2965 = CARTESIAN_POINT('',(1.5,3.9,2.5));
#2966 = LINE('',#2967,#2968);
#2967 = CARTESIAN_POINT('',(1.5,3.2,2.5));
#2968 = VECTOR('',#2969,1.);
#2969 = DIRECTION('',(0.,1.,0.));
#2970 = ORIENTED_EDGE('',*,*,#2971,.T.);
#2971 = EDGE_CURVE('',#2962,#2903,#2972,.T.);
#2972 = LINE('',#2973,#2974);
#2973 = CARTESIAN_POINT('',(2.3,3.3,1.7));
#2974 = VECTOR('',#2975,1.);
#2975 = DIRECTION('',(0.707106781187,0.,-0.707106781187));
#2976 = ORIENTED_EDGE('',*,*,#2902,.T.);
#2977 = ORIENTED_EDGE('',*,*,#2978,.T.);
#2978 = EDGE_CURVE('',#2905,#2964,#2979,.T.);
#2979 = LINE('',#2980,#2981);
#2980 = CARTESIAN_POINT('',(1.5,3.9,2.5));
#2981 = VECTOR('',#2982,1.);
#2982 = DIRECTION('',(-0.707106781187,-0.,0.707106781187));
#2983 = PLANE('',#2984);
#2984 = AXIS2_PLACEMENT_3D('',#2985,#2986,#2987);
#2985 = CARTESIAN_POINT('',(2.3,3.2,1.7));
#2986 = DIRECTION('',(0.707106781187,-0.,0.707106781187));
#2987 = DIRECTION('',(0.707106781187,0.,-0.707106781187));
#2988 = ADVANCED_FACE('',(#2989),#3014,.T.);
#2989 = FACE_BOUND('',#2990,.T.);
#2990 = EDGE_LOOP('',(#2991,#3001,#3007,#3008));
#2991 = ORIENTED_EDGE('',*,*,#2992,.F.);
#2992 = EDGE_CURVE('',#2993,#2995,#2997,.T.);
#2993 = VERTEX_POINT('',#2994);
#2994 = CARTESIAN_POINT('',(-1.5,3.3,2.5));
#2995 = VERTEX_POINT('',#2996);
#2996 = CARTESIAN_POINT('',(-1.5,3.9,2.5));
#2997 = LINE('',#2998,#2999);
#2998 = CARTESIAN_POINT('',(-1.5,3.2,2.5));
#2999 = VECTOR('',#3000,1.);
#3000 = DIRECTION('',(0.,1.,0.));
#3001 = ORIENTED_EDGE('',*,*,#3002,.T.);
#3002 = EDGE_CURVE('',#2993,#2962,#3003,.T.);
#3003 = LINE('',#3004,#3005);
#3004 = CARTESIAN_POINT('',(1.5,3.3,2.5));
#3005 = VECTOR('',#3006,1.);
#3006 = DIRECTION('',(1.,0.,0.));
#3007 = ORIENTED_EDGE('',*,*,#2961,.T.);
#3008 = ORIENTED_EDGE('',*,*,#3009,.T.);
#3009 = EDGE_CURVE('',#2964,#2995,#3010,.T.);
#3010 = LINE('',#3011,#3012);
#3011 = CARTESIAN_POINT('',(-1.5,3.9,2.5));
#3012 = VECTOR('',#3013,1.);
#3013 = DIRECTION('',(-1.,-0.,0.));
#3014 = PLANE('',#3015);
#3015 = AXIS2_PLACEMENT_3D('',#3016,#3017,#3018);
#3016 = CARTESIAN_POINT('',(1.5,3.2,2.5));
#3017 = DIRECTION('',(0.,-0.,1.));
#3018 = DIRECTION('',(1.,0.,0.));
#3019 = ADVANCED_FACE('',(#3020),#3045,.T.);
#3020 = FACE_BOUND('',#3021,.T.);
#3021 = EDGE_LOOP('',(#3022,#3032,#3038,#3039));
#3022 = ORIENTED_EDGE('',*,*,#3023,.F.);
#3023 = EDGE_CURVE('',#3024,#3026,#3028,.T.);
#3024 = VERTEX_POINT('',#3025);
#3025 = CARTESIAN_POINT('',(-2.3,3.3,1.7));
#3026 = VERTEX_POINT('',#3027);
#3027 = CARTESIAN_POINT('',(-2.3,3.9,1.7));
#3028 = LINE('',#3029,#3030);
#3029 = CARTESIAN_POINT('',(-2.3,3.2,1.7));
#3030 = VECTOR('',#3031,1.);
#3031 = DIRECTION('',(0.,1.,0.));
#3032 = ORIENTED_EDGE('',*,*,#3033,.T.);
#3033 = EDGE_CURVE('',#3024,#2993,#3034,.T.);
#3034 = LINE('',#3035,#3036);
#3035 = CARTESIAN_POINT('',(-1.5,3.3,2.5));
#3036 = VECTOR('',#3037,1.);
#3037 = DIRECTION('',(0.707106781187,0.,0.707106781187));
#3038 = ORIENTED_EDGE('',*,*,#2992,.T.);
#3039 = ORIENTED_EDGE('',*,*,#3040,.T.);
#3040 = EDGE_CURVE('',#2995,#3026,#3041,.T.);
#3041 = LINE('',#3042,#3043);
#3042 = CARTESIAN_POINT('',(-2.3,3.9,1.7));
#3043 = VECTOR('',#3044,1.);
#3044 = DIRECTION('',(-0.707106781187,0.,-0.707106781187));
#3045 = PLANE('',#3046);
#3046 = AXIS2_PLACEMENT_3D('',#3047,#3048,#3049);
#3047 = CARTESIAN_POINT('',(-1.5,3.2,2.5));
#3048 = DIRECTION('',(-0.707106781187,0.,0.707106781187));
#3049 = DIRECTION('',(0.707106781187,0.,0.707106781187));
#3050 = ADVANCED_FACE('',(#3051),#3106,.T.);
#3051 = FACE_BOUND('',#3052,.T.);
#3052 = EDGE_LOOP('',(#3053,#3066,#3072,#3073,#3081,#3089,#3097));
#3053 = ORIENTED_EDGE('',*,*,#3054,.T.);
#3054 = EDGE_CURVE('',#3055,#3057,#3059,.T.);
#3055 = VERTEX_POINT('',#3056);
#3056 = CARTESIAN_POINT('',(-2.3,3.199999999993,-2.933723525549E-16));
#3057 = VERTEX_POINT('',#3058);
#3058 = CARTESIAN_POINT('',(-2.3,3.299999999993,0.67082039325));
#3059 = B_SPLINE_CURVE_WITH_KNOTS('',3,(#3060,#3061,#3062,#3063,#3064,
    #3065),.UNSPECIFIED.,.F.,.F.,(4,2,4),(-9.380831527974E-06,
    3.301593467005E-04,6.696995249289E-04),.UNSPECIFIED.);
#3060 = CARTESIAN_POINT('',(-2.3,3.199999999993,-2.933723525549E-16));
#3061 = CARTESIAN_POINT('',(-2.3,3.223598546116,0.11069252219));
#3062 = CARTESIAN_POINT('',(-2.3,3.247318016287,0.221455170218));
#3063 = CARTESIAN_POINT('',(-2.3,3.285122871271,0.444656452051));
#3064 = CARTESIAN_POINT('',(-2.3,3.299999999993,0.557338158065));
#3065 = CARTESIAN_POINT('',(-2.3,3.299999999993,0.67082039325));
#3066 = ORIENTED_EDGE('',*,*,#3067,.T.);
#3067 = EDGE_CURVE('',#3057,#3024,#3068,.T.);
#3068 = LINE('',#3069,#3070);
#3069 = CARTESIAN_POINT('',(-2.3,3.3,-1.7));
#3070 = VECTOR('',#3071,1.);
#3071 = DIRECTION('',(-1.27553196763E-16,0.,1.));
#3072 = ORIENTED_EDGE('',*,*,#3023,.T.);
#3073 = ORIENTED_EDGE('',*,*,#3074,.T.);
#3074 = EDGE_CURVE('',#3026,#3075,#3077,.T.);
#3075 = VERTEX_POINT('',#3076);
#3076 = CARTESIAN_POINT('',(-2.3,3.9,-1.7));
#3077 = LINE('',#3078,#3079);
#3078 = CARTESIAN_POINT('',(-2.3,3.9,-1.7));
#3079 = VECTOR('',#3080,1.);
#3080 = DIRECTION('',(1.27553196763E-16,-0.,-1.));
#3081 = ORIENTED_EDGE('',*,*,#3082,.F.);
#3082 = EDGE_CURVE('',#3083,#3075,#3085,.T.);
#3083 = VERTEX_POINT('',#3084);
#3084 = CARTESIAN_POINT('',(-2.3,3.3,-1.7));
#3085 = LINE('',#3086,#3087);
#3086 = CARTESIAN_POINT('',(-2.3,3.2,-1.7));
#3087 = VECTOR('',#3088,1.);
#3088 = DIRECTION('',(0.,1.,0.));
#3089 = ORIENTED_EDGE('',*,*,#3090,.T.);
#3090 = EDGE_CURVE('',#3083,#3091,#3093,.T.);
#3091 = VERTEX_POINT('',#3092);
#3092 = CARTESIAN_POINT('',(-2.3,3.299999999993,-0.67082039325));
#3093 = LINE('',#3094,#3095);
#3094 = CARTESIAN_POINT('',(-2.3,3.3,-1.7));
#3095 = VECTOR('',#3096,1.);
#3096 = DIRECTION('',(-1.27553196763E-16,0.,1.));
#3097 = ORIENTED_EDGE('',*,*,#3098,.T.);
#3098 = EDGE_CURVE('',#3091,#3055,#3099,.T.);
#3099 = B_SPLINE_CURVE_WITH_KNOTS('',3,(#3100,#3101,#3102,#3103,#3104,
    #3105),.UNSPECIFIED.,.F.,.F.,(4,2,4),(0.,3.396714725782E-04,
    6.793429451564E-04),.UNSPECIFIED.);
#3100 = CARTESIAN_POINT('',(-2.3,3.299999999993,-0.67082039325));
#3101 = CARTESIAN_POINT('',(-2.3,3.299999999993,-0.557338772497));
#3102 = CARTESIAN_POINT('',(-2.3,3.285123022116,-0.4446576704));
#3103 = CARTESIAN_POINT('',(-2.3,3.247318479507,-0.221457577336));
#3104 = CARTESIAN_POINT('',(-2.3,3.223607671268,-0.110735325085));
#3105 = CARTESIAN_POINT('',(-2.3,3.199999999993,-2.933723525549E-16));
#3106 = PLANE('',#3107);
#3107 = AXIS2_PLACEMENT_3D('',#3108,#3109,#3110);
#3108 = CARTESIAN_POINT('',(-2.3,3.2,-1.7));
#3109 = DIRECTION('',(-1.,0.,-1.27553196763E-16));
#3110 = DIRECTION('',(-1.27553196763E-16,0.,1.));
#3111 = ADVANCED_FACE('',(#3112),#3137,.T.);
#3112 = FACE_BOUND('',#3113,.T.);
#3113 = EDGE_LOOP('',(#3114,#3124,#3130,#3131));
#3114 = ORIENTED_EDGE('',*,*,#3115,.F.);
#3115 = EDGE_CURVE('',#3116,#3118,#3120,.T.);
#3116 = VERTEX_POINT('',#3117);
#3117 = CARTESIAN_POINT('',(-1.5,3.3,-2.5));
#3118 = VERTEX_POINT('',#3119);
#3119 = CARTESIAN_POINT('',(-1.5,3.9,-2.5));
#3120 = LINE('',#3121,#3122);
#3121 = CARTESIAN_POINT('',(-1.5,3.2,-2.5));
#3122 = VECTOR('',#3123,1.);
#3123 = DIRECTION('',(0.,1.,0.));
#3124 = ORIENTED_EDGE('',*,*,#3125,.T.);
#3125 = EDGE_CURVE('',#3116,#3083,#3126,.T.);
#3126 = LINE('',#3127,#3128);
#3127 = CARTESIAN_POINT('',(-2.3,3.3,-1.7));
#3128 = VECTOR('',#3129,1.);
#3129 = DIRECTION('',(-0.707106781187,0.,0.707106781187));
#3130 = ORIENTED_EDGE('',*,*,#3082,.T.);
#3131 = ORIENTED_EDGE('',*,*,#3132,.T.);
#3132 = EDGE_CURVE('',#3075,#3118,#3133,.T.);
#3133 = LINE('',#3134,#3135);
#3134 = CARTESIAN_POINT('',(-1.5,3.9,-2.5));
#3135 = VECTOR('',#3136,1.);
#3136 = DIRECTION('',(0.707106781187,-0.,-0.707106781187));
#3137 = PLANE('',#3138);
#3138 = AXIS2_PLACEMENT_3D('',#3139,#3140,#3141);
#3139 = CARTESIAN_POINT('',(-2.3,3.2,-1.7));
#3140 = DIRECTION('',(-0.707106781187,0.,-0.707106781187));
#3141 = DIRECTION('',(-0.707106781187,0.,0.707106781187));
#3142 = ADVANCED_FACE('',(#3143),#3159,.T.);
#3143 = FACE_BOUND('',#3144,.T.);
#3144 = EDGE_LOOP('',(#3145,#3146,#3152,#3153));
#3145 = ORIENTED_EDGE('',*,*,#2880,.F.);
#3146 = ORIENTED_EDGE('',*,*,#3147,.T.);
#3147 = EDGE_CURVE('',#2873,#3116,#3148,.T.);
#3148 = LINE('',#3149,#3150);
#3149 = CARTESIAN_POINT('',(-1.5,3.3,-2.5));
#3150 = VECTOR('',#3151,1.);
#3151 = DIRECTION('',(-1.,0.,0.));
#3152 = ORIENTED_EDGE('',*,*,#3115,.T.);
#3153 = ORIENTED_EDGE('',*,*,#3154,.T.);
#3154 = EDGE_CURVE('',#3118,#2881,#3155,.T.);
#3155 = LINE('',#3156,#3157);
#3156 = CARTESIAN_POINT('',(1.5,3.9,-2.5));
#3157 = VECTOR('',#3158,1.);
#3158 = DIRECTION('',(1.,-0.,-0.));
#3159 = PLANE('',#3160);
#3160 = AXIS2_PLACEMENT_3D('',#3161,#3162,#3163);
#3161 = CARTESIAN_POINT('',(-1.5,3.2,-2.5));
#3162 = DIRECTION('',(0.,0.,-1.));
#3163 = DIRECTION('',(-1.,0.,-0.));
#3164 = ADVANCED_FACE('',(#3165),#3215,.T.);
#3165 = FACE_BOUND('',#3166,.T.);
#3166 = EDGE_LOOP('',(#3167,#3176,#3184,#3192,#3200,#3208,#3214));
#3167 = ORIENTED_EDGE('',*,*,#3168,.F.);
#3168 = EDGE_CURVE('',#3169,#2766,#3171,.T.);
#3169 = VERTEX_POINT('',#3170);
#3170 = CARTESIAN_POINT('',(-2.2,3.199999999993,-0.67082039325));
#3171 = CIRCLE('',#3172,2.3);
#3172 = AXIS2_PLACEMENT_3D('',#3173,#3174,#3175);
#3173 = CARTESIAN_POINT('',(0.,3.199999999993,0.));
#3174 = DIRECTION('',(0.,-1.,0.));
#3175 = DIRECTION('',(0.,0.,-1.));
#3176 = ORIENTED_EDGE('',*,*,#3177,.T.);
#3177 = EDGE_CURVE('',#3169,#3178,#3180,.T.);
#3178 = VERTEX_POINT('',#3179);
#3179 = CARTESIAN_POINT('',(-2.2,3.2,-1.658578643763));
#3180 = LINE('',#3181,#3182);
#3181 = CARTESIAN_POINT('',(-2.2,3.2,-1.007670254428E-15));
#3182 = VECTOR('',#3183,1.);
#3183 = DIRECTION('',(1.27553196763E-16,-0.,-1.));
#3184 = ORIENTED_EDGE('',*,*,#3185,.T.);
#3185 = EDGE_CURVE('',#3178,#3186,#3188,.T.);
#3186 = VERTEX_POINT('',#3187);
#3187 = CARTESIAN_POINT('',(-1.458578643763,3.2,-2.4));
#3188 = LINE('',#3189,#3190);
#3189 = CARTESIAN_POINT('',(7.071067811865E-02,3.2,-3.929289321881));
#3190 = VECTOR('',#3191,1.);
#3191 = DIRECTION('',(0.707106781187,-0.,-0.707106781187));
#3192 = ORIENTED_EDGE('',*,*,#3193,.T.);
#3193 = EDGE_CURVE('',#3186,#3194,#3196,.T.);
#3194 = VERTEX_POINT('',#3195);
#3195 = CARTESIAN_POINT('',(1.458578643763,3.2,-2.4));
#3196 = LINE('',#3197,#3198);
#3197 = CARTESIAN_POINT('',(4.,3.2,-2.4));
#3198 = VECTOR('',#3199,1.);
#3199 = DIRECTION('',(1.,-0.,-0.));
#3200 = ORIENTED_EDGE('',*,*,#3201,.T.);
#3201 = EDGE_CURVE('',#3194,#3202,#3204,.T.);
#3202 = VERTEX_POINT('',#3203);
#3203 = CARTESIAN_POINT('',(2.2,3.2,-1.658578643763));
#3204 = LINE('',#3205,#3206);
#3205 = CARTESIAN_POINT('',(3.929289321881,3.2,7.071067811865E-02));
#3206 = VECTOR('',#3207,1.);
#3207 = DIRECTION('',(0.707106781187,-0.,0.707106781187));
#3208 = ORIENTED_EDGE('',*,*,#3209,.T.);
#3209 = EDGE_CURVE('',#3202,#2774,#3210,.T.);
#3210 = LINE('',#3211,#3212);
#3211 = CARTESIAN_POINT('',(2.2,3.2,1.27553196763E-17));
#3212 = VECTOR('',#3213,1.);
#3213 = DIRECTION('',(1.27553196763E-16,-0.,1.));
#3214 = ORIENTED_EDGE('',*,*,#2773,.F.);
#3215 = PLANE('',#3216);
#3216 = AXIS2_PLACEMENT_3D('',#3217,#3218,#3219);
#3217 = CARTESIAN_POINT('',(4.,3.2,-2.168404344971E-16));
#3218 = DIRECTION('',(0.,-1.,0.));
#3219 = DIRECTION('',(0.,-0.,-1.));
#3220 = ADVANCED_FACE('',(#3221),#3287,.F.);
#3221 = FACE_BOUND('',#3222,.T.);
#3222 = EDGE_LOOP('',(#3223,#3233,#3241,#3249,#3257,#3265,#3273,#3281));
#3223 = ORIENTED_EDGE('',*,*,#3224,.T.);
#3224 = EDGE_CURVE('',#3225,#3227,#3229,.T.);
#3225 = VERTEX_POINT('',#3226);
#3226 = CARTESIAN_POINT('',(1.458578643763,4.,-2.4));
#3227 = VERTEX_POINT('',#3228);
#3228 = CARTESIAN_POINT('',(-1.458578643763,4.,-2.4));
#3229 = LINE('',#3230,#3231);
#3230 = CARTESIAN_POINT('',(-1.5,4.,-2.4));
#3231 = VECTOR('',#3232,1.);
#3232 = DIRECTION('',(-1.,0.,0.));
#3233 = ORIENTED_EDGE('',*,*,#3234,.T.);
#3234 = EDGE_CURVE('',#3227,#3235,#3237,.T.);
#3235 = VERTEX_POINT('',#3236);
#3236 = CARTESIAN_POINT('',(-2.2,4.,-1.658578643763));
#3237 = LINE('',#3238,#3239);
#3238 = CARTESIAN_POINT('',(-2.229289321881,4.,-1.629289321881));
#3239 = VECTOR('',#3240,1.);
#3240 = DIRECTION('',(-0.707106781187,0.,0.707106781187));
#3241 = ORIENTED_EDGE('',*,*,#3242,.T.);
#3242 = EDGE_CURVE('',#3235,#3243,#3245,.T.);
#3243 = VERTEX_POINT('',#3244);
#3244 = CARTESIAN_POINT('',(-2.2,4.,1.658578643763));
#3245 = LINE('',#3246,#3247);
#3246 = CARTESIAN_POINT('',(-2.2,4.,1.7));
#3247 = VECTOR('',#3248,1.);
#3248 = DIRECTION('',(-1.27553196763E-16,0.,1.));
#3249 = ORIENTED_EDGE('',*,*,#3250,.T.);
#3250 = EDGE_CURVE('',#3243,#3251,#3253,.T.);
#3251 = VERTEX_POINT('',#3252);
#3252 = CARTESIAN_POINT('',(-1.458578643763,4.,2.4));
#3253 = LINE('',#3254,#3255);
#3254 = CARTESIAN_POINT('',(-1.429289321881,4.,2.429289321881));
#3255 = VECTOR('',#3256,1.);
#3256 = DIRECTION('',(0.707106781187,0.,0.707106781187));
#3257 = ORIENTED_EDGE('',*,*,#3258,.T.);
#3258 = EDGE_CURVE('',#3251,#3259,#3261,.T.);
#3259 = VERTEX_POINT('',#3260);
#3260 = CARTESIAN_POINT('',(1.458578643763,4.,2.4));
#3261 = LINE('',#3262,#3263);
#3262 = CARTESIAN_POINT('',(1.5,4.,2.4));
#3263 = VECTOR('',#3264,1.);
#3264 = DIRECTION('',(1.,0.,-0.));
#3265 = ORIENTED_EDGE('',*,*,#3266,.T.);
#3266 = EDGE_CURVE('',#3259,#3267,#3269,.T.);
#3267 = VERTEX_POINT('',#3268);
#3268 = CARTESIAN_POINT('',(2.2,4.,1.658578643763));
#3269 = LINE('',#3270,#3271);
#3270 = CARTESIAN_POINT('',(2.229289321881,4.,1.629289321881));
#3271 = VECTOR('',#3272,1.);
#3272 = DIRECTION('',(0.707106781187,0.,-0.707106781187));
#3273 = ORIENTED_EDGE('',*,*,#3274,.T.);
#3274 = EDGE_CURVE('',#3267,#3275,#3277,.T.);
#3275 = VERTEX_POINT('',#3276);
#3276 = CARTESIAN_POINT('',(2.2,4.,-1.658578643763));
#3277 = LINE('',#3278,#3279);
#3278 = CARTESIAN_POINT('',(2.2,4.,-1.7));
#3279 = VECTOR('',#3280,1.);
#3280 = DIRECTION('',(-1.27553196763E-16,0.,-1.));
#3281 = ORIENTED_EDGE('',*,*,#3282,.T.);
#3282 = EDGE_CURVE('',#3275,#3225,#3283,.T.);
#3283 = LINE('',#3284,#3285);
#3284 = CARTESIAN_POINT('',(1.429289321881,4.,-2.429289321881));
#3285 = VECTOR('',#3286,1.);
#3286 = DIRECTION('',(-0.707106781187,0.,-0.707106781187));
#3287 = PLANE('',#3288);
#3288 = AXIS2_PLACEMENT_3D('',#3289,#3290,#3291);
#3289 = CARTESIAN_POINT('',(4.,4.,-2.168404344971E-16));
#3290 = DIRECTION('',(0.,-1.,0.));
#3291 = DIRECTION('',(0.,-0.,-1.));
#3292 = ADVANCED_FACE('',(#3293),#3320,.T.);
#3293 = FACE_BOUND('',#3294,.T.);
#3294 = EDGE_LOOP('',(#3295,#3296,#3297,#3304,#3311,#3312,#3313));
#3295 = ORIENTED_EDGE('',*,*,#2748,.F.);
#3296 = ORIENTED_EDGE('',*,*,#2824,.T.);
#3297 = ORIENTED_EDGE('',*,*,#3298,.T.);
#3298 = EDGE_CURVE('',#2817,#3055,#3299,.T.);
#3299 = CIRCLE('',#3300,2.3);
#3300 = AXIS2_PLACEMENT_3D('',#3301,#3302,#3303);
#3301 = CARTESIAN_POINT('',(0.,3.199999999993,0.));
#3302 = DIRECTION('',(0.,-1.,0.));
#3303 = DIRECTION('',(0.,0.,-1.));
#3304 = ORIENTED_EDGE('',*,*,#3305,.T.);
#3305 = EDGE_CURVE('',#3055,#3169,#3306,.T.);
#3306 = CIRCLE('',#3307,2.3);
#3307 = AXIS2_PLACEMENT_3D('',#3308,#3309,#3310);
#3308 = CARTESIAN_POINT('',(0.,3.199999999993,0.));
#3309 = DIRECTION('',(0.,-1.,0.));
#3310 = DIRECTION('',(0.,0.,-1.));
#3311 = ORIENTED_EDGE('',*,*,#3168,.T.);
#3312 = ORIENTED_EDGE('',*,*,#2765,.T.);
#3313 = ORIENTED_EDGE('',*,*,#3314,.T.);
#3314 = EDGE_CURVE('',#2757,#2749,#3315,.T.);
#3315 = CIRCLE('',#3316,2.3);
#3316 = AXIS2_PLACEMENT_3D('',#3317,#3318,#3319);
#3317 = CARTESIAN_POINT('',(0.,0.900000000001,0.));
#3318 = DIRECTION('',(0.,1.,-0.));
#3319 = DIRECTION('',(0.,0.,1.));
#3320 = CYLINDRICAL_SURFACE('',#3321,2.3);
#3321 = AXIS2_PLACEMENT_3D('',#3322,#3323,#3324);
#3322 = CARTESIAN_POINT('',(0.,5.E+05,0.));
#3323 = DIRECTION('',(-0.,-1.,-0.));
#3324 = DIRECTION('',(0.,0.,-1.));
#3325 = ADVANCED_FACE('',(#3326,#3424),#3428,.T.);
#3326 = FACE_BOUND('',#3327,.T.);
#3327 = EDGE_LOOP('',(#3328,#3338,#3346,#3354,#3362,#3370,#3378,#3386,
    #3394,#3402,#3410,#3418));
#3328 = ORIENTED_EDGE('',*,*,#3329,.T.);
#3329 = EDGE_CURVE('',#3330,#3332,#3334,.T.);
#3330 = VERTEX_POINT('',#3331);
#3331 = CARTESIAN_POINT('',(2.4,0.9,1.9));
#3332 = VERTEX_POINT('',#3333);
#3333 = CARTESIAN_POINT('',(2.4,0.9,-1.9));
#3334 = LINE('',#3335,#3336);
#3335 = CARTESIAN_POINT('',(2.4,0.9,-2.));
#3336 = VECTOR('',#3337,1.);
#3337 = DIRECTION('',(0.,0.,-1.));
#3338 = ORIENTED_EDGE('',*,*,#3339,.T.);
#3339 = EDGE_CURVE('',#3332,#3340,#3342,.T.);
#3340 = VERTEX_POINT('',#3341);
#3341 = CARTESIAN_POINT('',(1.958578643763,0.9,-1.9));
#3342 = LINE('',#3343,#3344);
#3343 = CARTESIAN_POINT('',(2.,0.9,-1.9));
#3344 = VECTOR('',#3345,1.);
#3345 = DIRECTION('',(-1.,0.,0.));
#3346 = ORIENTED_EDGE('',*,*,#3347,.T.);
#3347 = EDGE_CURVE('',#3340,#3348,#3350,.T.);
#3348 = VERTEX_POINT('',#3349);
#3349 = CARTESIAN_POINT('',(1.458578643763,0.9,-2.4));
#3350 = LINE('',#3351,#3352);
#3351 = CARTESIAN_POINT('',(1.429289321881,0.9,-2.429289321881));
#3352 = VECTOR('',#3353,1.);
#3353 = DIRECTION('',(-0.707106781187,0.,-0.707106781187));
#3354 = ORIENTED_EDGE('',*,*,#3355,.T.);
#3355 = EDGE_CURVE('',#3348,#3356,#3358,.T.);
#3356 = VERTEX_POINT('',#3357);
#3357 = CARTESIAN_POINT('',(-1.458578643763,0.9,-2.4));
#3358 = LINE('',#3359,#3360);
#3359 = CARTESIAN_POINT('',(-1.5,0.9,-2.4));
#3360 = VECTOR('',#3361,1.);
#3361 = DIRECTION('',(-1.,0.,0.));
#3362 = ORIENTED_EDGE('',*,*,#3363,.T.);
#3363 = EDGE_CURVE('',#3356,#3364,#3366,.T.);
#3364 = VERTEX_POINT('',#3365);
#3365 = CARTESIAN_POINT('',(-1.958578643763,0.9,-1.9));
#3366 = LINE('',#3367,#3368);
#3367 = CARTESIAN_POINT('',(-1.929289321881,0.9,-1.929289321881));
#3368 = VECTOR('',#3369,1.);
#3369 = DIRECTION('',(-0.707106781187,0.,0.707106781187));
#3370 = ORIENTED_EDGE('',*,*,#3371,.T.);
#3371 = EDGE_CURVE('',#3364,#3372,#3374,.T.);
#3372 = VERTEX_POINT('',#3373);
#3373 = CARTESIAN_POINT('',(-2.4,0.9,-1.9));
#3374 = LINE('',#3375,#3376);
#3375 = CARTESIAN_POINT('',(-2.5,0.9,-1.9));
#3376 = VECTOR('',#3377,1.);
#3377 = DIRECTION('',(-1.,0.,6.938893903907E-15));
#3378 = ORIENTED_EDGE('',*,*,#3379,.T.);
#3379 = EDGE_CURVE('',#3372,#3380,#3382,.T.);
#3380 = VERTEX_POINT('',#3381);
#3381 = CARTESIAN_POINT('',(-2.4,0.9,1.9));
#3382 = LINE('',#3383,#3384);
#3383 = CARTESIAN_POINT('',(-2.4,0.9,2.));
#3384 = VECTOR('',#3385,1.);
#3385 = DIRECTION('',(6.938893903907E-15,0.,1.));
#3386 = ORIENTED_EDGE('',*,*,#3387,.T.);
#3387 = EDGE_CURVE('',#3380,#3388,#3390,.T.);
#3388 = VERTEX_POINT('',#3389);
#3389 = CARTESIAN_POINT('',(-1.958578643763,0.9,1.9));
#3390 = LINE('',#3391,#3392);
#3391 = CARTESIAN_POINT('',(-2.,0.9,1.9));
#3392 = VECTOR('',#3393,1.);
#3393 = DIRECTION('',(1.,-0.,-6.245004513517E-14));
#3394 = ORIENTED_EDGE('',*,*,#3395,.T.);
#3395 = EDGE_CURVE('',#3388,#3396,#3398,.T.);
#3396 = VERTEX_POINT('',#3397);
#3397 = CARTESIAN_POINT('',(-1.458578643763,0.9,2.4));
#3398 = LINE('',#3399,#3400);
#3399 = CARTESIAN_POINT('',(-1.429289321881,0.9,2.429289321881));
#3400 = VECTOR('',#3401,1.);
#3401 = DIRECTION('',(0.707106781187,0.,0.707106781187));
#3402 = ORIENTED_EDGE('',*,*,#3403,.T.);
#3403 = EDGE_CURVE('',#3396,#3404,#3406,.T.);
#3404 = VERTEX_POINT('',#3405);
#3405 = CARTESIAN_POINT('',(1.458578643763,0.9,2.4));
#3406 = LINE('',#3407,#3408);
#3407 = CARTESIAN_POINT('',(1.5,0.9,2.4));
#3408 = VECTOR('',#3409,1.);
#3409 = DIRECTION('',(1.,-0.,0.));
#3410 = ORIENTED_EDGE('',*,*,#3411,.T.);
#3411 = EDGE_CURVE('',#3404,#3412,#3414,.T.);
#3412 = VERTEX_POINT('',#3413);
#3413 = CARTESIAN_POINT('',(1.958578643763,0.9,1.9));
#3414 = LINE('',#3415,#3416);
#3415 = CARTESIAN_POINT('',(1.929289321881,0.9,1.929289321881));
#3416 = VECTOR('',#3417,1.);
#3417 = DIRECTION('',(0.707106781187,-0.,-0.707106781187));
#3418 = ORIENTED_EDGE('',*,*,#3419,.T.);
#3419 = EDGE_CURVE('',#3412,#3330,#3420,.T.);
#3420 = LINE('',#3421,#3422);
#3421 = CARTESIAN_POINT('',(2.5,0.9,1.9));
#3422 = VECTOR('',#3423,1.);
#3423 = DIRECTION('',(1.,-0.,0.));
#3424 = FACE_BOUND('',#3425,.T.);
#3425 = EDGE_LOOP('',(#3426,#3427));
#3426 = ORIENTED_EDGE('',*,*,#3314,.F.);
#3427 = ORIENTED_EDGE('',*,*,#2756,.F.);
#3428 = PLANE('',#3429);
#3429 = AXIS2_PLACEMENT_3D('',#3430,#3431,#3432);
#3430 = CARTESIAN_POINT('',(-2.5,0.9,-2.));
#3431 = DIRECTION('',(0.,1.,-0.));
#3432 = DIRECTION('',(0.,0.,1.));
#3433 = ADVANCED_FACE('',(#3434),#3468,.F.);
#3434 = FACE_BOUND('',#3435,.T.);
#3435 = EDGE_LOOP('',(#3436,#3446,#3454,#3462));
#3436 = ORIENTED_EDGE('',*,*,#3437,.F.);
#3437 = EDGE_CURVE('',#3438,#3440,#3442,.T.);
#3438 = VERTEX_POINT('',#3439);
#3439 = CARTESIAN_POINT('',(2.,0.8,-2.));
#3440 = VERTEX_POINT('',#3441);
#3441 = CARTESIAN_POINT('',(2.,0.1,-2.));
#3442 = LINE('',#3443,#3444);
#3443 = CARTESIAN_POINT('',(2.,0.9,-2.));
#3444 = VECTOR('',#3445,1.);
#3445 = DIRECTION('',(-0.,-1.,-0.));
#3446 = ORIENTED_EDGE('',*,*,#3447,.T.);
#3447 = EDGE_CURVE('',#3438,#3448,#3450,.T.);
#3448 = VERTEX_POINT('',#3449);
#3449 = CARTESIAN_POINT('',(2.5,0.8,-2.));
#3450 = LINE('',#3451,#3452);
#3451 = CARTESIAN_POINT('',(2.5,0.8,-2.));
#3452 = VECTOR('',#3453,1.);
#3453 = DIRECTION('',(1.,-0.,-0.));
#3454 = ORIENTED_EDGE('',*,*,#3455,.T.);
#3455 = EDGE_CURVE('',#3448,#3456,#3458,.T.);
#3456 = VERTEX_POINT('',#3457);
#3457 = CARTESIAN_POINT('',(2.5,0.1,-2.));
#3458 = LINE('',#3459,#3460);
#3459 = CARTESIAN_POINT('',(2.5,0.9,-2.));
#3460 = VECTOR('',#3461,1.);
#3461 = DIRECTION('',(-0.,-1.,-0.));
#3462 = ORIENTED_EDGE('',*,*,#3463,.T.);
#3463 = EDGE_CURVE('',#3456,#3440,#3464,.T.);
#3464 = LINE('',#3465,#3466);
#3465 = CARTESIAN_POINT('',(2.5,0.1,-2.));
#3466 = VECTOR('',#3467,1.);
#3467 = DIRECTION('',(-1.,0.,0.));
#3468 = PLANE('',#3469);
#3469 = AXIS2_PLACEMENT_3D('',#3470,#3471,#3472);
#3470 = CARTESIAN_POINT('',(2.5,0.9,-2.));
#3471 = DIRECTION('',(0.,-0.,1.));
#3472 = DIRECTION('',(1.,0.,0.));
#3473 = ADVANCED_FACE('',(#3474),#3499,.F.);
#3474 = FACE_BOUND('',#3475,.T.);
#3475 = EDGE_LOOP('',(#3476,#3486,#3492,#3493));
#3476 = ORIENTED_EDGE('',*,*,#3477,.F.);
#3477 = EDGE_CURVE('',#3478,#3480,#3482,.T.);
#3478 = VERTEX_POINT('',#3479);
#3479 = CARTESIAN_POINT('',(1.5,0.8,-2.5));
#3480 = VERTEX_POINT('',#3481);
#3481 = CARTESIAN_POINT('',(1.5,0.1,-2.5));
#3482 = LINE('',#3483,#3484);
#3483 = CARTESIAN_POINT('',(1.5,0.9,-2.5));
#3484 = VECTOR('',#3485,1.);
#3485 = DIRECTION('',(-0.,-1.,-0.));
#3486 = ORIENTED_EDGE('',*,*,#3487,.T.);
#3487 = EDGE_CURVE('',#3478,#3438,#3488,.T.);
#3488 = LINE('',#3489,#3490);
#3489 = CARTESIAN_POINT('',(2.,0.8,-2.));
#3490 = VECTOR('',#3491,1.);
#3491 = DIRECTION('',(0.707106781187,-0.,0.707106781187));
#3492 = ORIENTED_EDGE('',*,*,#3437,.T.);
#3493 = ORIENTED_EDGE('',*,*,#3494,.T.);
#3494 = EDGE_CURVE('',#3440,#3480,#3495,.T.);
#3495 = LINE('',#3496,#3497);
#3496 = CARTESIAN_POINT('',(1.5,0.1,-2.5));
#3497 = VECTOR('',#3498,1.);
#3498 = DIRECTION('',(-0.707106781187,-0.,-0.707106781187));
#3499 = PLANE('',#3500);
#3500 = AXIS2_PLACEMENT_3D('',#3501,#3502,#3503);
#3501 = CARTESIAN_POINT('',(1.5,0.9,-2.5));
#3502 = DIRECTION('',(-0.707106781187,0.,0.707106781187));
#3503 = DIRECTION('',(0.707106781187,0.,0.707106781187));
#3504 = ADVANCED_FACE('',(#3505),#3530,.F.);
#3505 = FACE_BOUND('',#3506,.T.);
#3506 = EDGE_LOOP('',(#3507,#3517,#3523,#3524));
#3507 = ORIENTED_EDGE('',*,*,#3508,.F.);
#3508 = EDGE_CURVE('',#3509,#3511,#3513,.T.);
#3509 = VERTEX_POINT('',#3510);
#3510 = CARTESIAN_POINT('',(-1.5,0.8,-2.5));
#3511 = VERTEX_POINT('',#3512);
#3512 = CARTESIAN_POINT('',(-1.5,0.1,-2.5));
#3513 = LINE('',#3514,#3515);
#3514 = CARTESIAN_POINT('',(-1.5,0.9,-2.5));
#3515 = VECTOR('',#3516,1.);
#3516 = DIRECTION('',(-0.,-1.,-0.));
#3517 = ORIENTED_EDGE('',*,*,#3518,.T.);
#3518 = EDGE_CURVE('',#3509,#3478,#3519,.T.);
#3519 = LINE('',#3520,#3521);
#3520 = CARTESIAN_POINT('',(1.5,0.8,-2.5));
#3521 = VECTOR('',#3522,1.);
#3522 = DIRECTION('',(1.,-0.,-0.));
#3523 = ORIENTED_EDGE('',*,*,#3477,.T.);
#3524 = ORIENTED_EDGE('',*,*,#3525,.T.);
#3525 = EDGE_CURVE('',#3480,#3511,#3526,.T.);
#3526 = LINE('',#3527,#3528);
#3527 = CARTESIAN_POINT('',(-1.5,0.1,-2.5));
#3528 = VECTOR('',#3529,1.);
#3529 = DIRECTION('',(-1.,-0.,-0.));
#3530 = PLANE('',#3531);
#3531 = AXIS2_PLACEMENT_3D('',#3532,#3533,#3534);
#3532 = CARTESIAN_POINT('',(-1.5,0.9,-2.5));
#3533 = DIRECTION('',(0.,0.,1.));
#3534 = DIRECTION('',(1.,0.,-0.));
#3535 = ADVANCED_FACE('',(#3536),#3561,.F.);
#3536 = FACE_BOUND('',#3537,.T.);
#3537 = EDGE_LOOP('',(#3538,#3548,#3554,#3555));
#3538 = ORIENTED_EDGE('',*,*,#3539,.F.);
#3539 = EDGE_CURVE('',#3540,#3542,#3544,.T.);
#3540 = VERTEX_POINT('',#3541);
#3541 = CARTESIAN_POINT('',(-2.,0.8,-2.));
#3542 = VERTEX_POINT('',#3543);
#3543 = CARTESIAN_POINT('',(-2.,0.1,-2.));
#3544 = LINE('',#3545,#3546);
#3545 = CARTESIAN_POINT('',(-2.,0.9,-2.));
#3546 = VECTOR('',#3547,1.);
#3547 = DIRECTION('',(-0.,-1.,-0.));
#3548 = ORIENTED_EDGE('',*,*,#3549,.T.);
#3549 = EDGE_CURVE('',#3540,#3509,#3550,.T.);
#3550 = LINE('',#3551,#3552);
#3551 = CARTESIAN_POINT('',(-1.5,0.8,-2.5));
#3552 = VECTOR('',#3553,1.);
#3553 = DIRECTION('',(0.707106781187,-0.,-0.707106781187));
#3554 = ORIENTED_EDGE('',*,*,#3508,.T.);
#3555 = ORIENTED_EDGE('',*,*,#3556,.T.);
#3556 = EDGE_CURVE('',#3511,#3542,#3557,.T.);
#3557 = LINE('',#3558,#3559);
#3558 = CARTESIAN_POINT('',(-2.,0.1,-2.));
#3559 = VECTOR('',#3560,1.);
#3560 = DIRECTION('',(-0.707106781187,-0.,0.707106781187));
#3561 = PLANE('',#3562);
#3562 = AXIS2_PLACEMENT_3D('',#3563,#3564,#3565);
#3563 = CARTESIAN_POINT('',(-2.,0.9,-2.));
#3564 = DIRECTION('',(0.707106781187,-0.,0.707106781187));
#3565 = DIRECTION('',(0.707106781187,0.,-0.707106781187));
#3566 = ADVANCED_FACE('',(#3567),#3592,.F.);
#3567 = FACE_BOUND('',#3568,.T.);
#3568 = EDGE_LOOP('',(#3569,#3579,#3585,#3586));
#3569 = ORIENTED_EDGE('',*,*,#3570,.F.);
#3570 = EDGE_CURVE('',#3571,#3573,#3575,.T.);
#3571 = VERTEX_POINT('',#3572);
#3572 = CARTESIAN_POINT('',(-2.5,0.8,-2.));
#3573 = VERTEX_POINT('',#3574);
#3574 = CARTESIAN_POINT('',(-2.5,0.1,-2.));
#3575 = LINE('',#3576,#3577);
#3576 = CARTESIAN_POINT('',(-2.5,0.9,-2.));
#3577 = VECTOR('',#3578,1.);
#3578 = DIRECTION('',(-0.,-1.,-0.));
#3579 = ORIENTED_EDGE('',*,*,#3580,.T.);
#3580 = EDGE_CURVE('',#3571,#3540,#3581,.T.);
#3581 = LINE('',#3582,#3583);
#3582 = CARTESIAN_POINT('',(-2.,0.8,-2.));
#3583 = VECTOR('',#3584,1.);
#3584 = DIRECTION('',(1.,-0.,-6.938893903907E-15));
#3585 = ORIENTED_EDGE('',*,*,#3539,.T.);
#3586 = ORIENTED_EDGE('',*,*,#3587,.T.);
#3587 = EDGE_CURVE('',#3542,#3573,#3588,.T.);
#3588 = LINE('',#3589,#3590);
#3589 = CARTESIAN_POINT('',(-2.5,0.1,-2.));
#3590 = VECTOR('',#3591,1.);
#3591 = DIRECTION('',(-1.,-0.,6.938893903907E-15));
#3592 = PLANE('',#3593);
#3593 = AXIS2_PLACEMENT_3D('',#3594,#3595,#3596);
#3594 = CARTESIAN_POINT('',(-2.5,0.9,-2.));
#3595 = DIRECTION('',(6.938893903907E-15,-0.,1.));
#3596 = DIRECTION('',(1.,0.,-6.938893903907E-15));
#3597 = ADVANCED_FACE('',(#3598),#3623,.F.);
#3598 = FACE_BOUND('',#3599,.T.);
#3599 = EDGE_LOOP('',(#3600,#3610,#3616,#3617));
#3600 = ORIENTED_EDGE('',*,*,#3601,.F.);
#3601 = EDGE_CURVE('',#3602,#3604,#3606,.T.);
#3602 = VERTEX_POINT('',#3603);
#3603 = CARTESIAN_POINT('',(-2.5,0.8,2.));
#3604 = VERTEX_POINT('',#3605);
#3605 = CARTESIAN_POINT('',(-2.5,0.1,2.));
#3606 = LINE('',#3607,#3608);
#3607 = CARTESIAN_POINT('',(-2.5,0.9,2.));
#3608 = VECTOR('',#3609,1.);
#3609 = DIRECTION('',(-0.,-1.,-0.));
#3610 = ORIENTED_EDGE('',*,*,#3611,.T.);
#3611 = EDGE_CURVE('',#3602,#3571,#3612,.T.);
#3612 = LINE('',#3613,#3614);
#3613 = CARTESIAN_POINT('',(-2.5,0.8,-2.));
#3614 = VECTOR('',#3615,1.);
#3615 = DIRECTION('',(-6.938893903907E-15,-0.,-1.));
#3616 = ORIENTED_EDGE('',*,*,#3570,.T.);
#3617 = ORIENTED_EDGE('',*,*,#3618,.T.);
#3618 = EDGE_CURVE('',#3573,#3604,#3619,.T.);
#3619 = LINE('',#3620,#3621);
#3620 = CARTESIAN_POINT('',(-2.5,0.1,-2.));
#3621 = VECTOR('',#3622,1.);
#3622 = DIRECTION('',(6.938893903907E-15,0.,1.));
#3623 = PLANE('',#3624);
#3624 = AXIS2_PLACEMENT_3D('',#3625,#3626,#3627);
#3625 = CARTESIAN_POINT('',(-2.5,0.9,-2.));
#3626 = DIRECTION('',(1.,0.,-6.938893903907E-15));
#3627 = DIRECTION('',(-6.938893903907E-15,0.,-1.));
#3628 = ADVANCED_FACE('',(#3629),#3654,.F.);
#3629 = FACE_BOUND('',#3630,.T.);
#3630 = EDGE_LOOP('',(#3631,#3641,#3647,#3648));
#3631 = ORIENTED_EDGE('',*,*,#3632,.F.);
#3632 = EDGE_CURVE('',#3633,#3635,#3637,.T.);
#3633 = VERTEX_POINT('',#3634);
#3634 = CARTESIAN_POINT('',(-2.,0.8,2.));
#3635 = VERTEX_POINT('',#3636);
#3636 = CARTESIAN_POINT('',(-2.,0.1,2.));
#3637 = LINE('',#3638,#3639);
#3638 = CARTESIAN_POINT('',(-2.,0.9,2.));
#3639 = VECTOR('',#3640,1.);
#3640 = DIRECTION('',(-0.,-1.,-0.));
#3641 = ORIENTED_EDGE('',*,*,#3642,.T.);
#3642 = EDGE_CURVE('',#3633,#3602,#3643,.T.);
#3643 = LINE('',#3644,#3645);
#3644 = CARTESIAN_POINT('',(-2.5,0.8,2.));
#3645 = VECTOR('',#3646,1.);
#3646 = DIRECTION('',(-1.,-0.,6.245004513517E-14));
#3647 = ORIENTED_EDGE('',*,*,#3601,.T.);
#3648 = ORIENTED_EDGE('',*,*,#3649,.T.);
#3649 = EDGE_CURVE('',#3604,#3635,#3650,.T.);
#3650 = LINE('',#3651,#3652);
#3651 = CARTESIAN_POINT('',(-2.5,0.1,2.));
#3652 = VECTOR('',#3653,1.);
#3653 = DIRECTION('',(1.,0.,-6.245004513517E-14));
#3654 = PLANE('',#3655);
#3655 = AXIS2_PLACEMENT_3D('',#3656,#3657,#3658);
#3656 = CARTESIAN_POINT('',(-2.5,0.9,2.));
#3657 = DIRECTION('',(-6.245004513517E-14,0.,-1.));
#3658 = DIRECTION('',(-1.,0.,6.245004513517E-14));
#3659 = ADVANCED_FACE('',(#3660),#3685,.F.);
#3660 = FACE_BOUND('',#3661,.T.);
#3661 = EDGE_LOOP('',(#3662,#3672,#3678,#3679));
#3662 = ORIENTED_EDGE('',*,*,#3663,.F.);
#3663 = EDGE_CURVE('',#3664,#3666,#3668,.T.);
#3664 = VERTEX_POINT('',#3665);
#3665 = CARTESIAN_POINT('',(-1.5,0.8,2.5));
#3666 = VERTEX_POINT('',#3667);
#3667 = CARTESIAN_POINT('',(-1.5,0.1,2.5));
#3668 = LINE('',#3669,#3670);
#3669 = CARTESIAN_POINT('',(-1.5,0.9,2.5));
#3670 = VECTOR('',#3671,1.);
#3671 = DIRECTION('',(-0.,-1.,-0.));
#3672 = ORIENTED_EDGE('',*,*,#3673,.T.);
#3673 = EDGE_CURVE('',#3664,#3633,#3674,.T.);
#3674 = LINE('',#3675,#3676);
#3675 = CARTESIAN_POINT('',(-2.,0.8,2.));
#3676 = VECTOR('',#3677,1.);
#3677 = DIRECTION('',(-0.707106781187,-0.,-0.707106781187));
#3678 = ORIENTED_EDGE('',*,*,#3632,.T.);
#3679 = ORIENTED_EDGE('',*,*,#3680,.T.);
#3680 = EDGE_CURVE('',#3635,#3666,#3681,.T.);
#3681 = LINE('',#3682,#3683);
#3682 = CARTESIAN_POINT('',(-2.,0.1,2.));
#3683 = VECTOR('',#3684,1.);
#3684 = DIRECTION('',(0.707106781187,0.,0.707106781187));
#3685 = PLANE('',#3686);
#3686 = AXIS2_PLACEMENT_3D('',#3687,#3688,#3689);
#3687 = CARTESIAN_POINT('',(-2.,0.9,2.));
#3688 = DIRECTION('',(0.707106781187,0.,-0.707106781187));
#3689 = DIRECTION('',(-0.707106781187,0.,-0.707106781187));
#3690 = ADVANCED_FACE('',(#3691),#3716,.F.);
#3691 = FACE_BOUND('',#3692,.T.);
#3692 = EDGE_LOOP('',(#3693,#3703,#3709,#3710));
#3693 = ORIENTED_EDGE('',*,*,#3694,.F.);
#3694 = EDGE_CURVE('',#3695,#3697,#3699,.T.);
#3695 = VERTEX_POINT('',#3696);
#3696 = CARTESIAN_POINT('',(1.5,0.8,2.5));
#3697 = VERTEX_POINT('',#3698);
#3698 = CARTESIAN_POINT('',(1.5,0.1,2.5));
#3699 = LINE('',#3700,#3701);
#3700 = CARTESIAN_POINT('',(1.5,0.9,2.5));
#3701 = VECTOR('',#3702,1.);
#3702 = DIRECTION('',(-0.,-1.,-0.));
#3703 = ORIENTED_EDGE('',*,*,#3704,.T.);
#3704 = EDGE_CURVE('',#3695,#3664,#3705,.T.);
#3705 = LINE('',#3706,#3707);
#3706 = CARTESIAN_POINT('',(-1.5,0.8,2.5));
#3707 = VECTOR('',#3708,1.);
#3708 = DIRECTION('',(-1.,-0.,-0.));
#3709 = ORIENTED_EDGE('',*,*,#3663,.T.);
#3710 = ORIENTED_EDGE('',*,*,#3711,.T.);
#3711 = EDGE_CURVE('',#3666,#3697,#3712,.T.);
#3712 = LINE('',#3713,#3714);
#3713 = CARTESIAN_POINT('',(-1.5,0.1,2.5));
#3714 = VECTOR('',#3715,1.);
#3715 = DIRECTION('',(1.,0.,0.));
#3716 = PLANE('',#3717);
#3717 = AXIS2_PLACEMENT_3D('',#3718,#3719,#3720);
#3718 = CARTESIAN_POINT('',(-1.5,0.9,2.5));
#3719 = DIRECTION('',(0.,0.,-1.));
#3720 = DIRECTION('',(-1.,0.,-0.));
#3721 = ADVANCED_FACE('',(#3722),#3747,.F.);
#3722 = FACE_BOUND('',#3723,.T.);
#3723 = EDGE_LOOP('',(#3724,#3734,#3740,#3741));
#3724 = ORIENTED_EDGE('',*,*,#3725,.F.);
#3725 = EDGE_CURVE('',#3726,#3728,#3730,.T.);
#3726 = VERTEX_POINT('',#3727);
#3727 = CARTESIAN_POINT('',(2.,0.8,2.));
#3728 = VERTEX_POINT('',#3729);
#3729 = CARTESIAN_POINT('',(2.,0.1,2.));
#3730 = LINE('',#3731,#3732);
#3731 = CARTESIAN_POINT('',(2.,0.9,2.));
#3732 = VECTOR('',#3733,1.);
#3733 = DIRECTION('',(-0.,-1.,-0.));
#3734 = ORIENTED_EDGE('',*,*,#3735,.T.);
#3735 = EDGE_CURVE('',#3726,#3695,#3736,.T.);
#3736 = LINE('',#3737,#3738);
#3737 = CARTESIAN_POINT('',(1.5,0.8,2.5));
#3738 = VECTOR('',#3739,1.);
#3739 = DIRECTION('',(-0.707106781187,-0.,0.707106781187));
#3740 = ORIENTED_EDGE('',*,*,#3694,.T.);
#3741 = ORIENTED_EDGE('',*,*,#3742,.T.);
#3742 = EDGE_CURVE('',#3697,#3728,#3743,.T.);
#3743 = LINE('',#3744,#3745);
#3744 = CARTESIAN_POINT('',(1.5,0.1,2.5));
#3745 = VECTOR('',#3746,1.);
#3746 = DIRECTION('',(0.707106781187,0.,-0.707106781187));
#3747 = PLANE('',#3748);
#3748 = AXIS2_PLACEMENT_3D('',#3749,#3750,#3751);
#3749 = CARTESIAN_POINT('',(1.5,0.9,2.5));
#3750 = DIRECTION('',(-0.707106781187,0.,-0.707106781187));
#3751 = DIRECTION('',(-0.707106781187,0.,0.707106781187));
#3752 = ADVANCED_FACE('',(#3753),#3778,.F.);
#3753 = FACE_BOUND('',#3754,.T.);
#3754 = EDGE_LOOP('',(#3755,#3765,#3771,#3772));
#3755 = ORIENTED_EDGE('',*,*,#3756,.F.);
#3756 = EDGE_CURVE('',#3757,#3759,#3761,.T.);
#3757 = VERTEX_POINT('',#3758);
#3758 = CARTESIAN_POINT('',(2.5,0.8,2.));
#3759 = VERTEX_POINT('',#3760);
#3760 = CARTESIAN_POINT('',(2.5,0.1,2.));
#3761 = LINE('',#3762,#3763);
#3762 = CARTESIAN_POINT('',(2.5,0.9,2.));
#3763 = VECTOR('',#3764,1.);
#3764 = DIRECTION('',(-0.,-1.,-0.));
#3765 = ORIENTED_EDGE('',*,*,#3766,.T.);
#3766 = EDGE_CURVE('',#3757,#3726,#3767,.T.);
#3767 = LINE('',#3768,#3769);
#3768 = CARTESIAN_POINT('',(2.,0.8,2.));
#3769 = VECTOR('',#3770,1.);
#3770 = DIRECTION('',(-1.,-0.,-0.));
#3771 = ORIENTED_EDGE('',*,*,#3725,.T.);
#3772 = ORIENTED_EDGE('',*,*,#3773,.T.);
#3773 = EDGE_CURVE('',#3728,#3759,#3774,.T.);
#3774 = LINE('',#3775,#3776);
#3775 = CARTESIAN_POINT('',(2.,0.1,2.));
#3776 = VECTOR('',#3777,1.);
#3777 = DIRECTION('',(1.,0.,0.));
#3778 = PLANE('',#3779);
#3779 = AXIS2_PLACEMENT_3D('',#3780,#3781,#3782);
#3780 = CARTESIAN_POINT('',(2.,0.9,2.));
#3781 = DIRECTION('',(0.,0.,-1.));
#3782 = DIRECTION('',(-1.,0.,-0.));
#3783 = ADVANCED_FACE('',(#3784),#3800,.F.);
#3784 = FACE_BOUND('',#3785,.T.);
#3785 = EDGE_LOOP('',(#3786,#3787,#3793,#3794));
#3786 = ORIENTED_EDGE('',*,*,#3455,.F.);
#3787 = ORIENTED_EDGE('',*,*,#3788,.T.);
#3788 = EDGE_CURVE('',#3448,#3757,#3789,.T.);
#3789 = LINE('',#3790,#3791);
#3790 = CARTESIAN_POINT('',(2.5,0.8,2.));
#3791 = VECTOR('',#3792,1.);
#3792 = DIRECTION('',(-0.,-0.,1.));
#3793 = ORIENTED_EDGE('',*,*,#3756,.T.);
#3794 = ORIENTED_EDGE('',*,*,#3795,.T.);
#3795 = EDGE_CURVE('',#3759,#3456,#3796,.T.);
#3796 = LINE('',#3797,#3798);
#3797 = CARTESIAN_POINT('',(2.5,0.1,-2.));
#3798 = VECTOR('',#3799,1.);
#3799 = DIRECTION('',(-0.,-0.,-1.));
#3800 = PLANE('',#3801);
#3801 = AXIS2_PLACEMENT_3D('',#3802,#3803,#3804);
#3802 = CARTESIAN_POINT('',(2.5,0.9,-2.));
#3803 = DIRECTION('',(-1.,0.,0.));
#3804 = DIRECTION('',(0.,0.,1.));
#3805 = ADVANCED_FACE('',(#3806),#3820,.F.);
#3806 = FACE_BOUND('',#3807,.T.);
#3807 = EDGE_LOOP('',(#3808,#3809,#3810,#3811,#3812,#3813,#3814,#3815,
    #3816,#3817,#3818,#3819));
#3808 = ORIENTED_EDGE('',*,*,#3463,.F.);
#3809 = ORIENTED_EDGE('',*,*,#3795,.F.);
#3810 = ORIENTED_EDGE('',*,*,#3773,.F.);
#3811 = ORIENTED_EDGE('',*,*,#3742,.F.);
#3812 = ORIENTED_EDGE('',*,*,#3711,.F.);
#3813 = ORIENTED_EDGE('',*,*,#3680,.F.);
#3814 = ORIENTED_EDGE('',*,*,#3649,.F.);
#3815 = ORIENTED_EDGE('',*,*,#3618,.F.);
#3816 = ORIENTED_EDGE('',*,*,#3587,.F.);
#3817 = ORIENTED_EDGE('',*,*,#3556,.F.);
#3818 = ORIENTED_EDGE('',*,*,#3525,.F.);
#3819 = ORIENTED_EDGE('',*,*,#3494,.F.);
#3820 = PLANE('',#3821);
#3821 = AXIS2_PLACEMENT_3D('',#3822,#3823,#3824);
#3822 = CARTESIAN_POINT('',(-2.5,0.1,-2.));
#3823 = DIRECTION('',(0.,1.,-0.));
#3824 = DIRECTION('',(0.,0.,1.));
#3825 = ADVANCED_FACE('',(#3826),#3837,.T.);
#3826 = FACE_BOUND('',#3827,.T.);
#3827 = EDGE_LOOP('',(#3828,#3829,#3830));
#3828 = ORIENTED_EDGE('',*,*,#2791,.F.);
#3829 = ORIENTED_EDGE('',*,*,#2920,.F.);
#3830 = ORIENTED_EDGE('',*,*,#3831,.F.);
#3831 = EDGE_CURVE('',#2738,#2913,#3832,.T.);
#3832 = CIRCLE('',#3833,1.E-01);
#3833 = AXIS2_PLACEMENT_3D('',#3834,#3835,#3836);
#3834 = CARTESIAN_POINT('',(2.2,3.299999999993,0.67082039325));
#3835 = DIRECTION('',(1.27553196763E-16,-1.084202172486E-15,1.));
#3836 = DIRECTION('',(-8.75811540203E-47,-1.,-1.084202172486E-15));
#3837 = ( BOUNDED_SURFACE() B_SPLINE_SURFACE(3,2,(
    (#3838,#3839,#3840)
    ,(#3841,#3842,#3843)
    ,(#3844,#3845,#3846)
    ,(#3847,#3848,#3849)
    ,(#3850,#3851,#3852)
    ,(#3853,#3854,#3855
)),.UNSPECIFIED.,.F.,.F.,.F.) B_SPLINE_SURFACE_WITH_KNOTS((4,2,4),(3,3),
  (3.278971666611E-04,6.741308042346E-04,1.020364441808E-03),(0.,1.),
.UNSPECIFIED.) GEOMETRIC_REPRESENTATION_ITEM() RATIONAL_B_SPLINE_SURFACE
((
    (1.,0.707106781187,1.)
    ,(1.,0.818150804296,1.)
    ,(1.,0.887240159119,1.)
    ,(1.,0.978640180188,1.)
    ,(1.,0.99975383411,1.)
,(1.,1.,1.))) REPRESENTATION_ITEM('') SURFACE() );
#3838 = CARTESIAN_POINT('',(2.2,3.199999999993,0.67082039325));
#3839 = CARTESIAN_POINT('',(2.3,3.199999999993,0.67082039325));
#3840 = CARTESIAN_POINT('',(2.3,3.299999999993,0.67082039325));
#3841 = CARTESIAN_POINT('',(2.231833884881,3.199999999993,0.566419075325
    ));
#3842 = CARTESIAN_POINT('',(2.3,3.227677875496,0.580047467126));
#3843 = CARTESIAN_POINT('',(2.3,3.299999856405,0.556695791814));
#3844 = CARTESIAN_POINT('',(2.257021332435,3.200000001163,0.4569786915)
  );
#3845 = CARTESIAN_POINT('',(2.3,3.232711118808,0.458146628725));
#3846 = CARTESIAN_POINT('',(2.3,3.285109313276,0.444591461025));
#3847 = CARTESIAN_POINT('',(2.291129611626,3.19999999883,0.231732416369)
  );
#3848 = CARTESIAN_POINT('',(2.3,3.224081943199,0.23209129919));
#3849 = CARTESIAN_POINT('',(2.3,3.247359602279,0.221685650684));
#3850 = CARTESIAN_POINT('',(2.3,3.200000000005,0.116138877538));
#3851 = CARTESIAN_POINT('',(2.29999999999,3.211836823362,0.113568554922)
  );
#3852 = CARTESIAN_POINT('',(2.3,3.223678607977,0.111068069571));
#3853 = CARTESIAN_POINT('',(2.3,3.2,-1.408343819019E-16));
#3854 = CARTESIAN_POINT('',(2.3,3.199999999996,-1.788374081995E-16));
#3855 = CARTESIAN_POINT('',(2.3,3.199999999993,-2.168404344971E-16));
#3856 = ADVANCED_FACE('',(#3857),#3869,.T.);
#3857 = FACE_BOUND('',#3858,.T.);
#3858 = EDGE_LOOP('',(#3859,#3860,#3861,#3868));
#3859 = ORIENTED_EDGE('',*,*,#3831,.T.);
#3860 = ORIENTED_EDGE('',*,*,#2912,.F.);
#3861 = ORIENTED_EDGE('',*,*,#3862,.F.);
#3862 = EDGE_CURVE('',#2833,#2903,#3863,.T.);
#3863 = ( BOUNDED_CURVE() B_SPLINE_CURVE(3,(#3864,#3865,#3866,#3867),
.UNSPECIFIED.,.F.,.F.) B_SPLINE_CURVE_WITH_KNOTS((4,4),(4.712388980385,
6.28318530718),.PIECEWISE_BEZIER_KNOTS.) CURVE() 
GEOMETRIC_REPRESENTATION_ITEM() RATIONAL_B_SPLINE_CURVE((1.,
0.804737854124,0.804737854124,1.)) REPRESENTATION_ITEM('') );
#3864 = CARTESIAN_POINT('',(2.2,3.2,1.658578643763));
#3865 = CARTESIAN_POINT('',(2.258578643763,3.2,1.682842712475));
#3866 = CARTESIAN_POINT('',(2.3,3.241421356237,1.7));
#3867 = CARTESIAN_POINT('',(2.3,3.3,1.7));
#3868 = ORIENTED_EDGE('',*,*,#2832,.F.);
#3869 = CYLINDRICAL_SURFACE('',#3870,1.E-01);
#3870 = AXIS2_PLACEMENT_3D('',#3871,#3872,#3873);
#3871 = CARTESIAN_POINT('',(2.2,3.3,-1.7));
#3872 = DIRECTION('',(-1.27553196763E-16,0.,-1.));
#3873 = DIRECTION('',(-1.,0.,1.27553196763E-16));
#3874 = ADVANCED_FACE('',(#3875),#3887,.T.);
#3875 = FACE_BOUND('',#3876,.T.);
#3876 = EDGE_LOOP('',(#3877,#3878,#3879,#3886));
#3877 = ORIENTED_EDGE('',*,*,#3862,.T.);
#3878 = ORIENTED_EDGE('',*,*,#2971,.F.);
#3879 = ORIENTED_EDGE('',*,*,#3880,.F.);
#3880 = EDGE_CURVE('',#2841,#2962,#3881,.T.);
#3881 = ( BOUNDED_CURVE() B_SPLINE_CURVE(3,(#3882,#3883,#3884,#3885),
.UNSPECIFIED.,.F.,.F.) B_SPLINE_CURVE_WITH_KNOTS((4,4),(4.712388980385,
6.28318530718),.PIECEWISE_BEZIER_KNOTS.) CURVE() 
GEOMETRIC_REPRESENTATION_ITEM() RATIONAL_B_SPLINE_CURVE((1.,
0.804737854124,0.804737854124,1.)) REPRESENTATION_ITEM('') );
#3882 = CARTESIAN_POINT('',(1.458578643763,3.2,2.4));
#3883 = CARTESIAN_POINT('',(1.482842712475,3.2,2.458578643763));
#3884 = CARTESIAN_POINT('',(1.5,3.241421356237,2.5));
#3885 = CARTESIAN_POINT('',(1.5,3.3,2.5));
#3886 = ORIENTED_EDGE('',*,*,#2840,.F.);
#3887 = CYLINDRICAL_SURFACE('',#3888,0.1);
#3888 = AXIS2_PLACEMENT_3D('',#3889,#3890,#3891);
#3889 = CARTESIAN_POINT('',(2.229289321881,3.3,1.629289321881));
#3890 = DIRECTION('',(0.707106781187,0.,-0.707106781187));
#3891 = DIRECTION('',(-0.707106781187,0.,-0.707106781187));
#3892 = ADVANCED_FACE('',(#3893),#3905,.T.);
#3893 = FACE_BOUND('',#3894,.T.);
#3894 = EDGE_LOOP('',(#3895,#3896,#3897,#3904));
#3895 = ORIENTED_EDGE('',*,*,#3880,.T.);
#3896 = ORIENTED_EDGE('',*,*,#3002,.F.);
#3897 = ORIENTED_EDGE('',*,*,#3898,.F.);
#3898 = EDGE_CURVE('',#2807,#2993,#3899,.T.);
#3899 = ( BOUNDED_CURVE() B_SPLINE_CURVE(3,(#3900,#3901,#3902,#3903),
.UNSPECIFIED.,.F.,.F.) B_SPLINE_CURVE_WITH_KNOTS((4,4),(4.712388980385,
6.28318530718),.PIECEWISE_BEZIER_KNOTS.) CURVE() 
GEOMETRIC_REPRESENTATION_ITEM() RATIONAL_B_SPLINE_CURVE((1.,
0.804737854124,0.804737854124,1.)) REPRESENTATION_ITEM('') );
#3900 = CARTESIAN_POINT('',(-1.458578643763,3.2,2.4));
#3901 = CARTESIAN_POINT('',(-1.482842712475,3.2,2.458578643763));
#3902 = CARTESIAN_POINT('',(-1.5,3.241421356237,2.5));
#3903 = CARTESIAN_POINT('',(-1.5,3.3,2.5));
#3904 = ORIENTED_EDGE('',*,*,#2848,.F.);
#3905 = CYLINDRICAL_SURFACE('',#3906,1.E-01);
#3906 = AXIS2_PLACEMENT_3D('',#3907,#3908,#3909);
#3907 = CARTESIAN_POINT('',(1.5,3.3,2.4));
#3908 = DIRECTION('',(1.,0.,0.));
#3909 = DIRECTION('',(0.,0.,-1.));
#3910 = ADVANCED_FACE('',(#3911),#3923,.T.);
#3911 = FACE_BOUND('',#3912,.T.);
#3912 = EDGE_LOOP('',(#3913,#3914,#3915,#3922));
#3913 = ORIENTED_EDGE('',*,*,#3898,.T.);
#3914 = ORIENTED_EDGE('',*,*,#3033,.F.);
#3915 = ORIENTED_EDGE('',*,*,#3916,.F.);
#3916 = EDGE_CURVE('',#2809,#3024,#3917,.T.);
#3917 = ( BOUNDED_CURVE() B_SPLINE_CURVE(3,(#3918,#3919,#3920,#3921),
.UNSPECIFIED.,.F.,.F.) B_SPLINE_CURVE_WITH_KNOTS((4,4),(1.570796326795,
3.14159265359),.PIECEWISE_BEZIER_KNOTS.) CURVE() 
GEOMETRIC_REPRESENTATION_ITEM() RATIONAL_B_SPLINE_CURVE((1.,
0.804737854124,0.804737854124,1.)) REPRESENTATION_ITEM('') );
#3918 = CARTESIAN_POINT('',(-2.2,3.2,1.658578643763));
#3919 = CARTESIAN_POINT('',(-2.258578643763,3.2,1.682842712475));
#3920 = CARTESIAN_POINT('',(-2.3,3.241421356237,1.7));
#3921 = CARTESIAN_POINT('',(-2.3,3.3,1.7));
#3922 = ORIENTED_EDGE('',*,*,#2806,.F.);
#3923 = CYLINDRICAL_SURFACE('',#3924,1.E-01);
#3924 = AXIS2_PLACEMENT_3D('',#3925,#3926,#3927);
#3925 = CARTESIAN_POINT('',(-1.429289321881,3.3,2.429289321881));
#3926 = DIRECTION('',(0.707106781187,0.,0.707106781187));
#3927 = DIRECTION('',(0.707106781187,0.,-0.707106781187));
#3928 = ADVANCED_FACE('',(#3929),#3941,.T.);
#3929 = FACE_BOUND('',#3930,.T.);
#3930 = EDGE_LOOP('',(#3931,#3932,#3933,#3940));
#3931 = ORIENTED_EDGE('',*,*,#3916,.T.);
#3932 = ORIENTED_EDGE('',*,*,#3067,.F.);
#3933 = ORIENTED_EDGE('',*,*,#3934,.F.);
#3934 = EDGE_CURVE('',#2817,#3057,#3935,.T.);
#3935 = CIRCLE('',#3936,1.E-01);
#3936 = AXIS2_PLACEMENT_3D('',#3937,#3938,#3939);
#3937 = CARTESIAN_POINT('',(-2.2,3.3,0.67082039325));
#3938 = DIRECTION('',(-0.,0.,-1.));
#3939 = DIRECTION('',(-1.,0.,0.));
#3940 = ORIENTED_EDGE('',*,*,#2816,.F.);
#3941 = CYLINDRICAL_SURFACE('',#3942,1.E-01);
#3942 = AXIS2_PLACEMENT_3D('',#3943,#3944,#3945);
#3943 = CARTESIAN_POINT('',(-2.2,3.3,-1.7));
#3944 = DIRECTION('',(-1.27553196763E-16,0.,1.));
#3945 = DIRECTION('',(1.,0.,1.27553196763E-16));
#3946 = ADVANCED_FACE('',(#3947),#3952,.T.);
#3947 = FACE_BOUND('',#3948,.T.);
#3948 = EDGE_LOOP('',(#3949,#3950,#3951));
#3949 = ORIENTED_EDGE('',*,*,#3054,.F.);
#3950 = ORIENTED_EDGE('',*,*,#3298,.F.);
#3951 = ORIENTED_EDGE('',*,*,#3934,.T.);
#3952 = ( BOUNDED_SURFACE() B_SPLINE_SURFACE(3,2,(
    (#3953,#3954,#3955)
    ,(#3956,#3957,#3958)
    ,(#3959,#3960,#3961)
    ,(#3962,#3963,#3964)
    ,(#3965,#3966,#3967)
    ,(#3968,#3969,#3970
)),.UNSPECIFIED.,.F.,.F.,.F.) B_SPLINE_SURFACE_WITH_KNOTS((4,2,4),(3,3),
  (3.278971666597E-04,6.741308042336E-04,1.020364441808E-03),(0.,1.),
.UNSPECIFIED.) GEOMETRIC_REPRESENTATION_ITEM() RATIONAL_B_SPLINE_SURFACE
((
    (1.,0.707106781185,1.)
    ,(1.,0.818150804296,1.)
    ,(1.,0.887240159119,1.)
    ,(1.,0.978640180188,1.)
    ,(1.,0.99975383411,1.)
,(1.,1.,1.))) REPRESENTATION_ITEM('') SURFACE() );
#3953 = CARTESIAN_POINT('',(-2.3,3.299999999993,0.670820393251));
#3954 = CARTESIAN_POINT('',(-2.3,3.199999999992,0.670820393251));
#3955 = CARTESIAN_POINT('',(-2.2,3.199999999993,0.670820393251));
#3956 = CARTESIAN_POINT('',(-2.3,3.299999856406,0.556695791815));
#3957 = CARTESIAN_POINT('',(-2.3,3.227677875496,0.580047467127));
#3958 = CARTESIAN_POINT('',(-2.231833884881,3.199999999993,
    0.566419075326));
#3959 = CARTESIAN_POINT('',(-2.3,3.285109313276,0.444591461025));
#3960 = CARTESIAN_POINT('',(-2.3,3.232711118808,0.458146628726));
#3961 = CARTESIAN_POINT('',(-2.257021332435,3.200000001163,0.4569786915)
  );
#3962 = CARTESIAN_POINT('',(-2.3,3.247359602279,0.221685650684));
#3963 = CARTESIAN_POINT('',(-2.3,3.2240819432,0.23209129919));
#3964 = CARTESIAN_POINT('',(-2.291129611626,3.19999999883,0.231732416369
    ));
#3965 = CARTESIAN_POINT('',(-2.3,3.223678607972,0.111068069572));
#3966 = CARTESIAN_POINT('',(-2.299999999989,3.211836823359,
    0.113568554923));
#3967 = CARTESIAN_POINT('',(-2.3,3.200000000005,0.116138877538));
#3968 = CARTESIAN_POINT('',(-2.3,3.199999999993,-2.168404344971E-16));
#3969 = CARTESIAN_POINT('',(-2.3,3.199999999996,1.028313556044E-16));
#3970 = CARTESIAN_POINT('',(-2.3,3.2,4.225031457058E-16));
#3971 = ADVANCED_FACE('',(#3972),#3990,.T.);
#3972 = FACE_BOUND('',#3973,.T.);
#3973 = EDGE_LOOP('',(#3974,#3981,#3982,#3989));
#3974 = ORIENTED_EDGE('',*,*,#3975,.F.);
#3975 = EDGE_CURVE('',#3602,#3380,#3976,.T.);
#3976 = ( BOUNDED_CURVE() B_SPLINE_CURVE(3,(#3977,#3978,#3979,#3980),
.UNSPECIFIED.,.F.,.F.) B_SPLINE_CURVE_WITH_KNOTS((4,4),(3.14159265359,
4.712388980385),.PIECEWISE_BEZIER_KNOTS.) CURVE() 
GEOMETRIC_REPRESENTATION_ITEM() RATIONAL_B_SPLINE_CURVE((1.,
0.804737854124,0.804737854124,1.)) REPRESENTATION_ITEM('') );
#3977 = CARTESIAN_POINT('',(-2.5,0.8,2.));
#3978 = CARTESIAN_POINT('',(-2.5,0.858578643763,2.));
#3979 = CARTESIAN_POINT('',(-2.458578643763,0.9,1.958578643763));
#3980 = CARTESIAN_POINT('',(-2.4,0.9,1.9));
#3981 = ORIENTED_EDGE('',*,*,#3642,.F.);
#3982 = ORIENTED_EDGE('',*,*,#3983,.F.);
#3983 = EDGE_CURVE('',#3388,#3633,#3984,.T.);
#3984 = ( BOUNDED_CURVE() B_SPLINE_CURVE(3,(#3985,#3986,#3987,#3988),
.UNSPECIFIED.,.F.,.F.) B_SPLINE_CURVE_WITH_KNOTS((4,4),(1.570796326795,
3.14159265359),.PIECEWISE_BEZIER_KNOTS.) CURVE() 
GEOMETRIC_REPRESENTATION_ITEM() RATIONAL_B_SPLINE_CURVE((1.,
0.804737854124,0.804737854124,1.)) REPRESENTATION_ITEM('') );
#3985 = CARTESIAN_POINT('',(-1.958578643763,0.9,1.9));
#3986 = CARTESIAN_POINT('',(-1.982842712475,0.9,1.958578643763));
#3987 = CARTESIAN_POINT('',(-2.,0.858578643763,2.));
#3988 = CARTESIAN_POINT('',(-2.,0.8,2.));
#3989 = ORIENTED_EDGE('',*,*,#3387,.F.);
#3990 = CYLINDRICAL_SURFACE('',#3991,1.E-01);
#3991 = AXIS2_PLACEMENT_3D('',#3992,#3993,#3994);
#3992 = CARTESIAN_POINT('',(-2.5,0.8,1.9));
#3993 = DIRECTION('',(-1.,0.,6.245004513517E-14));
#3994 = DIRECTION('',(6.245004513517E-14,0.,1.));
#3995 = ADVANCED_FACE('',(#3996),#4008,.T.);
#3996 = FACE_BOUND('',#3997,.T.);
#3997 = EDGE_LOOP('',(#3998,#3999,#4000,#4007));
#3998 = ORIENTED_EDGE('',*,*,#3983,.T.);
#3999 = ORIENTED_EDGE('',*,*,#3673,.F.);
#4000 = ORIENTED_EDGE('',*,*,#4001,.F.);
#4001 = EDGE_CURVE('',#3396,#3664,#4002,.T.);
#4002 = ( BOUNDED_CURVE() B_SPLINE_CURVE(3,(#4003,#4004,#4005,#4006),
.UNSPECIFIED.,.F.,.F.) B_SPLINE_CURVE_WITH_KNOTS((4,4),(1.570796326795,
3.14159265359),.PIECEWISE_BEZIER_KNOTS.) CURVE() 
GEOMETRIC_REPRESENTATION_ITEM() RATIONAL_B_SPLINE_CURVE((1.,
0.804737854124,0.804737854124,1.)) REPRESENTATION_ITEM('') );
#4003 = CARTESIAN_POINT('',(-1.458578643763,0.9,2.4));
#4004 = CARTESIAN_POINT('',(-1.482842712475,0.9,2.458578643763));
#4005 = CARTESIAN_POINT('',(-1.5,0.858578643763,2.5));
#4006 = CARTESIAN_POINT('',(-1.5,0.8,2.5));
#4007 = ORIENTED_EDGE('',*,*,#3395,.F.);
#4008 = CYLINDRICAL_SURFACE('',#4009,0.1);
#4009 = AXIS2_PLACEMENT_3D('',#4010,#4011,#4012);
#4010 = CARTESIAN_POINT('',(-4.179289321881,0.8,-0.320710678119));
#4011 = DIRECTION('',(-0.707106781187,0.,-0.707106781187));
#4012 = DIRECTION('',(-0.707106781187,0.,0.707106781187));
#4013 = ADVANCED_FACE('',(#4014),#4026,.T.);
#4014 = FACE_BOUND('',#4015,.T.);
#4015 = EDGE_LOOP('',(#4016,#4017,#4018,#4025));
#4016 = ORIENTED_EDGE('',*,*,#3975,.T.);
#4017 = ORIENTED_EDGE('',*,*,#3379,.F.);
#4018 = ORIENTED_EDGE('',*,*,#4019,.F.);
#4019 = EDGE_CURVE('',#3571,#3372,#4020,.T.);
#4020 = ( BOUNDED_CURVE() B_SPLINE_CURVE(3,(#4021,#4022,#4023,#4024),
.UNSPECIFIED.,.F.,.F.) B_SPLINE_CURVE_WITH_KNOTS((4,4),(3.14159265359,
4.712388980385),.PIECEWISE_BEZIER_KNOTS.) CURVE() 
GEOMETRIC_REPRESENTATION_ITEM() RATIONAL_B_SPLINE_CURVE((1.,
0.804737854124,0.804737854124,1.)) REPRESENTATION_ITEM('') );
#4021 = CARTESIAN_POINT('',(-2.5,0.8,-2.));
#4022 = CARTESIAN_POINT('',(-2.5,0.858578643763,-2.));
#4023 = CARTESIAN_POINT('',(-2.458578643763,0.9,-1.958578643763));
#4024 = CARTESIAN_POINT('',(-2.4,0.9,-1.9));
#4025 = ORIENTED_EDGE('',*,*,#3611,.F.);
#4026 = CYLINDRICAL_SURFACE('',#4027,1.E-01);
#4027 = AXIS2_PLACEMENT_3D('',#4028,#4029,#4030);
#4028 = CARTESIAN_POINT('',(-2.4,0.8,-2.));
#4029 = DIRECTION('',(-6.938893903907E-15,0.,-1.));
#4030 = DIRECTION('',(-1.,0.,6.938893903907E-15));
#4031 = ADVANCED_FACE('',(#4032),#4044,.T.);
#4032 = FACE_BOUND('',#4033,.T.);
#4033 = EDGE_LOOP('',(#4034,#4035,#4036,#4043));
#4034 = ORIENTED_EDGE('',*,*,#4001,.T.);
#4035 = ORIENTED_EDGE('',*,*,#3704,.F.);
#4036 = ORIENTED_EDGE('',*,*,#4037,.F.);
#4037 = EDGE_CURVE('',#3404,#3695,#4038,.T.);
#4038 = ( BOUNDED_CURVE() B_SPLINE_CURVE(3,(#4039,#4040,#4041,#4042),
.UNSPECIFIED.,.F.,.F.) B_SPLINE_CURVE_WITH_KNOTS((4,4),(1.570796326795,
3.14159265359),.PIECEWISE_BEZIER_KNOTS.) CURVE() 
GEOMETRIC_REPRESENTATION_ITEM() RATIONAL_B_SPLINE_CURVE((1.,
0.804737854124,0.804737854124,1.)) REPRESENTATION_ITEM('') );
#4039 = CARTESIAN_POINT('',(1.458578643763,0.9,2.4));
#4040 = CARTESIAN_POINT('',(1.482842712475,0.9,2.458578643763));
#4041 = CARTESIAN_POINT('',(1.5,0.858578643763,2.5));
#4042 = CARTESIAN_POINT('',(1.5,0.8,2.5));
#4043 = ORIENTED_EDGE('',*,*,#3403,.F.);
#4044 = CYLINDRICAL_SURFACE('',#4045,1.E-01);
#4045 = AXIS2_PLACEMENT_3D('',#4046,#4047,#4048);
#4046 = CARTESIAN_POINT('',(-2.5,0.8,2.4));
#4047 = DIRECTION('',(-1.,0.,0.));
#4048 = DIRECTION('',(0.,0.,1.));
#4049 = ADVANCED_FACE('',(#4050),#4062,.T.);
#4050 = FACE_BOUND('',#4051,.T.);
#4051 = EDGE_LOOP('',(#4052,#4053,#4054,#4061));
#4052 = ORIENTED_EDGE('',*,*,#4019,.T.);
#4053 = ORIENTED_EDGE('',*,*,#3371,.F.);
#4054 = ORIENTED_EDGE('',*,*,#4055,.F.);
#4055 = EDGE_CURVE('',#3540,#3364,#4056,.T.);
#4056 = ( BOUNDED_CURVE() B_SPLINE_CURVE(3,(#4057,#4058,#4059,#4060),
.UNSPECIFIED.,.F.,.F.) B_SPLINE_CURVE_WITH_KNOTS((4,4),(3.14159265359,
4.712388980385),.PIECEWISE_BEZIER_KNOTS.) CURVE() 
GEOMETRIC_REPRESENTATION_ITEM() RATIONAL_B_SPLINE_CURVE((1.,
0.804737854124,0.804737854124,1.)) REPRESENTATION_ITEM('') );
#4057 = CARTESIAN_POINT('',(-2.,0.8,-2.));
#4058 = CARTESIAN_POINT('',(-2.,0.858578643763,-2.));
#4059 = CARTESIAN_POINT('',(-1.982842712475,0.9,-1.958578643763));
#4060 = CARTESIAN_POINT('',(-1.958578643763,0.9,-1.9));
#4061 = ORIENTED_EDGE('',*,*,#3580,.F.);
#4062 = CYLINDRICAL_SURFACE('',#4063,0.1);
#4063 = AXIS2_PLACEMENT_3D('',#4064,#4065,#4066);
#4064 = CARTESIAN_POINT('',(-2.5,0.8,-1.9));
#4065 = DIRECTION('',(1.,0.,-6.938893903907E-15));
#4066 = DIRECTION('',(-6.938893903907E-15,0.,-1.));
#4067 = ADVANCED_FACE('',(#4068),#4080,.T.);
#4068 = FACE_BOUND('',#4069,.T.);
#4069 = EDGE_LOOP('',(#4070,#4071,#4072,#4079));
#4070 = ORIENTED_EDGE('',*,*,#4037,.T.);
#4071 = ORIENTED_EDGE('',*,*,#3735,.F.);
#4072 = ORIENTED_EDGE('',*,*,#4073,.F.);
#4073 = EDGE_CURVE('',#3412,#3726,#4074,.T.);
#4074 = ( BOUNDED_CURVE() B_SPLINE_CURVE(3,(#4075,#4076,#4077,#4078),
.UNSPECIFIED.,.F.,.F.) B_SPLINE_CURVE_WITH_KNOTS((4,4),(1.570796326795,
3.14159265359),.PIECEWISE_BEZIER_KNOTS.) CURVE() 
GEOMETRIC_REPRESENTATION_ITEM() RATIONAL_B_SPLINE_CURVE((1.,
0.804737854124,0.804737854124,1.)) REPRESENTATION_ITEM('') );
#4075 = CARTESIAN_POINT('',(1.958578643763,0.9,1.9));
#4076 = CARTESIAN_POINT('',(1.982842712475,0.9,1.958578643763));
#4077 = CARTESIAN_POINT('',(2.,0.858578643763,2.));
#4078 = CARTESIAN_POINT('',(2.,0.8,2.));
#4079 = ORIENTED_EDGE('',*,*,#3411,.F.);
#4080 = CYLINDRICAL_SURFACE('',#4081,0.1);
#4081 = AXIS2_PLACEMENT_3D('',#4082,#4083,#4084);
#4082 = CARTESIAN_POINT('',(1.679289321881,0.8,2.179289321881));
#4083 = DIRECTION('',(-0.707106781187,0.,0.707106781187));
#4084 = DIRECTION('',(0.707106781187,0.,0.707106781187));
#4085 = ADVANCED_FACE('',(#4086),#4098,.T.);
#4086 = FACE_BOUND('',#4087,.T.);
#4087 = EDGE_LOOP('',(#4088,#4089,#4090,#4097));
#4088 = ORIENTED_EDGE('',*,*,#4055,.T.);
#4089 = ORIENTED_EDGE('',*,*,#3363,.F.);
#4090 = ORIENTED_EDGE('',*,*,#4091,.F.);
#4091 = EDGE_CURVE('',#3509,#3356,#4092,.T.);
#4092 = ( BOUNDED_CURVE() B_SPLINE_CURVE(3,(#4093,#4094,#4095,#4096),
.UNSPECIFIED.,.F.,.F.) B_SPLINE_CURVE_WITH_KNOTS((4,4),(
1.084202172486E-15,1.570796326795),.PIECEWISE_BEZIER_KNOTS.) CURVE() 
GEOMETRIC_REPRESENTATION_ITEM() RATIONAL_B_SPLINE_CURVE((1.,
0.804737854124,0.804737854124,1.)) REPRESENTATION_ITEM('') );
#4093 = CARTESIAN_POINT('',(-1.5,0.8,-2.5));
#4094 = CARTESIAN_POINT('',(-1.5,0.858578643763,-2.5));
#4095 = CARTESIAN_POINT('',(-1.482842712475,0.9,-2.458578643763));
#4096 = CARTESIAN_POINT('',(-1.458578643763,0.9,-2.4));
#4097 = ORIENTED_EDGE('',*,*,#3549,.F.);
#4098 = CYLINDRICAL_SURFACE('',#4099,1.E-01);
#4099 = AXIS2_PLACEMENT_3D('',#4100,#4101,#4102);
#4100 = CARTESIAN_POINT('',(-2.179289321881,0.8,-1.679289321881));
#4101 = DIRECTION('',(0.707106781187,0.,-0.707106781187));
#4102 = DIRECTION('',(-0.707106781187,0.,-0.707106781187));
#4103 = ADVANCED_FACE('',(#4104),#4116,.T.);
#4104 = FACE_BOUND('',#4105,.T.);
#4105 = EDGE_LOOP('',(#4106,#4107,#4108,#4115));
#4106 = ORIENTED_EDGE('',*,*,#4073,.T.);
#4107 = ORIENTED_EDGE('',*,*,#3766,.F.);
#4108 = ORIENTED_EDGE('',*,*,#4109,.F.);
#4109 = EDGE_CURVE('',#3330,#3757,#4110,.T.);
#4110 = ( BOUNDED_CURVE() B_SPLINE_CURVE(3,(#4111,#4112,#4113,#4114),
.UNSPECIFIED.,.F.,.F.) B_SPLINE_CURVE_WITH_KNOTS((4,4),(1.570796326795,
3.14159265359),.PIECEWISE_BEZIER_KNOTS.) CURVE() 
GEOMETRIC_REPRESENTATION_ITEM() RATIONAL_B_SPLINE_CURVE((1.,
0.804737854124,0.804737854124,1.)) REPRESENTATION_ITEM('') );
#4111 = CARTESIAN_POINT('',(2.4,0.9,1.9));
#4112 = CARTESIAN_POINT('',(2.458578643763,0.9,1.958578643763));
#4113 = CARTESIAN_POINT('',(2.5,0.858578643763,2.));
#4114 = CARTESIAN_POINT('',(2.5,0.8,2.));
#4115 = ORIENTED_EDGE('',*,*,#3419,.F.);
#4116 = CYLINDRICAL_SURFACE('',#4117,1.E-01);
#4117 = AXIS2_PLACEMENT_3D('',#4118,#4119,#4120);
#4118 = CARTESIAN_POINT('',(-2.5,0.8,1.9));
#4119 = DIRECTION('',(-1.,0.,0.));
#4120 = DIRECTION('',(0.,0.,1.));
#4121 = ADVANCED_FACE('',(#4122),#4134,.T.);
#4122 = FACE_BOUND('',#4123,.T.);
#4123 = EDGE_LOOP('',(#4124,#4125,#4126,#4133));
#4124 = ORIENTED_EDGE('',*,*,#4091,.T.);
#4125 = ORIENTED_EDGE('',*,*,#3355,.F.);
#4126 = ORIENTED_EDGE('',*,*,#4127,.F.);
#4127 = EDGE_CURVE('',#3478,#3348,#4128,.T.);
#4128 = ( BOUNDED_CURVE() B_SPLINE_CURVE(3,(#4129,#4130,#4131,#4132),
.UNSPECIFIED.,.F.,.F.) B_SPLINE_CURVE_WITH_KNOTS((4,4),(
1.084202172485E-15,1.570796326795),.PIECEWISE_BEZIER_KNOTS.) CURVE() 
GEOMETRIC_REPRESENTATION_ITEM() RATIONAL_B_SPLINE_CURVE((1.,
0.804737854124,0.804737854124,1.)) REPRESENTATION_ITEM('') );
#4129 = CARTESIAN_POINT('',(1.5,0.8,-2.5));
#4130 = CARTESIAN_POINT('',(1.5,0.858578643763,-2.5));
#4131 = CARTESIAN_POINT('',(1.482842712475,0.9,-2.458578643763));
#4132 = CARTESIAN_POINT('',(1.458578643763,0.9,-2.4));
#4133 = ORIENTED_EDGE('',*,*,#3518,.F.);
#4134 = CYLINDRICAL_SURFACE('',#4135,1.E-01);
#4135 = AXIS2_PLACEMENT_3D('',#4136,#4137,#4138);
#4136 = CARTESIAN_POINT('',(-2.5,0.8,-2.4));
#4137 = DIRECTION('',(1.,-0.,0.));
#4138 = DIRECTION('',(0.,0.,-1.));
#4139 = ADVANCED_FACE('',(#4140),#4152,.T.);
#4140 = FACE_BOUND('',#4141,.T.);
#4141 = EDGE_LOOP('',(#4142,#4143,#4144,#4151));
#4142 = ORIENTED_EDGE('',*,*,#4109,.T.);
#4143 = ORIENTED_EDGE('',*,*,#3788,.F.);
#4144 = ORIENTED_EDGE('',*,*,#4145,.F.);
#4145 = EDGE_CURVE('',#3332,#3448,#4146,.T.);
#4146 = ( BOUNDED_CURVE() B_SPLINE_CURVE(3,(#4147,#4148,#4149,#4150),
.UNSPECIFIED.,.F.,.F.) B_SPLINE_CURVE_WITH_KNOTS((4,4),(1.570796326795,
3.14159265359),.PIECEWISE_BEZIER_KNOTS.) CURVE() 
GEOMETRIC_REPRESENTATION_ITEM() RATIONAL_B_SPLINE_CURVE((1.,
0.804737854124,0.804737854124,1.)) REPRESENTATION_ITEM('') );
#4147 = CARTESIAN_POINT('',(2.4,0.9,-1.9));
#4148 = CARTESIAN_POINT('',(2.458578643763,0.9,-1.958578643763));
#4149 = CARTESIAN_POINT('',(2.5,0.858578643763,-2.));
#4150 = CARTESIAN_POINT('',(2.5,0.8,-2.));
#4151 = ORIENTED_EDGE('',*,*,#3329,.F.);
#4152 = CYLINDRICAL_SURFACE('',#4153,1.E-01);
#4153 = AXIS2_PLACEMENT_3D('',#4154,#4155,#4156);
#4154 = CARTESIAN_POINT('',(2.4,0.8,-2.));
#4155 = DIRECTION('',(0.,0.,1.));
#4156 = DIRECTION('',(1.,0.,-0.));
#4157 = ADVANCED_FACE('',(#4158),#4170,.T.);
#4158 = FACE_BOUND('',#4159,.T.);
#4159 = EDGE_LOOP('',(#4160,#4161,#4162,#4169));
#4160 = ORIENTED_EDGE('',*,*,#4127,.T.);
#4161 = ORIENTED_EDGE('',*,*,#3347,.F.);
#4162 = ORIENTED_EDGE('',*,*,#4163,.F.);
#4163 = EDGE_CURVE('',#3438,#3340,#4164,.T.);
#4164 = ( BOUNDED_CURVE() B_SPLINE_CURVE(3,(#4165,#4166,#4167,#4168),
.UNSPECIFIED.,.F.,.F.) B_SPLINE_CURVE_WITH_KNOTS((4,4),(
1.084202172485E-15,1.570796326795),.PIECEWISE_BEZIER_KNOTS.) CURVE() 
GEOMETRIC_REPRESENTATION_ITEM() RATIONAL_B_SPLINE_CURVE((1.,
0.804737854124,0.804737854124,1.)) REPRESENTATION_ITEM('') );
#4165 = CARTESIAN_POINT('',(2.,0.8,-2.));
#4166 = CARTESIAN_POINT('',(2.,0.858578643763,-2.));
#4167 = CARTESIAN_POINT('',(1.982842712475,0.9,-1.958578643763));
#4168 = CARTESIAN_POINT('',(1.958578643763,0.9,-1.9));
#4169 = ORIENTED_EDGE('',*,*,#3487,.F.);
#4170 = CYLINDRICAL_SURFACE('',#4171,0.1);
#4171 = AXIS2_PLACEMENT_3D('',#4172,#4173,#4174);
#4172 = CARTESIAN_POINT('',(-0.320710678119,0.8,-4.179289321881));
#4173 = DIRECTION('',(0.707106781187,0.,0.707106781187));
#4174 = DIRECTION('',(0.707106781187,0.,-0.707106781187));
#4175 = ADVANCED_FACE('',(#4176),#4182,.T.);
#4176 = FACE_BOUND('',#4177,.T.);
#4177 = EDGE_LOOP('',(#4178,#4179,#4180,#4181));
#4178 = ORIENTED_EDGE('',*,*,#4145,.T.);
#4179 = ORIENTED_EDGE('',*,*,#3447,.F.);
#4180 = ORIENTED_EDGE('',*,*,#4163,.T.);
#4181 = ORIENTED_EDGE('',*,*,#3339,.F.);
#4182 = CYLINDRICAL_SURFACE('',#4183,0.1);
#4183 = AXIS2_PLACEMENT_3D('',#4184,#4185,#4186);
#4184 = CARTESIAN_POINT('',(-2.5,0.8,-1.9));
#4185 = DIRECTION('',(1.,0.,0.));
#4186 = DIRECTION('',(0.,0.,-1.));
#4187 = ADVANCED_FACE('',(#4188),#4199,.T.);
#4188 = FACE_BOUND('',#4189,.T.);
#4189 = EDGE_LOOP('',(#4190,#4191,#4192));
#4190 = ORIENTED_EDGE('',*,*,#2929,.F.);
#4191 = ORIENTED_EDGE('',*,*,#2782,.F.);
#4192 = ORIENTED_EDGE('',*,*,#4193,.F.);
#4193 = EDGE_CURVE('',#2930,#2774,#4194,.T.);
#4194 = CIRCLE('',#4195,1.E-01);
#4195 = AXIS2_PLACEMENT_3D('',#4196,#4197,#4198);
#4196 = CARTESIAN_POINT('',(2.2,3.299999999993,-0.67082039325));
#4197 = DIRECTION('',(-1.27553196763E-16,-1.084202172486E-15,-1.));
#4198 = DIRECTION('',(8.75811540203E-47,1.,-1.084202172486E-15));
#4199 = ( BOUNDED_SURFACE() B_SPLINE_SURFACE(3,2,(
    (#4200,#4201,#4202)
    ,(#4203,#4204,#4205)
    ,(#4206,#4207,#4208)
    ,(#4209,#4210,#4211)
    ,(#4212,#4213,#4214)
    ,(#4215,#4216,#4217
)),.UNSPECIFIED.,.F.,.F.,.F.) B_SPLINE_SURFACE_WITH_KNOTS((4,2,4),(3,3),
  (3.278971666608E-04,6.741308042342E-04,1.020364441808E-03),(0.,1.),
.UNSPECIFIED.) GEOMETRIC_REPRESENTATION_ITEM() RATIONAL_B_SPLINE_SURFACE
((
    (1.,0.707106781187,1.)
    ,(1.,0.818150804296,1.)
    ,(1.,0.887240159119,1.)
    ,(1.,0.978640180188,1.)
    ,(1.,0.99975383411,1.)
,(1.,1.,1.))) REPRESENTATION_ITEM('') SURFACE() );
#4200 = CARTESIAN_POINT('',(2.3,3.299999999993,-0.67082039325));
#4201 = CARTESIAN_POINT('',(2.3,3.199999999993,-0.67082039325));
#4202 = CARTESIAN_POINT('',(2.2,3.199999999993,-0.67082039325));
#4203 = CARTESIAN_POINT('',(2.3,3.299999856405,-0.556695791814));
#4204 = CARTESIAN_POINT('',(2.3,3.227677875496,-0.580047467126));
#4205 = CARTESIAN_POINT('',(2.231833884881,3.199999999993,
    -0.566419075325));
#4206 = CARTESIAN_POINT('',(2.3,3.285109313276,-0.444591461025));
#4207 = CARTESIAN_POINT('',(2.3,3.232711118808,-0.458146628725));
#4208 = CARTESIAN_POINT('',(2.257021332435,3.200000001163,-0.4569786915)
  );
#4209 = CARTESIAN_POINT('',(2.3,3.247359602279,-0.221685650684));
#4210 = CARTESIAN_POINT('',(2.3,3.2240819432,-0.23209129919));
#4211 = CARTESIAN_POINT('',(2.291129611626,3.19999999883,-0.231732416369
    ));
#4212 = CARTESIAN_POINT('',(2.3,3.223678607972,-0.111068069572));
#4213 = CARTESIAN_POINT('',(2.29999999999,3.211836823359,-0.113568554923
    ));
#4214 = CARTESIAN_POINT('',(2.3,3.200000000005,-0.116138877538));
#4215 = CARTESIAN_POINT('',(2.3,3.199999999993,-2.168404344971E-16));
#4216 = CARTESIAN_POINT('',(2.3,3.199999999996,-1.788374081995E-16));
#4217 = CARTESIAN_POINT('',(2.3,3.2,-1.408343819019E-16));
#4218 = ADVANCED_FACE('',(#4219),#4231,.T.);
#4219 = FACE_BOUND('',#4220,.T.);
#4220 = EDGE_LOOP('',(#4221,#4222,#4223,#4230));
#4221 = ORIENTED_EDGE('',*,*,#4193,.T.);
#4222 = ORIENTED_EDGE('',*,*,#3209,.F.);
#4223 = ORIENTED_EDGE('',*,*,#4224,.F.);
#4224 = EDGE_CURVE('',#2863,#3202,#4225,.T.);
#4225 = ( BOUNDED_CURVE() B_SPLINE_CURVE(3,(#4226,#4227,#4228,#4229),
.UNSPECIFIED.,.F.,.F.) B_SPLINE_CURVE_WITH_KNOTS((4,4),(
-4.440892098501E-15,1.570796326795),.PIECEWISE_BEZIER_KNOTS.) CURVE() 
GEOMETRIC_REPRESENTATION_ITEM() RATIONAL_B_SPLINE_CURVE((1.,
0.804737854124,0.804737854124,1.)) REPRESENTATION_ITEM('') );
#4226 = CARTESIAN_POINT('',(2.3,3.3,-1.7));
#4227 = CARTESIAN_POINT('',(2.3,3.241421356237,-1.7));
#4228 = CARTESIAN_POINT('',(2.258578643763,3.2,-1.682842712475));
#4229 = CARTESIAN_POINT('',(2.2,3.2,-1.658578643763));
#4230 = ORIENTED_EDGE('',*,*,#2940,.F.);
#4231 = CYLINDRICAL_SURFACE('',#4232,1.E-01);
#4232 = AXIS2_PLACEMENT_3D('',#4233,#4234,#4235);
#4233 = CARTESIAN_POINT('',(2.2,3.3,-1.7));
#4234 = DIRECTION('',(-1.27553196763E-16,0.,-1.));
#4235 = DIRECTION('',(-1.,0.,1.27553196763E-16));
#4236 = ADVANCED_FACE('',(#4237),#4249,.T.);
#4237 = FACE_BOUND('',#4238,.T.);
#4238 = EDGE_LOOP('',(#4239,#4240,#4241,#4248));
#4239 = ORIENTED_EDGE('',*,*,#4224,.T.);
#4240 = ORIENTED_EDGE('',*,*,#3201,.F.);
#4241 = ORIENTED_EDGE('',*,*,#4242,.F.);
#4242 = EDGE_CURVE('',#2873,#3194,#4243,.T.);
#4243 = ( BOUNDED_CURVE() B_SPLINE_CURVE(3,(#4244,#4245,#4246,#4247),
.UNSPECIFIED.,.F.,.F.) B_SPLINE_CURVE_WITH_KNOTS((4,4),(
-4.440892098501E-15,1.570796326795),.PIECEWISE_BEZIER_KNOTS.) CURVE() 
GEOMETRIC_REPRESENTATION_ITEM() RATIONAL_B_SPLINE_CURVE((1.,
0.804737854124,0.804737854124,1.)) REPRESENTATION_ITEM('') );
#4244 = CARTESIAN_POINT('',(1.5,3.3,-2.5));
#4245 = CARTESIAN_POINT('',(1.5,3.241421356237,-2.5));
#4246 = CARTESIAN_POINT('',(1.482842712475,3.2,-2.458578643763));
#4247 = CARTESIAN_POINT('',(1.458578643763,3.2,-2.4));
#4248 = ORIENTED_EDGE('',*,*,#2872,.F.);
#4249 = CYLINDRICAL_SURFACE('',#4250,0.1);
#4250 = AXIS2_PLACEMENT_3D('',#4251,#4252,#4253);
#4251 = CARTESIAN_POINT('',(1.429289321881,3.3,-2.429289321881));
#4252 = DIRECTION('',(-0.707106781187,0.,-0.707106781187));
#4253 = DIRECTION('',(-0.707106781187,0.,0.707106781187));
#4254 = ADVANCED_FACE('',(#4255),#4267,.T.);
#4255 = FACE_BOUND('',#4256,.T.);
#4256 = EDGE_LOOP('',(#4257,#4258,#4259,#4266));
#4257 = ORIENTED_EDGE('',*,*,#4242,.T.);
#4258 = ORIENTED_EDGE('',*,*,#3193,.F.);
#4259 = ORIENTED_EDGE('',*,*,#4260,.F.);
#4260 = EDGE_CURVE('',#3116,#3186,#4261,.T.);
#4261 = ( BOUNDED_CURVE() B_SPLINE_CURVE(3,(#4262,#4263,#4264,#4265),
.UNSPECIFIED.,.F.,.F.) B_SPLINE_CURVE_WITH_KNOTS((4,4),(
-4.440892098501E-15,1.570796326795),.PIECEWISE_BEZIER_KNOTS.) CURVE() 
GEOMETRIC_REPRESENTATION_ITEM() RATIONAL_B_SPLINE_CURVE((1.,
0.804737854124,0.804737854124,1.)) REPRESENTATION_ITEM('') );
#4262 = CARTESIAN_POINT('',(-1.5,3.3,-2.5));
#4263 = CARTESIAN_POINT('',(-1.5,3.241421356237,-2.5));
#4264 = CARTESIAN_POINT('',(-1.482842712475,3.2,-2.458578643763));
#4265 = CARTESIAN_POINT('',(-1.458578643763,3.2,-2.4));
#4266 = ORIENTED_EDGE('',*,*,#3147,.F.);
#4267 = CYLINDRICAL_SURFACE('',#4268,1.E-01);
#4268 = AXIS2_PLACEMENT_3D('',#4269,#4270,#4271);
#4269 = CARTESIAN_POINT('',(-1.5,3.3,-2.4));
#4270 = DIRECTION('',(-1.,0.,0.));
#4271 = DIRECTION('',(0.,0.,1.));
#4272 = ADVANCED_FACE('',(#4273),#4285,.T.);
#4273 = FACE_BOUND('',#4274,.T.);
#4274 = EDGE_LOOP('',(#4275,#4276,#4277,#4284));
#4275 = ORIENTED_EDGE('',*,*,#4260,.T.);
#4276 = ORIENTED_EDGE('',*,*,#3185,.F.);
#4277 = ORIENTED_EDGE('',*,*,#4278,.F.);
#4278 = EDGE_CURVE('',#3083,#3178,#4279,.T.);
#4279 = ( BOUNDED_CURVE() B_SPLINE_CURVE(3,(#4280,#4281,#4282,#4283),
.UNSPECIFIED.,.F.,.F.) B_SPLINE_CURVE_WITH_KNOTS((4,4),(
-4.440892098501E-15,1.570796326795),.PIECEWISE_BEZIER_KNOTS.) CURVE() 
GEOMETRIC_REPRESENTATION_ITEM() RATIONAL_B_SPLINE_CURVE((1.,
0.804737854124,0.804737854124,1.)) REPRESENTATION_ITEM('') );
#4280 = CARTESIAN_POINT('',(-2.3,3.3,-1.7));
#4281 = CARTESIAN_POINT('',(-2.3,3.241421356237,-1.7));
#4282 = CARTESIAN_POINT('',(-2.258578643763,3.2,-1.682842712475));
#4283 = CARTESIAN_POINT('',(-2.2,3.2,-1.658578643763));
#4284 = ORIENTED_EDGE('',*,*,#3125,.F.);
#4285 = CYLINDRICAL_SURFACE('',#4286,1.E-01);
#4286 = AXIS2_PLACEMENT_3D('',#4287,#4288,#4289);
#4287 = CARTESIAN_POINT('',(-2.229289321881,3.3,-1.629289321881));
#4288 = DIRECTION('',(-0.707106781187,0.,0.707106781187));
#4289 = DIRECTION('',(0.707106781187,0.,0.707106781187));
#4290 = ADVANCED_FACE('',(#4291),#4302,.T.);
#4291 = FACE_BOUND('',#4292,.T.);
#4292 = EDGE_LOOP('',(#4293,#4294,#4295));
#4293 = ORIENTED_EDGE('',*,*,#3305,.F.);
#4294 = ORIENTED_EDGE('',*,*,#3098,.F.);
#4295 = ORIENTED_EDGE('',*,*,#4296,.F.);
#4296 = EDGE_CURVE('',#3169,#3091,#4297,.T.);
#4297 = CIRCLE('',#4298,1.E-01);
#4298 = AXIS2_PLACEMENT_3D('',#4299,#4300,#4301);
#4299 = CARTESIAN_POINT('',(-2.2,3.299999999993,-0.67082039325));
#4300 = DIRECTION('',(1.27553196763E-16,-0.,-1.));
#4301 = DIRECTION('',(-1.,-0.,-1.27553196763E-16));
#4302 = ( BOUNDED_SURFACE() B_SPLINE_SURFACE(3,2,(
    (#4303,#4304,#4305)
    ,(#4306,#4307,#4308)
    ,(#4309,#4310,#4311)
    ,(#4312,#4313,#4314)
    ,(#4315,#4316,#4317)
    ,(#4318,#4319,#4320
)),.UNSPECIFIED.,.F.,.F.,.F.) B_SPLINE_SURFACE_WITH_KNOTS((4,2,4),(3,3),
  (3.278971666611E-04,6.741308042347E-04,1.020364441808E-03),(0.,1.),
.UNSPECIFIED.) GEOMETRIC_REPRESENTATION_ITEM() RATIONAL_B_SPLINE_SURFACE
((
    (1.,0.707106781187,1.)
    ,(1.,0.818150804296,1.)
    ,(1.,0.887240159119,1.)
    ,(1.,0.978640180188,1.)
    ,(1.,0.99975383411,1.)
,(1.,1.,1.))) REPRESENTATION_ITEM('') SURFACE() );
#4303 = CARTESIAN_POINT('',(-2.2,3.199999999993,-0.67082039325));
#4304 = CARTESIAN_POINT('',(-2.3,3.199999999993,-0.67082039325));
#4305 = CARTESIAN_POINT('',(-2.3,3.299999999993,-0.67082039325));
#4306 = CARTESIAN_POINT('',(-2.231833884881,3.199999999993,
    -0.566419075325));
#4307 = CARTESIAN_POINT('',(-2.3,3.227677875496,-0.580047467126));
#4308 = CARTESIAN_POINT('',(-2.3,3.299999856405,-0.556695791814));
#4309 = CARTESIAN_POINT('',(-2.257021332435,3.200000001163,-0.4569786915
    ));
#4310 = CARTESIAN_POINT('',(-2.3,3.232711118808,-0.458146628725));
#4311 = CARTESIAN_POINT('',(-2.3,3.285109313276,-0.444591461025));
#4312 = CARTESIAN_POINT('',(-2.291129611626,3.19999999883,
    -0.231732416369));
#4313 = CARTESIAN_POINT('',(-2.3,3.224081943199,-0.23209129919));
#4314 = CARTESIAN_POINT('',(-2.3,3.247359602279,-0.221685650684));
#4315 = CARTESIAN_POINT('',(-2.3,3.200000000005,-0.116138877538));
#4316 = CARTESIAN_POINT('',(-2.299999999989,3.211836823361,
    -0.113568554922));
#4317 = CARTESIAN_POINT('',(-2.3,3.223678607976,-0.111068069571));
#4318 = CARTESIAN_POINT('',(-2.3,3.2,4.225031457058E-16));
#4319 = CARTESIAN_POINT('',(-2.3,3.199999999996,1.028313556044E-16));
#4320 = CARTESIAN_POINT('',(-2.3,3.199999999993,-2.168404344971E-16));
#4321 = ADVANCED_FACE('',(#4322),#4328,.T.);
#4322 = FACE_BOUND('',#4323,.T.);
#4323 = EDGE_LOOP('',(#4324,#4325,#4326,#4327));
#4324 = ORIENTED_EDGE('',*,*,#4278,.T.);
#4325 = ORIENTED_EDGE('',*,*,#3177,.F.);
#4326 = ORIENTED_EDGE('',*,*,#4296,.T.);
#4327 = ORIENTED_EDGE('',*,*,#3090,.F.);
#4328 = CYLINDRICAL_SURFACE('',#4329,1.E-01);
#4329 = AXIS2_PLACEMENT_3D('',#4330,#4331,#4332);
#4330 = CARTESIAN_POINT('',(-2.2,3.3,-1.7));
#4331 = DIRECTION('',(-1.27553196763E-16,0.,1.));
#4332 = DIRECTION('',(1.,0.,1.27553196763E-16));
#4333 = ADVANCED_FACE('',(#4334),#4352,.T.);
#4334 = FACE_BOUND('',#4335,.T.);
#4335 = EDGE_LOOP('',(#4336,#4343,#4344,#4351));
#4336 = ORIENTED_EDGE('',*,*,#4337,.F.);
#4337 = EDGE_CURVE('',#2964,#3259,#4338,.T.);
#4338 = ( BOUNDED_CURVE() B_SPLINE_CURVE(3,(#4339,#4340,#4341,#4342),
.UNSPECIFIED.,.F.,.F.) B_SPLINE_CURVE_WITH_KNOTS((4,4),(3.14159265359,
4.712388980385),.PIECEWISE_BEZIER_KNOTS.) CURVE() 
GEOMETRIC_REPRESENTATION_ITEM() RATIONAL_B_SPLINE_CURVE((1.,
0.804737854124,0.804737854124,1.)) REPRESENTATION_ITEM('') );
#4339 = CARTESIAN_POINT('',(1.5,3.9,2.5));
#4340 = CARTESIAN_POINT('',(1.5,3.958578643763,2.5));
#4341 = CARTESIAN_POINT('',(1.482842712475,4.,2.458578643763));
#4342 = CARTESIAN_POINT('',(1.458578643763,4.,2.4));
#4343 = ORIENTED_EDGE('',*,*,#2978,.F.);
#4344 = ORIENTED_EDGE('',*,*,#4345,.F.);
#4345 = EDGE_CURVE('',#3267,#2905,#4346,.T.);
#4346 = ( BOUNDED_CURVE() B_SPLINE_CURVE(3,(#4347,#4348,#4349,#4350),
.UNSPECIFIED.,.F.,.F.) B_SPLINE_CURVE_WITH_KNOTS((4,4),(1.570796326795,
3.14159265359),.PIECEWISE_BEZIER_KNOTS.) CURVE() 
GEOMETRIC_REPRESENTATION_ITEM() RATIONAL_B_SPLINE_CURVE((1.,
0.804737854124,0.804737854124,1.)) REPRESENTATION_ITEM('') );
#4347 = CARTESIAN_POINT('',(2.2,4.,1.658578643763));
#4348 = CARTESIAN_POINT('',(2.258578643763,4.,1.682842712475));
#4349 = CARTESIAN_POINT('',(2.3,3.958578643763,1.7));
#4350 = CARTESIAN_POINT('',(2.3,3.9,1.7));
#4351 = ORIENTED_EDGE('',*,*,#3266,.F.);
#4352 = CYLINDRICAL_SURFACE('',#4353,0.1);
#4353 = AXIS2_PLACEMENT_3D('',#4354,#4355,#4356);
#4354 = CARTESIAN_POINT('',(3.929289321881,3.9,-7.071067811866E-02));
#4355 = DIRECTION('',(-0.707106781187,0.,0.707106781187));
#4356 = DIRECTION('',(0.707106781187,0.,0.707106781187));
#4357 = ADVANCED_FACE('',(#4358),#4370,.T.);
#4358 = FACE_BOUND('',#4359,.T.);
#4359 = EDGE_LOOP('',(#4360,#4361,#4362,#4369));
#4360 = ORIENTED_EDGE('',*,*,#4345,.T.);
#4361 = ORIENTED_EDGE('',*,*,#2947,.F.);
#4362 = ORIENTED_EDGE('',*,*,#4363,.F.);
#4363 = EDGE_CURVE('',#3275,#2865,#4364,.T.);
#4364 = ( BOUNDED_CURVE() B_SPLINE_CURVE(3,(#4365,#4366,#4367,#4368),
.UNSPECIFIED.,.F.,.F.) B_SPLINE_CURVE_WITH_KNOTS((4,4),(1.570796326795,
3.14159265359),.PIECEWISE_BEZIER_KNOTS.) CURVE() 
GEOMETRIC_REPRESENTATION_ITEM() RATIONAL_B_SPLINE_CURVE((1.,
0.804737854124,0.804737854124,1.)) REPRESENTATION_ITEM('') );
#4365 = CARTESIAN_POINT('',(2.2,4.,-1.658578643763));
#4366 = CARTESIAN_POINT('',(2.258578643763,4.,-1.682842712475));
#4367 = CARTESIAN_POINT('',(2.3,3.958578643763,-1.7));
#4368 = CARTESIAN_POINT('',(2.3,3.9,-1.7));
#4369 = ORIENTED_EDGE('',*,*,#3274,.F.);
#4370 = CYLINDRICAL_SURFACE('',#4371,1.E-01);
#4371 = AXIS2_PLACEMENT_3D('',#4372,#4373,#4374);
#4372 = CARTESIAN_POINT('',(2.2,3.9,1.27553196763E-17));
#4373 = DIRECTION('',(1.27553196763E-16,0.,1.));
#4374 = DIRECTION('',(1.,0.,-1.27553196763E-16));
#4375 = ADVANCED_FACE('',(#4376),#4388,.T.);
#4376 = FACE_BOUND('',#4377,.T.);
#4377 = EDGE_LOOP('',(#4378,#4379,#4380,#4387));
#4378 = ORIENTED_EDGE('',*,*,#4337,.T.);
#4379 = ORIENTED_EDGE('',*,*,#3258,.F.);
#4380 = ORIENTED_EDGE('',*,*,#4381,.F.);
#4381 = EDGE_CURVE('',#2995,#3251,#4382,.T.);
#4382 = ( BOUNDED_CURVE() B_SPLINE_CURVE(3,(#4383,#4384,#4385,#4386),
.UNSPECIFIED.,.F.,.F.) B_SPLINE_CURVE_WITH_KNOTS((4,4),(3.14159265359,
4.712388980385),.PIECEWISE_BEZIER_KNOTS.) CURVE() 
GEOMETRIC_REPRESENTATION_ITEM() RATIONAL_B_SPLINE_CURVE((1.,
0.804737854124,0.804737854124,1.)) REPRESENTATION_ITEM('') );
#4383 = CARTESIAN_POINT('',(-1.5,3.9,2.5));
#4384 = CARTESIAN_POINT('',(-1.5,3.958578643763,2.5));
#4385 = CARTESIAN_POINT('',(-1.482842712475,4.,2.458578643763));
#4386 = CARTESIAN_POINT('',(-1.458578643763,4.,2.4));
#4387 = ORIENTED_EDGE('',*,*,#3009,.F.);
#4388 = CYLINDRICAL_SURFACE('',#4389,1.E-01);
#4389 = AXIS2_PLACEMENT_3D('',#4390,#4391,#4392);
#4390 = CARTESIAN_POINT('',(4.,3.9,2.4));
#4391 = DIRECTION('',(-1.,0.,0.));
#4392 = DIRECTION('',(0.,0.,1.));
#4393 = ADVANCED_FACE('',(#4394),#4406,.T.);
#4394 = FACE_BOUND('',#4395,.T.);
#4395 = EDGE_LOOP('',(#4396,#4397,#4398,#4405));
#4396 = ORIENTED_EDGE('',*,*,#4363,.T.);
#4397 = ORIENTED_EDGE('',*,*,#2888,.F.);
#4398 = ORIENTED_EDGE('',*,*,#4399,.F.);
#4399 = EDGE_CURVE('',#3225,#2881,#4400,.T.);
#4400 = ( BOUNDED_CURVE() B_SPLINE_CURVE(3,(#4401,#4402,#4403,#4404),
.UNSPECIFIED.,.F.,.F.) B_SPLINE_CURVE_WITH_KNOTS((4,4),(1.570796326795,
3.14159265359),.PIECEWISE_BEZIER_KNOTS.) CURVE() 
GEOMETRIC_REPRESENTATION_ITEM() RATIONAL_B_SPLINE_CURVE((1.,
0.804737854124,0.804737854124,1.)) REPRESENTATION_ITEM('') );
#4401 = CARTESIAN_POINT('',(1.458578643763,4.,-2.4));
#4402 = CARTESIAN_POINT('',(1.482842712475,4.,-2.458578643763));
#4403 = CARTESIAN_POINT('',(1.5,3.958578643763,-2.5));
#4404 = CARTESIAN_POINT('',(1.5,3.9,-2.5));
#4405 = ORIENTED_EDGE('',*,*,#3282,.F.);
#4406 = CYLINDRICAL_SURFACE('',#4407,0.1);
#4407 = AXIS2_PLACEMENT_3D('',#4408,#4409,#4410);
#4408 = CARTESIAN_POINT('',(3.929289321881,3.9,7.071067811866E-02));
#4409 = DIRECTION('',(0.707106781187,0.,0.707106781187));
#4410 = DIRECTION('',(0.707106781187,0.,-0.707106781187));
#4411 = ADVANCED_FACE('',(#4412),#4424,.T.);
#4412 = FACE_BOUND('',#4413,.T.);
#4413 = EDGE_LOOP('',(#4414,#4415,#4416,#4423));
#4414 = ORIENTED_EDGE('',*,*,#4381,.T.);
#4415 = ORIENTED_EDGE('',*,*,#3250,.F.);
#4416 = ORIENTED_EDGE('',*,*,#4417,.F.);
#4417 = EDGE_CURVE('',#3026,#3243,#4418,.T.);
#4418 = ( BOUNDED_CURVE() B_SPLINE_CURVE(3,(#4419,#4420,#4421,#4422),
.UNSPECIFIED.,.F.,.F.) B_SPLINE_CURVE_WITH_KNOTS((4,4),(3.14159265359,
4.712388980385),.PIECEWISE_BEZIER_KNOTS.) CURVE() 
GEOMETRIC_REPRESENTATION_ITEM() RATIONAL_B_SPLINE_CURVE((1.,
0.804737854124,0.804737854124,1.)) REPRESENTATION_ITEM('') );
#4419 = CARTESIAN_POINT('',(-2.3,3.9,1.7));
#4420 = CARTESIAN_POINT('',(-2.3,3.958578643763,1.7));
#4421 = CARTESIAN_POINT('',(-2.258578643763,4.,1.682842712475));
#4422 = CARTESIAN_POINT('',(-2.2,4.,1.658578643763));
#4423 = ORIENTED_EDGE('',*,*,#3040,.F.);
#4424 = CYLINDRICAL_SURFACE('',#4425,0.1);
#4425 = AXIS2_PLACEMENT_3D('',#4426,#4427,#4428);
#4426 = CARTESIAN_POINT('',(7.071067811866E-02,3.9,3.929289321881));
#4427 = DIRECTION('',(-0.707106781187,0.,-0.707106781187));
#4428 = DIRECTION('',(-0.707106781187,0.,0.707106781187));
#4429 = ADVANCED_FACE('',(#4430),#4442,.T.);
#4430 = FACE_BOUND('',#4431,.T.);
#4431 = EDGE_LOOP('',(#4432,#4433,#4434,#4441));
#4432 = ORIENTED_EDGE('',*,*,#4399,.T.);
#4433 = ORIENTED_EDGE('',*,*,#3154,.F.);
#4434 = ORIENTED_EDGE('',*,*,#4435,.F.);
#4435 = EDGE_CURVE('',#3227,#3118,#4436,.T.);
#4436 = ( BOUNDED_CURVE() B_SPLINE_CURVE(3,(#4437,#4438,#4439,#4440),
.UNSPECIFIED.,.F.,.F.) B_SPLINE_CURVE_WITH_KNOTS((4,4),(1.570796326795,
3.14159265359),.PIECEWISE_BEZIER_KNOTS.) CURVE() 
GEOMETRIC_REPRESENTATION_ITEM() RATIONAL_B_SPLINE_CURVE((1.,
0.804737854124,0.804737854124,1.)) REPRESENTATION_ITEM('') );
#4437 = CARTESIAN_POINT('',(-1.458578643763,4.,-2.4));
#4438 = CARTESIAN_POINT('',(-1.482842712475,4.,-2.458578643763));
#4439 = CARTESIAN_POINT('',(-1.5,3.958578643763,-2.5));
#4440 = CARTESIAN_POINT('',(-1.5,3.9,-2.5));
#4441 = ORIENTED_EDGE('',*,*,#3224,.F.);
#4442 = CYLINDRICAL_SURFACE('',#4443,1.E-01);
#4443 = AXIS2_PLACEMENT_3D('',#4444,#4445,#4446);
#4444 = CARTESIAN_POINT('',(4.,3.9,-2.4));
#4445 = DIRECTION('',(1.,0.,0.));
#4446 = DIRECTION('',(0.,0.,-1.));
#4447 = ADVANCED_FACE('',(#4448),#4460,.T.);
#4448 = FACE_BOUND('',#4449,.T.);
#4449 = EDGE_LOOP('',(#4450,#4451,#4452,#4459));
#4450 = ORIENTED_EDGE('',*,*,#4417,.T.);
#4451 = ORIENTED_EDGE('',*,*,#3242,.F.);
#4452 = ORIENTED_EDGE('',*,*,#4453,.F.);
#4453 = EDGE_CURVE('',#3075,#3235,#4454,.T.);
#4454 = ( BOUNDED_CURVE() B_SPLINE_CURVE(3,(#4455,#4456,#4457,#4458),
.UNSPECIFIED.,.F.,.F.) B_SPLINE_CURVE_WITH_KNOTS((4,4),(
-4.440892098501E-15,1.570796326795),.PIECEWISE_BEZIER_KNOTS.) CURVE() 
GEOMETRIC_REPRESENTATION_ITEM() RATIONAL_B_SPLINE_CURVE((1.,
0.804737854124,0.804737854124,1.)) REPRESENTATION_ITEM('') );
#4455 = CARTESIAN_POINT('',(-2.3,3.9,-1.7));
#4456 = CARTESIAN_POINT('',(-2.3,3.958578643763,-1.7));
#4457 = CARTESIAN_POINT('',(-2.258578643763,4.,-1.682842712475));
#4458 = CARTESIAN_POINT('',(-2.2,4.,-1.658578643763));
#4459 = ORIENTED_EDGE('',*,*,#3074,.F.);
#4460 = CYLINDRICAL_SURFACE('',#4461,1.E-01);
#4461 = AXIS2_PLACEMENT_3D('',#4462,#4463,#4464);
#4462 = CARTESIAN_POINT('',(-2.2,3.9,-1.007670254428E-15));
#4463 = DIRECTION('',(1.27553196763E-16,0.,-1.));
#4464 = DIRECTION('',(-1.,0.,-1.27553196763E-16));
#4465 = ADVANCED_FACE('',(#4466),#4472,.T.);
#4466 = FACE_BOUND('',#4467,.T.);
#4467 = EDGE_LOOP('',(#4468,#4469,#4470,#4471));
#4468 = ORIENTED_EDGE('',*,*,#4435,.T.);
#4469 = ORIENTED_EDGE('',*,*,#3132,.F.);
#4470 = ORIENTED_EDGE('',*,*,#4453,.T.);
#4471 = ORIENTED_EDGE('',*,*,#3234,.F.);
#4472 = CYLINDRICAL_SURFACE('',#4473,0.1);
#4473 = AXIS2_PLACEMENT_3D('',#4474,#4475,#4476);
#4474 = CARTESIAN_POINT('',(7.071067811865E-02,3.9,-3.929289321881));
#4475 = DIRECTION('',(0.707106781187,0.,-0.707106781187));
#4476 = DIRECTION('',(-0.707106781187,0.,-0.707106781187));
#4477 = ( GEOMETRIC_REPRESENTATION_CONTEXT(3) 
GLOBAL_UNCERTAINTY_ASSIGNED_CONTEXT((#4481)) 
GLOBAL_UNIT_ASSIGNED_CONTEXT((#4478,#4479,#4480)) REPRESENTATION_CONTEXT
('Context #1','3D Context with UNIT and UNCERTAINTY') );
#4478 = ( LENGTH_UNIT() NAMED_UNIT(*) SI_UNIT(.MILLI.,.METRE.) );
#4479 = ( NAMED_UNIT(*) PLANE_ANGLE_UNIT() SI_UNIT($,.RADIAN.) );
#4480 = ( NAMED_UNIT(*) SI_UNIT($,.STERADIAN.) SOLID_ANGLE_UNIT() );
#4481 = UNCERTAINTY_MEASURE_WITH_UNIT(LENGTH_MEASURE(1.E-06),#4478,
  'distance_accuracy_value','confusion accuracy');
#4482 = CONTEXT_DEPENDENT_SHAPE_REPRESENTATION(#4483,#4485);
#4483 = ( REPRESENTATION_RELATIONSHIP('','',#2730,#2699) 
REPRESENTATION_RELATIONSHIP_WITH_TRANSFORMATION(#4484) 
SHAPE_REPRESENTATION_RELATIONSHIP() );
#4484 = ITEM_DEFINED_TRANSFORMATION('','',#11,#2700);
#4485 = PRODUCT_DEFINITION_SHAPE('Placement','Placement of an item',
  #4486);
#4486 = NEXT_ASSEMBLY_USAGE_OCCURRENCE('2','=>[0:1:1:3]','',#2694,#2725,
  $);
#4487 = PRODUCT_RELATED_PRODUCT_CATEGORY('part',$,(#2727));
#4488 = SHAPE_DEFINITION_REPRESENTATION(#4489,#4495);
#4489 = PRODUCT_DEFINITION_SHAPE('','',#4490);
#4490 = PRODUCT_DEFINITION('design','',#4491,#4494);
#4491 = PRODUCT_DEFINITION_FORMATION('','',#4492);
#4492 = PRODUCT('=>[0:1:1:4]','=>[0:1:1:4]','',(#4493));
#4493 = PRODUCT_CONTEXT('',#2,'mechanical');
#4494 = PRODUCT_DEFINITION_CONTEXT('part definition',#2,'design');
#4495 = ADVANCED_BREP_SHAPE_REPRESENTATION('',(#11,#4496),#4646);
#4496 = MANIFOLD_SOLID_BREP('',#4497);
#4497 = CLOSED_SHELL('',(#4498,#4538,#4569,#4600,#4622,#4634));
#4498 = ADVANCED_FACE('',(#4499),#4533,.F.);
#4499 = FACE_BOUND('',#4500,.T.);
#4500 = EDGE_LOOP('',(#4501,#4511,#4519,#4527));
#4501 = ORIENTED_EDGE('',*,*,#4502,.T.);
#4502 = EDGE_CURVE('',#4503,#4505,#4507,.T.);
#4503 = VERTEX_POINT('',#4504);
#4504 = CARTESIAN_POINT('',(2.5,0.,2.));
#4505 = VERTEX_POINT('',#4506);
#4506 = CARTESIAN_POINT('',(2.5,0.,-2.));
#4507 = LINE('',#4508,#4509);
#4508 = CARTESIAN_POINT('',(2.5,0.,2.));
#4509 = VECTOR('',#4510,1.);
#4510 = DIRECTION('',(0.,0.,-1.));
#4511 = ORIENTED_EDGE('',*,*,#4512,.F.);
#4512 = EDGE_CURVE('',#4513,#4505,#4515,.T.);
#4513 = VERTEX_POINT('',#4514);
#4514 = CARTESIAN_POINT('',(2.5,0.1,-2.));
#4515 = LINE('',#4516,#4517);
#4516 = CARTESIAN_POINT('',(2.5,0.1,-2.));
#4517 = VECTOR('',#4518,1.);
#4518 = DIRECTION('',(-0.,-1.,-0.));
#4519 = ORIENTED_EDGE('',*,*,#4520,.F.);
#4520 = EDGE_CURVE('',#4521,#4513,#4523,.T.);
#4521 = VERTEX_POINT('',#4522);
#4522 = CARTESIAN_POINT('',(2.5,0.1,2.));
#4523 = LINE('',#4524,#4525);
#4524 = CARTESIAN_POINT('',(2.5,0.1,2.));
#4525 = VECTOR('',#4526,1.);
#4526 = DIRECTION('',(0.,0.,-1.));
#4527 = ORIENTED_EDGE('',*,*,#4528,.T.);
#4528 = EDGE_CURVE('',#4521,#4503,#4529,.T.);
#4529 = LINE('',#4530,#4531);
#4530 = CARTESIAN_POINT('',(2.5,0.1,2.));
#4531 = VECTOR('',#4532,1.);
#4532 = DIRECTION('',(-0.,-1.,-0.));
#4533 = PLANE('',#4534);
#4534 = AXIS2_PLACEMENT_3D('',#4535,#4536,#4537);
#4535 = CARTESIAN_POINT('',(2.5,0.1,2.));
#4536 = DIRECTION('',(-1.,0.,0.));
#4537 = DIRECTION('',(0.,0.,1.));
#4538 = ADVANCED_FACE('',(#4539),#4564,.F.);
#4539 = FACE_BOUND('',#4540,.T.);
#4540 = EDGE_LOOP('',(#4541,#4549,#4557,#4563));
#4541 = ORIENTED_EDGE('',*,*,#4542,.T.);
#4542 = EDGE_CURVE('',#4505,#4543,#4545,.T.);
#4543 = VERTEX_POINT('',#4544);
#4544 = CARTESIAN_POINT('',(1.25,0.,-2.));
#4545 = LINE('',#4546,#4547);
#4546 = CARTESIAN_POINT('',(1.25,0.,-2.));
#4547 = VECTOR('',#4548,1.);
#4548 = DIRECTION('',(-1.,-0.,-0.));
#4549 = ORIENTED_EDGE('',*,*,#4550,.F.);
#4550 = EDGE_CURVE('',#4551,#4543,#4553,.T.);
#4551 = VERTEX_POINT('',#4552);
#4552 = CARTESIAN_POINT('',(1.25,0.1,-2.));
#4553 = LINE('',#4554,#4555);
#4554 = CARTESIAN_POINT('',(1.25,0.1,-2.));
#4555 = VECTOR('',#4556,1.);
#4556 = DIRECTION('',(-0.,-1.,-0.));
#4557 = ORIENTED_EDGE('',*,*,#4558,.F.);
#4558 = EDGE_CURVE('',#4513,#4551,#4559,.T.);
#4559 = LINE('',#4560,#4561);
#4560 = CARTESIAN_POINT('',(1.25,0.1,-2.));
#4561 = VECTOR('',#4562,1.);
#4562 = DIRECTION('',(-1.,-0.,-0.));
#4563 = ORIENTED_EDGE('',*,*,#4512,.T.);
#4564 = PLANE('',#4565);
#4565 = AXIS2_PLACEMENT_3D('',#4566,#4567,#4568);
#4566 = CARTESIAN_POINT('',(1.25,0.1,-2.));
#4567 = DIRECTION('',(0.,0.,1.));
#4568 = DIRECTION('',(1.,0.,-0.));
#4569 = ADVANCED_FACE('',(#4570),#4595,.F.);
#4570 = FACE_BOUND('',#4571,.T.);
#4571 = EDGE_LOOP('',(#4572,#4580,#4588,#4594));
#4572 = ORIENTED_EDGE('',*,*,#4573,.T.);
#4573 = EDGE_CURVE('',#4543,#4574,#4576,.T.);
#4574 = VERTEX_POINT('',#4575);
#4575 = CARTESIAN_POINT('',(1.25,0.,2.));
#4576 = LINE('',#4577,#4578);
#4577 = CARTESIAN_POINT('',(1.25,0.,2.));
#4578 = VECTOR('',#4579,1.);
#4579 = DIRECTION('',(-0.,-0.,1.));
#4580 = ORIENTED_EDGE('',*,*,#4581,.F.);
#4581 = EDGE_CURVE('',#4582,#4574,#4584,.T.);
#4582 = VERTEX_POINT('',#4583);
#4583 = CARTESIAN_POINT('',(1.25,0.1,2.));
#4584 = LINE('',#4585,#4586);
#4585 = CARTESIAN_POINT('',(1.25,0.1,2.));
#4586 = VECTOR('',#4587,1.);
#4587 = DIRECTION('',(-0.,-1.,-0.));
#4588 = ORIENTED_EDGE('',*,*,#4589,.F.);
#4589 = EDGE_CURVE('',#4551,#4582,#4590,.T.);
#4590 = LINE('',#4591,#4592);
#4591 = CARTESIAN_POINT('',(1.25,0.1,2.));
#4592 = VECTOR('',#4593,1.);
#4593 = DIRECTION('',(-0.,-0.,1.));
#4594 = ORIENTED_EDGE('',*,*,#4550,.T.);
#4595 = PLANE('',#4596);
#4596 = AXIS2_PLACEMENT_3D('',#4597,#4598,#4599);
#4597 = CARTESIAN_POINT('',(1.25,0.1,2.));
#4598 = DIRECTION('',(1.,-0.,0.));
#4599 = DIRECTION('',(0.,0.,-1.));
#4600 = ADVANCED_FACE('',(#4601),#4617,.F.);
#4601 = FACE_BOUND('',#4602,.T.);
#4602 = EDGE_LOOP('',(#4603,#4609,#4610,#4616));
#4603 = ORIENTED_EDGE('',*,*,#4604,.T.);
#4604 = EDGE_CURVE('',#4574,#4503,#4605,.T.);
#4605 = LINE('',#4606,#4607);
#4606 = CARTESIAN_POINT('',(1.25,0.,2.));
#4607 = VECTOR('',#4608,1.);
#4608 = DIRECTION('',(1.,0.,0.));
#4609 = ORIENTED_EDGE('',*,*,#4528,.F.);
#4610 = ORIENTED_EDGE('',*,*,#4611,.F.);
#4611 = EDGE_CURVE('',#4582,#4521,#4612,.T.);
#4612 = LINE('',#4613,#4614);
#4613 = CARTESIAN_POINT('',(1.25,0.1,2.));
#4614 = VECTOR('',#4615,1.);
#4615 = DIRECTION('',(1.,0.,0.));
#4616 = ORIENTED_EDGE('',*,*,#4581,.T.);
#4617 = PLANE('',#4618);
#4618 = AXIS2_PLACEMENT_3D('',#4619,#4620,#4621);
#4619 = CARTESIAN_POINT('',(1.25,0.1,2.));
#4620 = DIRECTION('',(0.,0.,-1.));
#4621 = DIRECTION('',(-1.,0.,-0.));
#4622 = ADVANCED_FACE('',(#4623),#4629,.F.);
#4623 = FACE_BOUND('',#4624,.T.);
#4624 = EDGE_LOOP('',(#4625,#4626,#4627,#4628));
#4625 = ORIENTED_EDGE('',*,*,#4520,.T.);
#4626 = ORIENTED_EDGE('',*,*,#4558,.T.);
#4627 = ORIENTED_EDGE('',*,*,#4589,.T.);
#4628 = ORIENTED_EDGE('',*,*,#4611,.T.);
#4629 = PLANE('',#4630);
#4630 = AXIS2_PLACEMENT_3D('',#4631,#4632,#4633);
#4631 = CARTESIAN_POINT('',(2.5,0.1,-2.));
#4632 = DIRECTION('',(0.,-1.,0.));
#4633 = DIRECTION('',(0.,-0.,-1.));
#4634 = ADVANCED_FACE('',(#4635),#4641,.T.);
#4635 = FACE_BOUND('',#4636,.T.);
#4636 = EDGE_LOOP('',(#4637,#4638,#4639,#4640));
#4637 = ORIENTED_EDGE('',*,*,#4502,.F.);
#4638 = ORIENTED_EDGE('',*,*,#4604,.F.);
#4639 = ORIENTED_EDGE('',*,*,#4573,.F.);
#4640 = ORIENTED_EDGE('',*,*,#4542,.F.);
#4641 = PLANE('',#4642);
#4642 = AXIS2_PLACEMENT_3D('',#4643,#4644,#4645);
#4643 = CARTESIAN_POINT('',(2.5,0.,-2.));
#4644 = DIRECTION('',(0.,-1.,0.));
#4645 = DIRECTION('',(0.,-0.,-1.));
#4646 = ( GEOMETRIC_REPRESENTATION_CONTEXT(3) 
GLOBAL_UNCERTAINTY_ASSIGNED_CONTEXT((#4650)) 
GLOBAL_UNIT_ASSIGNED_CONTEXT((#4647,#4648,#4649)) REPRESENTATION_CONTEXT
('Context #1','3D Context with UNIT and UNCERTAINTY') );
#4647 = ( LENGTH_UNIT() NAMED_UNIT(*) SI_UNIT(.MILLI.,.METRE.) );
#4648 = ( NAMED_UNIT(*) PLANE_ANGLE_UNIT() SI_UNIT($,.RADIAN.) );
#4649 = ( NAMED_UNIT(*) SI_UNIT($,.STERADIAN.) SOLID_ANGLE_UNIT() );
#4650 = UNCERTAINTY_MEASURE_WITH_UNIT(LENGTH_MEASURE(1.E-07),#4647,
  'distance_accuracy_value','confusion accuracy');
#4651 = CONTEXT_DEPENDENT_SHAPE_REPRESENTATION(#4652,#4654);
#4652 = ( REPRESENTATION_RELATIONSHIP('','',#4495,#2699) 
REPRESENTATION_RELATIONSHIP_WITH_TRANSFORMATION(#4653) 
SHAPE_REPRESENTATION_RELATIONSHIP() );
#4653 = ITEM_DEFINED_TRANSFORMATION('','',#11,#2704);
#4654 = PRODUCT_DEFINITION_SHAPE('Placement','Placement of an item',
  #4655);
#4655 = NEXT_ASSEMBLY_USAGE_OCCURRENCE('3','=>[0:1:1:4]','',#2694,#4490,
  $);
#4656 = PRODUCT_RELATED_PRODUCT_CATEGORY('part',$,(#4492));
#4657 = SHAPE_DEFINITION_REPRESENTATION(#4658,#4664);
#4658 = PRODUCT_DEFINITION_SHAPE('','',#4659);
#4659 = PRODUCT_DEFINITION('design','',#4660,#4663);
#4660 = PRODUCT_DEFINITION_FORMATION('','',#4661);
#4661 = PRODUCT('=>[0:1:1:5]','=>[0:1:1:5]','',(#4662));
#4662 = PRODUCT_CONTEXT('',#2,'mechanical');
#4663 = PRODUCT_DEFINITION_CONTEXT('part definition',#2,'design');
#4664 = ADVANCED_BREP_SHAPE_REPRESENTATION('',(#11,#4665),#4815);
#4665 = MANIFOLD_SOLID_BREP('',#4666);
#4666 = CLOSED_SHELL('',(#4667,#4707,#4738,#4769,#4791,#4803));
#4667 = ADVANCED_FACE('',(#4668),#4702,.F.);
#4668 = FACE_BOUND('',#4669,.T.);
#4669 = EDGE_LOOP('',(#4670,#4680,#4688,#4696));
#4670 = ORIENTED_EDGE('',*,*,#4671,.T.);
#4671 = EDGE_CURVE('',#4672,#4674,#4676,.T.);
#4672 = VERTEX_POINT('',#4673);
#4673 = CARTESIAN_POINT('',(-1.25,0.,2.));
#4674 = VERTEX_POINT('',#4675);
#4675 = CARTESIAN_POINT('',(-1.25,0.,-2.));
#4676 = LINE('',#4677,#4678);
#4677 = CARTESIAN_POINT('',(-1.25,0.,2.));
#4678 = VECTOR('',#4679,1.);
#4679 = DIRECTION('',(0.,0.,-1.));
#4680 = ORIENTED_EDGE('',*,*,#4681,.F.);
#4681 = EDGE_CURVE('',#4682,#4674,#4684,.T.);
#4682 = VERTEX_POINT('',#4683);
#4683 = CARTESIAN_POINT('',(-1.25,0.1,-2.));
#4684 = LINE('',#4685,#4686);
#4685 = CARTESIAN_POINT('',(-1.25,0.1,-2.));
#4686 = VECTOR('',#4687,1.);
#4687 = DIRECTION('',(-0.,-1.,-0.));
#4688 = ORIENTED_EDGE('',*,*,#4689,.F.);
#4689 = EDGE_CURVE('',#4690,#4682,#4692,.T.);
#4690 = VERTEX_POINT('',#4691);
#4691 = CARTESIAN_POINT('',(-1.25,0.1,2.));
#4692 = LINE('',#4693,#4694);
#4693 = CARTESIAN_POINT('',(-1.25,0.1,2.));
#4694 = VECTOR('',#4695,1.);
#4695 = DIRECTION('',(0.,0.,-1.));
#4696 = ORIENTED_EDGE('',*,*,#4697,.T.);
#4697 = EDGE_CURVE('',#4690,#4672,#4698,.T.);
#4698 = LINE('',#4699,#4700);
#4699 = CARTESIAN_POINT('',(-1.25,0.1,2.));
#4700 = VECTOR('',#4701,1.);
#4701 = DIRECTION('',(-0.,-1.,-0.));
#4702 = PLANE('',#4703);
#4703 = AXIS2_PLACEMENT_3D('',#4704,#4705,#4706);
#4704 = CARTESIAN_POINT('',(-1.25,0.1,2.));
#4705 = DIRECTION('',(-1.,0.,0.));
#4706 = DIRECTION('',(0.,0.,1.));
#4707 = ADVANCED_FACE('',(#4708),#4733,.F.);
#4708 = FACE_BOUND('',#4709,.T.);
#4709 = EDGE_LOOP('',(#4710,#4718,#4726,#4732));
#4710 = ORIENTED_EDGE('',*,*,#4711,.T.);
#4711 = EDGE_CURVE('',#4674,#4712,#4714,.T.);
#4712 = VERTEX_POINT('',#4713);
#4713 = CARTESIAN_POINT('',(-2.5,0.,-2.));
#4714 = LINE('',#4715,#4716);
#4715 = CARTESIAN_POINT('',(-1.25,0.,-2.));
#4716 = VECTOR('',#4717,1.);
#4717 = DIRECTION('',(-1.,0.,0.));
#4718 = ORIENTED_EDGE('',*,*,#4719,.F.);
#4719 = EDGE_CURVE('',#4720,#4712,#4722,.T.);
#4720 = VERTEX_POINT('',#4721);
#4721 = CARTESIAN_POINT('',(-2.5,0.1,-2.));
#4722 = LINE('',#4723,#4724);
#4723 = CARTESIAN_POINT('',(-2.5,0.1,-2.));
#4724 = VECTOR('',#4725,1.);
#4725 = DIRECTION('',(-0.,-1.,-0.));
#4726 = ORIENTED_EDGE('',*,*,#4727,.F.);
#4727 = EDGE_CURVE('',#4682,#4720,#4728,.T.);
#4728 = LINE('',#4729,#4730);
#4729 = CARTESIAN_POINT('',(-1.25,0.1,-2.));
#4730 = VECTOR('',#4731,1.);
#4731 = DIRECTION('',(-1.,0.,0.));
#4732 = ORIENTED_EDGE('',*,*,#4681,.T.);
#4733 = PLANE('',#4734);
#4734 = AXIS2_PLACEMENT_3D('',#4735,#4736,#4737);
#4735 = CARTESIAN_POINT('',(-1.25,0.1,-2.));
#4736 = DIRECTION('',(0.,-0.,1.));
#4737 = DIRECTION('',(1.,0.,0.));
#4738 = ADVANCED_FACE('',(#4739),#4764,.F.);
#4739 = FACE_BOUND('',#4740,.T.);
#4740 = EDGE_LOOP('',(#4741,#4749,#4757,#4763));
#4741 = ORIENTED_EDGE('',*,*,#4742,.T.);
#4742 = EDGE_CURVE('',#4712,#4743,#4745,.T.);
#4743 = VERTEX_POINT('',#4744);
#4744 = CARTESIAN_POINT('',(-2.5,0.,2.));
#4745 = LINE('',#4746,#4747);
#4746 = CARTESIAN_POINT('',(-2.5,0.,2.));
#4747 = VECTOR('',#4748,1.);
#4748 = DIRECTION('',(-0.,-0.,1.));
#4749 = ORIENTED_EDGE('',*,*,#4750,.F.);
#4750 = EDGE_CURVE('',#4751,#4743,#4753,.T.);
#4751 = VERTEX_POINT('',#4752);
#4752 = CARTESIAN_POINT('',(-2.5,0.1,2.));
#4753 = LINE('',#4754,#4755);
#4754 = CARTESIAN_POINT('',(-2.5,0.1,2.));
#4755 = VECTOR('',#4756,1.);
#4756 = DIRECTION('',(-0.,-1.,-0.));
#4757 = ORIENTED_EDGE('',*,*,#4758,.F.);
#4758 = EDGE_CURVE('',#4720,#4751,#4759,.T.);
#4759 = LINE('',#4760,#4761);
#4760 = CARTESIAN_POINT('',(-2.5,0.1,2.));
#4761 = VECTOR('',#4762,1.);
#4762 = DIRECTION('',(-0.,-0.,1.));
#4763 = ORIENTED_EDGE('',*,*,#4719,.T.);
#4764 = PLANE('',#4765);
#4765 = AXIS2_PLACEMENT_3D('',#4766,#4767,#4768);
#4766 = CARTESIAN_POINT('',(-2.5,0.1,2.));
#4767 = DIRECTION('',(1.,-0.,0.));
#4768 = DIRECTION('',(0.,0.,-1.));
#4769 = ADVANCED_FACE('',(#4770),#4786,.F.);
#4770 = FACE_BOUND('',#4771,.T.);
#4771 = EDGE_LOOP('',(#4772,#4778,#4779,#4785));
#4772 = ORIENTED_EDGE('',*,*,#4773,.T.);
#4773 = EDGE_CURVE('',#4743,#4672,#4774,.T.);
#4774 = LINE('',#4775,#4776);
#4775 = CARTESIAN_POINT('',(-1.25,0.,2.));
#4776 = VECTOR('',#4777,1.);
#4777 = DIRECTION('',(1.,-0.,-0.));
#4778 = ORIENTED_EDGE('',*,*,#4697,.F.);
#4779 = ORIENTED_EDGE('',*,*,#4780,.F.);
#4780 = EDGE_CURVE('',#4751,#4690,#4781,.T.);
#4781 = LINE('',#4782,#4783);
#4782 = CARTESIAN_POINT('',(-1.25,0.1,2.));
#4783 = VECTOR('',#4784,1.);
#4784 = DIRECTION('',(1.,-0.,-0.));
#4785 = ORIENTED_EDGE('',*,*,#4750,.T.);
#4786 = PLANE('',#4787);
#4787 = AXIS2_PLACEMENT_3D('',#4788,#4789,#4790);
#4788 = CARTESIAN_POINT('',(-1.25,0.1,2.));
#4789 = DIRECTION('',(0.,0.,-1.));
#4790 = DIRECTION('',(-1.,0.,-0.));
#4791 = ADVANCED_FACE('',(#4792),#4798,.T.);
#4792 = FACE_BOUND('',#4793,.T.);
#4793 = EDGE_LOOP('',(#4794,#4795,#4796,#4797));
#4794 = ORIENTED_EDGE('',*,*,#4689,.T.);
#4795 = ORIENTED_EDGE('',*,*,#4727,.T.);
#4796 = ORIENTED_EDGE('',*,*,#4758,.T.);
#4797 = ORIENTED_EDGE('',*,*,#4780,.T.);
#4798 = PLANE('',#4799);
#4799 = AXIS2_PLACEMENT_3D('',#4800,#4801,#4802);
#4800 = CARTESIAN_POINT('',(-1.25,0.1,-2.));
#4801 = DIRECTION('',(0.,1.,0.));
#4802 = DIRECTION('',(0.,-0.,1.));
#4803 = ADVANCED_FACE('',(#4804),#4810,.F.);
#4804 = FACE_BOUND('',#4805,.T.);
#4805 = EDGE_LOOP('',(#4806,#4807,#4808,#4809));
#4806 = ORIENTED_EDGE('',*,*,#4671,.F.);
#4807 = ORIENTED_EDGE('',*,*,#4773,.F.);
#4808 = ORIENTED_EDGE('',*,*,#4742,.F.);
#4809 = ORIENTED_EDGE('',*,*,#4711,.F.);
#4810 = PLANE('',#4811);
#4811 = AXIS2_PLACEMENT_3D('',#4812,#4813,#4814);
#4812 = CARTESIAN_POINT('',(-1.25,0.,-2.));
#4813 = DIRECTION('',(0.,1.,0.));
#4814 = DIRECTION('',(0.,-0.,1.));
#4815 = ( GEOMETRIC_REPRESENTATION_CONTEXT(3) 
GLOBAL_UNCERTAINTY_ASSIGNED_CONTEXT((#4819)) 
GLOBAL_UNIT_ASSIGNED_CONTEXT((#4816,#4817,#4818)) REPRESENTATION_CONTEXT
('Context #1','3D Context with UNIT and UNCERTAINTY') );
#4816 = ( LENGTH_UNIT() NAMED_UNIT(*) SI_UNIT(.MILLI.,.METRE.) );
#4817 = ( NAMED_UNIT(*) PLANE_ANGLE_UNIT() SI_UNIT($,.RADIAN.) );
#4818 = ( NAMED_UNIT(*) SI_UNIT($,.STERADIAN.) SOLID_ANGLE_UNIT() );
#4819 = UNCERTAINTY_MEASURE_WITH_UNIT(LENGTH_MEASURE(1.E-07),#4816,
  'distance_accuracy_value','confusion accuracy');
#4820 = CONTEXT_DEPENDENT_SHAPE_REPRESENTATION(#4821,#4823);
#4821 = ( REPRESENTATION_RELATIONSHIP('','',#4664,#2699) 
REPRESENTATION_RELATIONSHIP_WITH_TRANSFORMATION(#4822) 
SHAPE_REPRESENTATION_RELATIONSHIP() );
#4822 = ITEM_DEFINED_TRANSFORMATION('','',#11,#2708);
#4823 = PRODUCT_DEFINITION_SHAPE('Placement','Placement of an item',
  #4824);
#4824 = NEXT_ASSEMBLY_USAGE_OCCURRENCE('4','=>[0:1:1:5]','',#2694,#4659,
  $);
#4825 = PRODUCT_RELATED_PRODUCT_CATEGORY('part',$,(#4661));
#4826 = SHAPE_DEFINITION_REPRESENTATION(#4827,#4833);
#4827 = PRODUCT_DEFINITION_SHAPE('','',#4828);
#4828 = PRODUCT_DEFINITION('design','',#4829,#4832);
#4829 = PRODUCT_DEFINITION_FORMATION('','',#4830);
#4830 = PRODUCT('C1','C1','',(#4831));
#4831 = PRODUCT_CONTEXT('',#2,'mechanical');
#4832 = PRODUCT_DEFINITION_CONTEXT('part definition',#2,'design');
#4833 = SHAPE_REPRESENTATION('',(#11,#4834),#4838);
#4834 = AXIS2_PLACEMENT_3D('',#4835,#4836,#4837);
#4835 = CARTESIAN_POINT('',(0.,0.,0.));
#4836 = DIRECTION('',(0.,0.,1.));
#4837 = DIRECTION('',(1.,0.,-0.));
#4838 = ( GEOMETRIC_REPRESENTATION_CONTEXT(3) 
GLOBAL_UNCERTAINTY_ASSIGNED_CONTEXT((#4842)) 
GLOBAL_UNIT_ASSIGNED_CONTEXT((#4839,#4840,#4841)) REPRESENTATION_CONTEXT
('Context #1','3D Context with UNIT and UNCERTAINTY') );
#4839 = ( LENGTH_UNIT() NAMED_UNIT(*) SI_UNIT(.MILLI.,.METRE.) );
#4840 = ( NAMED_UNIT(*) PLANE_ANGLE_UNIT() SI_UNIT($,.RADIAN.) );
#4841 = ( NAMED_UNIT(*) SI_UNIT($,.STERADIAN.) SOLID_ANGLE_UNIT() );
#4842 = UNCERTAINTY_MEASURE_WITH_UNIT(LENGTH_MEASURE(1.E-07),#4839,
  'distance_accuracy_value','confusion accuracy');
#4843 = CONTEXT_DEPENDENT_SHAPE_REPRESENTATION(#4844,#4846);
#4844 = ( REPRESENTATION_RELATIONSHIP('','',#4833,#10) 
REPRESENTATION_RELATIONSHIP_WITH_TRANSFORMATION(#4845) 
SHAPE_REPRESENTATION_RELATIONSHIP() );
#4845 = ITEM_DEFINED_TRANSFORMATION('','',#11,#23);
#4846 = PRODUCT_DEFINITION_SHAPE('Placement','Placement of an item',
  #4847);
#4847 = NEXT_ASSEMBLY_USAGE_OCCURRENCE('13','C1','',#5,#4828,$);
#4848 = PRODUCT_RELATED_PRODUCT_CATEGORY('part',$,(#4830));
#4849 = SHAPE_DEFINITION_REPRESENTATION(#4850,#4856);
#4850 = PRODUCT_DEFINITION_SHAPE('','',#4851);
#4851 = PRODUCT_DEFINITION('design','',#4852,#4855);
#4852 = PRODUCT_DEFINITION_FORMATION('','',#4853);
#4853 = PRODUCT('Package','Package','',(#4854));
#4854 = PRODUCT_CONTEXT('',#2,'mechanical');
#4855 = PRODUCT_DEFINITION_CONTEXT('part definition',#2,'design');
#4856 = SHAPE_REPRESENTATION('',(#11,#4857),#4861);
#4857 = AXIS2_PLACEMENT_3D('',#4858,#4859,#4860);
#4858 = CARTESIAN_POINT('',(1.,0.,0.));
#4859 = DIRECTION('',(0.,0.,1.));
#4860 = DIRECTION('',(1.,0.,0.));
#4861 = ( GEOMETRIC_REPRESENTATION_CONTEXT(3) 
GLOBAL_UNCERTAINTY_ASSIGNED_CONTEXT((#4865)) 
GLOBAL_UNIT_ASSIGNED_CONTEXT((#4862,#4863,#4864)) REPRESENTATION_CONTEXT
('Context #1','3D Context with UNIT and UNCERTAINTY') );
#4862 = ( LENGTH_UNIT() NAMED_UNIT(*) SI_UNIT(.MILLI.,.METRE.) );
#4863 = ( NAMED_UNIT(*) PLANE_ANGLE_UNIT() SI_UNIT($,.RADIAN.) );
#4864 = ( NAMED_UNIT(*) SI_UNIT($,.STERADIAN.) SOLID_ANGLE_UNIT() );
#4865 = UNCERTAINTY_MEASURE_WITH_UNIT(LENGTH_MEASURE(1.E-07),#4862,
  'distance_accuracy_value','confusion accuracy');
#4866 = CONTEXT_DEPENDENT_SHAPE_REPRESENTATION(#4867,#4869);
#4867 = ( REPRESENTATION_RELATIONSHIP('','',#4856,#4833) 
REPRESENTATION_RELATIONSHIP_WITH_TRANSFORMATION(#4868) 
SHAPE_REPRESENTATION_RELATIONSHIP() );
#4868 = ITEM_DEFINED_TRANSFORMATION('','',#11,#4834);
#4869 = PRODUCT_DEFINITION_SHAPE('Placement','Placement of an item',
  #4870);
#4870 = NEXT_ASSEMBLY_USAGE_OCCURRENCE('12','Package','',#4828,#4851,$);
#4871 = PRODUCT_RELATED_PRODUCT_CATEGORY('part',$,(#4853));
#4872 = SHAPE_DEFINITION_REPRESENTATION(#4873,#4879);
#4873 = PRODUCT_DEFINITION_SHAPE('','',#4874);
#4874 = PRODUCT_DEFINITION('design','',#4875,#4878);
#4875 = PRODUCT_DEFINITION_FORMATION('','',#4876);
#4876 = PRODUCT('Body_1','Body_1','',(#4877));
#4877 = PRODUCT_CONTEXT('',#2,'mechanical');
#4878 = PRODUCT_DEFINITION_CONTEXT('part definition',#2,'design');
#4879 = SHAPE_REPRESENTATION('',(#11,#4880,#4884,#4888),#4892);
#4880 = AXIS2_PLACEMENT_3D('',#4881,#4882,#4883);
#4881 = CARTESIAN_POINT('',(0.,0.,0.));
#4882 = DIRECTION('',(0.,0.,1.));
#4883 = DIRECTION('',(1.,0.,-0.));
#4884 = AXIS2_PLACEMENT_3D('',#4885,#4886,#4887);
#4885 = CARTESIAN_POINT('',(0.,0.,0.));
#4886 = DIRECTION('',(0.,0.,1.));
#4887 = DIRECTION('',(1.,0.,-0.));
#4888 = AXIS2_PLACEMENT_3D('',#4889,#4890,#4891);
#4889 = CARTESIAN_POINT('',(0.,0.,0.));
#4890 = DIRECTION('',(0.,0.,1.));
#4891 = DIRECTION('',(1.,0.,-0.));
#4892 = ( GEOMETRIC_REPRESENTATION_CONTEXT(3) 
GLOBAL_UNCERTAINTY_ASSIGNED_CONTEXT((#4896)) 
GLOBAL_UNIT_ASSIGNED_CONTEXT((#4893,#4894,#4895)) REPRESENTATION_CONTEXT
('Context #1','3D Context with UNIT and UNCERTAINTY') );
#4893 = ( LENGTH_UNIT() NAMED_UNIT(*) SI_UNIT(.MILLI.,.METRE.) );
#4894 = ( NAMED_UNIT(*) PLANE_ANGLE_UNIT() SI_UNIT($,.RADIAN.) );
#4895 = ( NAMED_UNIT(*) SI_UNIT($,.STERADIAN.) SOLID_ANGLE_UNIT() );
#4896 = UNCERTAINTY_MEASURE_WITH_UNIT(LENGTH_MEASURE(1.E-07),#4893,
  'distance_accuracy_value','confusion accuracy');
#4897 = CONTEXT_DEPENDENT_SHAPE_REPRESENTATION(#4898,#4900);
#4898 = ( REPRESENTATION_RELATIONSHIP('','',#4879,#4856) 
REPRESENTATION_RELATIONSHIP_WITH_TRANSFORMATION(#4899) 
SHAPE_REPRESENTATION_RELATIONSHIP() );
#4899 = ITEM_DEFINED_TRANSFORMATION('','',#11,#4857);
#4900 = PRODUCT_DEFINITION_SHAPE('Placement','Placement of an item',
  #4901);
#4901 = NEXT_ASSEMBLY_USAGE_OCCURRENCE('11','Body_1','',#4851,#4874,$);
#4902 = PRODUCT_RELATED_PRODUCT_CATEGORY('part',$,(#4876));
#4903 = SHAPE_DEFINITION_REPRESENTATION(#4904,#4910);
#4904 = PRODUCT_DEFINITION_SHAPE('','',#4905);
#4905 = PRODUCT_DEFINITION('design','',#4906,#4909);
#4906 = PRODUCT_DEFINITION_FORMATION('','',#4907);
#4907 = PRODUCT('Part 3','Part 3','',(#4908));
#4908 = PRODUCT_CONTEXT('',#2,'mechanical');
#4909 = PRODUCT_DEFINITION_CONTEXT('part definition',#2,'design');
#4910 = ADVANCED_BREP_SHAPE_REPRESENTATION('',(#11,#4911),#5201);
#4911 = MANIFOLD_SOLID_BREP('',#4912);
#4912 = CLOSED_SHELL('',(#4913,#4955,#4997,#5039,#5081,#5103,#5125,#5147
    ,#5169,#5185));
#4913 = ADVANCED_FACE('',(#4914),#4950,.T.);
#4914 = FACE_BOUND('',#4915,.T.);
#4915 = EDGE_LOOP('',(#4916,#4927,#4935,#4944));
#4916 = ORIENTED_EDGE('',*,*,#4917,.F.);
#4917 = EDGE_CURVE('',#4918,#4920,#4922,.T.);
#4918 = VERTEX_POINT('',#4919);
#4919 = CARTESIAN_POINT('',(0.9,-0.56,1.235));
#4920 = VERTEX_POINT('',#4921);
#4921 = CARTESIAN_POINT('',(0.9,-0.61,1.185));
#4922 = CIRCLE('',#4923,5.E-02);
#4923 = AXIS2_PLACEMENT_3D('',#4924,#4925,#4926);
#4924 = CARTESIAN_POINT('',(0.9,-0.56,1.185));
#4925 = DIRECTION('',(1.,0.,0.));
#4926 = DIRECTION('',(0.,0.,-1.));
#4927 = ORIENTED_EDGE('',*,*,#4928,.T.);
#4928 = EDGE_CURVE('',#4918,#4929,#4931,.T.);
#4929 = VERTEX_POINT('',#4930);
#4930 = CARTESIAN_POINT('',(-0.9,-0.56,1.235));
#4931 = LINE('',#4932,#4933);
#4932 = CARTESIAN_POINT('',(0.9,-0.56,1.235));
#4933 = VECTOR('',#4934,1.);
#4934 = DIRECTION('',(-1.,0.,-1.204669080539E-16));
#4935 = ORIENTED_EDGE('',*,*,#4936,.T.);
#4936 = EDGE_CURVE('',#4929,#4937,#4939,.T.);
#4937 = VERTEX_POINT('',#4938);
#4938 = CARTESIAN_POINT('',(-0.9,-0.61,1.185));
#4939 = CIRCLE('',#4940,5.E-02);
#4940 = AXIS2_PLACEMENT_3D('',#4941,#4942,#4943);
#4941 = CARTESIAN_POINT('',(-0.9,-0.56,1.185));
#4942 = DIRECTION('',(1.,0.,0.));
#4943 = DIRECTION('',(0.,0.,-1.));
#4944 = ORIENTED_EDGE('',*,*,#4945,.F.);
#4945 = EDGE_CURVE('',#4920,#4937,#4946,.T.);
#4946 = LINE('',#4947,#4948);
#4947 = CARTESIAN_POINT('',(-0.9,-0.61,1.185));
#4948 = VECTOR('',#4949,1.);
#4949 = DIRECTION('',(-1.,0.,-1.204669080539E-16));
#4950 = CYLINDRICAL_SURFACE('',#4951,5.E-02);
#4951 = AXIS2_PLACEMENT_3D('',#4952,#4953,#4954);
#4952 = CARTESIAN_POINT('',(-6.746146851021E-17,-0.56,1.185));
#4953 = DIRECTION('',(-1.,-0.,-1.204669080539E-16));
#4954 = DIRECTION('',(1.204669080539E-16,0.,-1.));
#4955 = ADVANCED_FACE('',(#4956),#4992,.T.);
#4956 = FACE_BOUND('',#4957,.T.);
#4957 = EDGE_LOOP('',(#4958,#4969,#4977,#4986));
#4958 = ORIENTED_EDGE('',*,*,#4959,.F.);
#4959 = EDGE_CURVE('',#4960,#4962,#4964,.T.);
#4960 = VERTEX_POINT('',#4961);
#4961 = CARTESIAN_POINT('',(0.9,-0.61,6.5E-02));
#4962 = VERTEX_POINT('',#4963);
#4963 = CARTESIAN_POINT('',(0.9,-0.56,1.5E-02));
#4964 = CIRCLE('',#4965,5.E-02);
#4965 = AXIS2_PLACEMENT_3D('',#4966,#4967,#4968);
#4966 = CARTESIAN_POINT('',(0.9,-0.56,6.5E-02));
#4967 = DIRECTION('',(1.,0.,0.));
#4968 = DIRECTION('',(0.,0.,-1.));
#4969 = ORIENTED_EDGE('',*,*,#4970,.T.);
#4970 = EDGE_CURVE('',#4960,#4971,#4973,.T.);
#4971 = VERTEX_POINT('',#4972);
#4972 = CARTESIAN_POINT('',(-0.9,-0.61,6.5E-02));
#4973 = LINE('',#4974,#4975);
#4974 = CARTESIAN_POINT('',(6.851555395568E-17,-0.61,6.5E-02));
#4975 = VECTOR('',#4976,1.);
#4976 = DIRECTION('',(-1.,0.,-1.223492034923E-16));
#4977 = ORIENTED_EDGE('',*,*,#4978,.T.);
#4978 = EDGE_CURVE('',#4971,#4979,#4981,.T.);
#4979 = VERTEX_POINT('',#4980);
#4980 = CARTESIAN_POINT('',(-0.9,-0.56,1.5E-02));
#4981 = CIRCLE('',#4982,5.E-02);
#4982 = AXIS2_PLACEMENT_3D('',#4983,#4984,#4985);
#4983 = CARTESIAN_POINT('',(-0.9,-0.56,6.5E-02));
#4984 = DIRECTION('',(1.,0.,0.));
#4985 = DIRECTION('',(0.,0.,-1.));
#4986 = ORIENTED_EDGE('',*,*,#4987,.F.);
#4987 = EDGE_CURVE('',#4962,#4979,#4988,.T.);
#4988 = LINE('',#4989,#4990);
#4989 = CARTESIAN_POINT('',(1.084202172485E-16,-0.56,1.5E-02));
#4990 = VECTOR('',#4991,1.);
#4991 = DIRECTION('',(-1.,0.,-1.223492034923E-16));
#4992 = CYLINDRICAL_SURFACE('',#4993,5.E-02);
#4993 = AXIS2_PLACEMENT_3D('',#4994,#4995,#4996);
#4994 = CARTESIAN_POINT('',(1.023027570739E-16,-0.56,6.5E-02));
#4995 = DIRECTION('',(1.,-0.,1.223492034923E-16));
#4996 = DIRECTION('',(-1.223492034923E-16,0.,1.));
#4997 = ADVANCED_FACE('',(#4998),#5034,.T.);
#4998 = FACE_BOUND('',#4999,.T.);
#4999 = EDGE_LOOP('',(#5000,#5011,#5019,#5028));
#5000 = ORIENTED_EDGE('',*,*,#5001,.F.);
#5001 = EDGE_CURVE('',#5002,#5004,#5006,.T.);
#5002 = VERTEX_POINT('',#5003);
#5003 = CARTESIAN_POINT('',(0.9,0.61,1.185));
#5004 = VERTEX_POINT('',#5005);
#5005 = CARTESIAN_POINT('',(0.9,0.56,1.235));
#5006 = CIRCLE('',#5007,5.E-02);
#5007 = AXIS2_PLACEMENT_3D('',#5008,#5009,#5010);
#5008 = CARTESIAN_POINT('',(0.9,0.56,1.185));
#5009 = DIRECTION('',(1.,0.,0.));
#5010 = DIRECTION('',(0.,0.,-1.));
#5011 = ORIENTED_EDGE('',*,*,#5012,.T.);
#5012 = EDGE_CURVE('',#5002,#5013,#5015,.T.);
#5013 = VERTEX_POINT('',#5014);
#5014 = CARTESIAN_POINT('',(-0.9,0.61,1.185));
#5015 = LINE('',#5016,#5017);
#5016 = CARTESIAN_POINT('',(0.9,0.61,1.185));
#5017 = VECTOR('',#5018,1.);
#5018 = DIRECTION('',(-1.,0.,-1.204669080539E-16));
#5019 = ORIENTED_EDGE('',*,*,#5020,.T.);
#5020 = EDGE_CURVE('',#5013,#5021,#5023,.T.);
#5021 = VERTEX_POINT('',#5022);
#5022 = CARTESIAN_POINT('',(-0.9,0.56,1.235));
#5023 = CIRCLE('',#5024,5.E-02);
#5024 = AXIS2_PLACEMENT_3D('',#5025,#5026,#5027);
#5025 = CARTESIAN_POINT('',(-0.9,0.56,1.185));
#5026 = DIRECTION('',(1.,0.,0.));
#5027 = DIRECTION('',(0.,0.,-1.));
#5028 = ORIENTED_EDGE('',*,*,#5029,.F.);
#5029 = EDGE_CURVE('',#5004,#5021,#5030,.T.);
#5030 = LINE('',#5031,#5032);
#5031 = CARTESIAN_POINT('',(-0.9,0.56,1.235));
#5032 = VECTOR('',#5033,1.);
#5033 = DIRECTION('',(-1.,0.,-1.204669080539E-16));
#5034 = CYLINDRICAL_SURFACE('',#5035,5.E-02);
#5035 = AXIS2_PLACEMENT_3D('',#5036,#5037,#5038);
#5036 = CARTESIAN_POINT('',(-3.19237306343E-16,0.56,1.185));
#5037 = DIRECTION('',(-1.,-0.,-1.204669080539E-16));
#5038 = DIRECTION('',(1.204669080539E-16,0.,-1.));
#5039 = ADVANCED_FACE('',(#5040),#5076,.T.);
#5040 = FACE_BOUND('',#5041,.T.);
#5041 = EDGE_LOOP('',(#5042,#5053,#5061,#5070));
#5042 = ORIENTED_EDGE('',*,*,#5043,.F.);
#5043 = EDGE_CURVE('',#5044,#5046,#5048,.T.);
#5044 = VERTEX_POINT('',#5045);
#5045 = CARTESIAN_POINT('',(0.9,0.56,1.5E-02));
#5046 = VERTEX_POINT('',#5047);
#5047 = CARTESIAN_POINT('',(0.9,0.61,6.5E-02));
#5048 = CIRCLE('',#5049,5.E-02);
#5049 = AXIS2_PLACEMENT_3D('',#5050,#5051,#5052);
#5050 = CARTESIAN_POINT('',(0.9,0.56,6.5E-02));
#5051 = DIRECTION('',(1.,0.,0.));
#5052 = DIRECTION('',(0.,0.,-1.));
#5053 = ORIENTED_EDGE('',*,*,#5054,.T.);
#5054 = EDGE_CURVE('',#5044,#5055,#5057,.T.);
#5055 = VERTEX_POINT('',#5056);
#5056 = CARTESIAN_POINT('',(-0.9,0.56,1.5E-02));
#5057 = LINE('',#5058,#5059);
#5058 = CARTESIAN_POINT('',(1.084202172485E-16,0.56,1.5E-02));
#5059 = VECTOR('',#5060,1.);
#5060 = DIRECTION('',(-1.,0.,-1.223492034923E-16));
#5061 = ORIENTED_EDGE('',*,*,#5062,.T.);
#5062 = EDGE_CURVE('',#5055,#5063,#5065,.T.);
#5063 = VERTEX_POINT('',#5064);
#5064 = CARTESIAN_POINT('',(-0.9,0.61,6.5E-02));
#5065 = CIRCLE('',#5066,5.E-02);
#5066 = AXIS2_PLACEMENT_3D('',#5067,#5068,#5069);
#5067 = CARTESIAN_POINT('',(-0.9,0.56,6.5E-02));
#5068 = DIRECTION('',(1.,0.,0.));
#5069 = DIRECTION('',(0.,0.,-1.));
#5070 = ORIENTED_EDGE('',*,*,#5071,.F.);
#5071 = EDGE_CURVE('',#5046,#5063,#5072,.T.);
#5072 = LINE('',#5073,#5074);
#5073 = CARTESIAN_POINT('',(6.851555395568E-17,0.61,6.5E-02));
#5074 = VECTOR('',#5075,1.);
#5075 = DIRECTION('',(-1.,0.,-1.223492034923E-16));
#5076 = CYLINDRICAL_SURFACE('',#5077,5.E-02);
#5077 = AXIS2_PLACEMENT_3D('',#5078,#5079,#5080);
#5078 = CARTESIAN_POINT('',(6.851555395568E-17,0.56,6.5E-02));
#5079 = DIRECTION('',(1.,-0.,1.223492034923E-16));
#5080 = DIRECTION('',(-1.223492034923E-16,0.,1.));
#5081 = ADVANCED_FACE('',(#5082),#5098,.T.);
#5082 = FACE_BOUND('',#5083,.T.);
#5083 = EDGE_LOOP('',(#5084,#5090,#5091,#5097));
#5084 = ORIENTED_EDGE('',*,*,#5085,.F.);
#5085 = EDGE_CURVE('',#4920,#4960,#5086,.T.);
#5086 = LINE('',#5087,#5088);
#5087 = CARTESIAN_POINT('',(0.9,-0.61,0.625));
#5088 = VECTOR('',#5089,1.);
#5089 = DIRECTION('',(0.,0.,-1.));
#5090 = ORIENTED_EDGE('',*,*,#4945,.T.);
#5091 = ORIENTED_EDGE('',*,*,#5092,.T.);
#5092 = EDGE_CURVE('',#4937,#4971,#5093,.T.);
#5093 = LINE('',#5094,#5095);
#5094 = CARTESIAN_POINT('',(-0.9,-0.61,0.625));
#5095 = VECTOR('',#5096,1.);
#5096 = DIRECTION('',(0.,0.,-1.));
#5097 = ORIENTED_EDGE('',*,*,#4970,.F.);
#5098 = PLANE('',#5099);
#5099 = AXIS2_PLACEMENT_3D('',#5100,#5101,#5102);
#5100 = CARTESIAN_POINT('',(0.,-0.61,0.625));
#5101 = DIRECTION('',(0.,-1.,0.));
#5102 = DIRECTION('',(1.,0.,0.));
#5103 = ADVANCED_FACE('',(#5104),#5120,.T.);
#5104 = FACE_BOUND('',#5105,.T.);
#5105 = EDGE_LOOP('',(#5106,#5112,#5113,#5119));
#5106 = ORIENTED_EDGE('',*,*,#5107,.T.);
#5107 = EDGE_CURVE('',#5002,#5046,#5108,.T.);
#5108 = LINE('',#5109,#5110);
#5109 = CARTESIAN_POINT('',(0.9,0.61,0.625));
#5110 = VECTOR('',#5111,1.);
#5111 = DIRECTION('',(0.,0.,-1.));
#5112 = ORIENTED_EDGE('',*,*,#5071,.T.);
#5113 = ORIENTED_EDGE('',*,*,#5114,.F.);
#5114 = EDGE_CURVE('',#5013,#5063,#5115,.T.);
#5115 = LINE('',#5116,#5117);
#5116 = CARTESIAN_POINT('',(-0.9,0.61,0.625));
#5117 = VECTOR('',#5118,1.);
#5118 = DIRECTION('',(0.,0.,-1.));
#5119 = ORIENTED_EDGE('',*,*,#5012,.F.);
#5120 = PLANE('',#5121);
#5121 = AXIS2_PLACEMENT_3D('',#5122,#5123,#5124);
#5122 = CARTESIAN_POINT('',(0.,0.61,0.625));
#5123 = DIRECTION('',(-0.,1.,0.));
#5124 = DIRECTION('',(1.,0.,0.));
#5125 = ADVANCED_FACE('',(#5126),#5142,.F.);
#5126 = FACE_BOUND('',#5127,.T.);
#5127 = EDGE_LOOP('',(#5128,#5134,#5135,#5141));
#5128 = ORIENTED_EDGE('',*,*,#5129,.T.);
#5129 = EDGE_CURVE('',#4918,#5004,#5130,.T.);
#5130 = LINE('',#5131,#5132);
#5131 = CARTESIAN_POINT('',(0.9,-0.61,1.235));
#5132 = VECTOR('',#5133,1.);
#5133 = DIRECTION('',(0.,1.,0.));
#5134 = ORIENTED_EDGE('',*,*,#5029,.T.);
#5135 = ORIENTED_EDGE('',*,*,#5136,.F.);
#5136 = EDGE_CURVE('',#4929,#5021,#5137,.T.);
#5137 = LINE('',#5138,#5139);
#5138 = CARTESIAN_POINT('',(-0.9,-0.61,1.235));
#5139 = VECTOR('',#5140,1.);
#5140 = DIRECTION('',(0.,1.,0.));
#5141 = ORIENTED_EDGE('',*,*,#4928,.F.);
#5142 = PLANE('',#5143);
#5143 = AXIS2_PLACEMENT_3D('',#5144,#5145,#5146);
#5144 = CARTESIAN_POINT('',(-3.252606517457E-16,-0.61,1.235));
#5145 = DIRECTION('',(1.204669080539E-16,0.,-1.));
#5146 = DIRECTION('',(-1.,0.,-1.204669080539E-16));
#5147 = ADVANCED_FACE('',(#5148),#5164,.T.);
#5148 = FACE_BOUND('',#5149,.T.);
#5149 = EDGE_LOOP('',(#5150,#5156,#5157,#5163));
#5150 = ORIENTED_EDGE('',*,*,#5151,.T.);
#5151 = EDGE_CURVE('',#4979,#5055,#5152,.T.);
#5152 = LINE('',#5153,#5154);
#5153 = CARTESIAN_POINT('',(-0.9,-0.61,1.5E-02));
#5154 = VECTOR('',#5155,1.);
#5155 = DIRECTION('',(0.,1.,0.));
#5156 = ORIENTED_EDGE('',*,*,#5054,.F.);
#5157 = ORIENTED_EDGE('',*,*,#5158,.F.);
#5158 = EDGE_CURVE('',#4962,#5044,#5159,.T.);
#5159 = LINE('',#5160,#5161);
#5160 = CARTESIAN_POINT('',(0.9,-0.61,1.5E-02));
#5161 = VECTOR('',#5162,1.);
#5162 = DIRECTION('',(0.,1.,0.));
#5163 = ORIENTED_EDGE('',*,*,#4987,.T.);
#5164 = PLANE('',#5165);
#5165 = AXIS2_PLACEMENT_3D('',#5166,#5167,#5168);
#5166 = CARTESIAN_POINT('',(1.084202172485E-16,-0.61,1.5E-02));
#5167 = DIRECTION('',(1.223492034923E-16,0.,-1.));
#5168 = DIRECTION('',(-1.,0.,-1.223492034923E-16));
#5169 = ADVANCED_FACE('',(#5170),#5180,.T.);
#5170 = FACE_BOUND('',#5171,.T.);
#5171 = EDGE_LOOP('',(#5172,#5173,#5174,#5175,#5176,#5177,#5178,#5179));
#5172 = ORIENTED_EDGE('',*,*,#5158,.T.);
#5173 = ORIENTED_EDGE('',*,*,#5043,.T.);
#5174 = ORIENTED_EDGE('',*,*,#5107,.F.);
#5175 = ORIENTED_EDGE('',*,*,#5001,.T.);
#5176 = ORIENTED_EDGE('',*,*,#5129,.F.);
#5177 = ORIENTED_EDGE('',*,*,#4917,.T.);
#5178 = ORIENTED_EDGE('',*,*,#5085,.T.);
#5179 = ORIENTED_EDGE('',*,*,#4959,.T.);
#5180 = PLANE('',#5181);
#5181 = AXIS2_PLACEMENT_3D('',#5182,#5183,#5184);
#5182 = CARTESIAN_POINT('',(0.9,-0.61,0.625));
#5183 = DIRECTION('',(1.,0.,0.));
#5184 = DIRECTION('',(0.,0.,-1.));
#5185 = ADVANCED_FACE('',(#5186),#5196,.F.);
#5186 = FACE_BOUND('',#5187,.T.);
#5187 = EDGE_LOOP('',(#5188,#5189,#5190,#5191,#5192,#5193,#5194,#5195));
#5188 = ORIENTED_EDGE('',*,*,#5114,.T.);
#5189 = ORIENTED_EDGE('',*,*,#5062,.F.);
#5190 = ORIENTED_EDGE('',*,*,#5151,.F.);
#5191 = ORIENTED_EDGE('',*,*,#4978,.F.);
#5192 = ORIENTED_EDGE('',*,*,#5092,.F.);
#5193 = ORIENTED_EDGE('',*,*,#4936,.F.);
#5194 = ORIENTED_EDGE('',*,*,#5136,.T.);
#5195 = ORIENTED_EDGE('',*,*,#5020,.F.);
#5196 = PLANE('',#5197);
#5197 = AXIS2_PLACEMENT_3D('',#5198,#5199,#5200);
#5198 = CARTESIAN_POINT('',(-0.9,-0.61,0.625));
#5199 = DIRECTION('',(1.,0.,0.));
#5200 = DIRECTION('',(0.,0.,-1.));
#5201 = ( GEOMETRIC_REPRESENTATION_CONTEXT(3) 
GLOBAL_UNCERTAINTY_ASSIGNED_CONTEXT((#5205)) 
GLOBAL_UNIT_ASSIGNED_CONTEXT((#5202,#5203,#5204)) REPRESENTATION_CONTEXT
('Context #1','3D Context with UNIT and UNCERTAINTY') );
#5202 = ( LENGTH_UNIT() NAMED_UNIT(*) SI_UNIT(.MILLI.,.METRE.) );
#5203 = ( NAMED_UNIT(*) PLANE_ANGLE_UNIT() SI_UNIT($,.RADIAN.) );
#5204 = ( NAMED_UNIT(*) SI_UNIT($,.STERADIAN.) SOLID_ANGLE_UNIT() );
#5205 = UNCERTAINTY_MEASURE_WITH_UNIT(LENGTH_MEASURE(1.E-07),#5202,
  'distance_accuracy_value','confusion accuracy');
#5206 = CONTEXT_DEPENDENT_SHAPE_REPRESENTATION(#5207,#5209);
#5207 = ( REPRESENTATION_RELATIONSHIP('','',#4910,#4879) 
REPRESENTATION_RELATIONSHIP_WITH_TRANSFORMATION(#5208) 
SHAPE_REPRESENTATION_RELATIONSHIP() );
#5208 = ITEM_DEFINED_TRANSFORMATION('','',#11,#4880);
#5209 = PRODUCT_DEFINITION_SHAPE('Placement','Placement of an item',
  #5210);
#5210 = NEXT_ASSEMBLY_USAGE_OCCURRENCE('8','Part 3','',#4874,#4905,$);
#5211 = PRODUCT_RELATED_PRODUCT_CATEGORY('part',$,(#4907));
#5212 = SHAPE_DEFINITION_REPRESENTATION(#5213,#5219);
#5213 = PRODUCT_DEFINITION_SHAPE('','',#5214);
#5214 = PRODUCT_DEFINITION('design','',#5215,#5218);
#5215 = PRODUCT_DEFINITION_FORMATION('','',#5216);
#5216 = PRODUCT('Part 2','Part 2','',(#5217));
#5217 = PRODUCT_CONTEXT('',#2,'mechanical');
#5218 = PRODUCT_DEFINITION_CONTEXT('part definition',#2,'design');
#5219 = ADVANCED_BREP_SHAPE_REPRESENTATION('',(#11,#5220),#5674);
#5220 = MANIFOLD_SOLID_BREP('',#5221);
#5221 = CLOSED_SHELL('',(#5222,#5264,#5304,#5346,#5402,#5419,#5450,#5461
    ,#5478,#5518,#5542,#5559,#5576,#5598,#5616,#5634,#5651,#5662));
#5222 = ADVANCED_FACE('',(#5223),#5259,.T.);
#5223 = FACE_BOUND('',#5224,.T.);
#5224 = EDGE_LOOP('',(#5225,#5236,#5244,#5253));
#5225 = ORIENTED_EDGE('',*,*,#5226,.T.);
#5226 = EDGE_CURVE('',#5227,#5229,#5231,.T.);
#5227 = VERTEX_POINT('',#5228);
#5228 = CARTESIAN_POINT('',(0.8,0.625,1.2));
#5229 = VERTEX_POINT('',#5230);
#5230 = CARTESIAN_POINT('',(0.8,0.575,1.25));
#5231 = CIRCLE('',#5232,5.E-02);
#5232 = AXIS2_PLACEMENT_3D('',#5233,#5234,#5235);
#5233 = CARTESIAN_POINT('',(0.8,0.575,1.2));
#5234 = DIRECTION('',(1.,0.,0.));
#5235 = DIRECTION('',(0.,0.,-1.));
#5236 = ORIENTED_EDGE('',*,*,#5237,.T.);
#5237 = EDGE_CURVE('',#5229,#5238,#5240,.T.);
#5238 = VERTEX_POINT('',#5239);
#5239 = CARTESIAN_POINT('',(0.95,0.575,1.25));
#5240 = LINE('',#5241,#5242);
#5241 = CARTESIAN_POINT('',(0.9,0.575,1.25));
#5242 = VECTOR('',#5243,1.);
#5243 = DIRECTION('',(1.,0.,0.));
#5244 = ORIENTED_EDGE('',*,*,#5245,.F.);
#5245 = EDGE_CURVE('',#5246,#5238,#5248,.T.);
#5246 = VERTEX_POINT('',#5247);
#5247 = CARTESIAN_POINT('',(0.95,0.625,1.2));
#5248 = CIRCLE('',#5249,5.E-02);
#5249 = AXIS2_PLACEMENT_3D('',#5250,#5251,#5252);
#5250 = CARTESIAN_POINT('',(0.95,0.575,1.2));
#5251 = DIRECTION('',(1.,0.,0.));
#5252 = DIRECTION('',(0.,0.,-1.));
#5253 = ORIENTED_EDGE('',*,*,#5254,.F.);
#5254 = EDGE_CURVE('',#5227,#5246,#5255,.T.);
#5255 = LINE('',#5256,#5257);
#5256 = CARTESIAN_POINT('',(0.5,0.625,1.2));
#5257 = VECTOR('',#5258,1.);
#5258 = DIRECTION('',(1.,0.,0.));
#5259 = CYLINDRICAL_SURFACE('',#5260,5.E-02);
#5260 = AXIS2_PLACEMENT_3D('',#5261,#5262,#5263);
#5261 = CARTESIAN_POINT('',(0.5,0.575,1.2));
#5262 = DIRECTION('',(-1.,-0.,-0.));
#5263 = DIRECTION('',(0.,0.,-1.));
#5264 = ADVANCED_FACE('',(#5265),#5299,.T.);
#5265 = FACE_BOUND('',#5266,.T.);
#5266 = EDGE_LOOP('',(#5267,#5278,#5284,#5293));
#5267 = ORIENTED_EDGE('',*,*,#5268,.F.);
#5268 = EDGE_CURVE('',#5269,#5271,#5273,.T.);
#5269 = VERTEX_POINT('',#5270);
#5270 = CARTESIAN_POINT('',(0.95,0.625,5.E-02));
#5271 = VERTEX_POINT('',#5272);
#5272 = CARTESIAN_POINT('',(1.,0.575,5.E-02));
#5273 = CIRCLE('',#5274,5.E-02);
#5274 = AXIS2_PLACEMENT_3D('',#5275,#5276,#5277);
#5275 = CARTESIAN_POINT('',(0.95,0.575,5.E-02));
#5276 = DIRECTION('',(0.,0.,-1.));
#5277 = DIRECTION('',(-1.,0.,0.));
#5278 = ORIENTED_EDGE('',*,*,#5279,.F.);
#5279 = EDGE_CURVE('',#5246,#5269,#5280,.T.);
#5280 = LINE('',#5281,#5282);
#5281 = CARTESIAN_POINT('',(0.95,0.625,0.625));
#5282 = VECTOR('',#5283,1.);
#5283 = DIRECTION('',(0.,0.,-1.));
#5284 = ORIENTED_EDGE('',*,*,#5285,.F.);
#5285 = EDGE_CURVE('',#5286,#5246,#5288,.T.);
#5286 = VERTEX_POINT('',#5287);
#5287 = CARTESIAN_POINT('',(1.,0.575,1.2));
#5288 = CIRCLE('',#5289,5.E-02);
#5289 = AXIS2_PLACEMENT_3D('',#5290,#5291,#5292);
#5290 = CARTESIAN_POINT('',(0.95,0.575,1.2));
#5291 = DIRECTION('',(0.,0.,1.));
#5292 = DIRECTION('',(1.,0.,-0.));
#5293 = ORIENTED_EDGE('',*,*,#5294,.T.);
#5294 = EDGE_CURVE('',#5286,#5271,#5295,.T.);
#5295 = LINE('',#5296,#5297);
#5296 = CARTESIAN_POINT('',(1.,0.575,0.625));
#5297 = VECTOR('',#5298,1.);
#5298 = DIRECTION('',(0.,0.,-1.));
#5299 = CYLINDRICAL_SURFACE('',#5300,5.E-02);
#5300 = AXIS2_PLACEMENT_3D('',#5301,#5302,#5303);
#5301 = CARTESIAN_POINT('',(0.95,0.575,0.625));
#5302 = DIRECTION('',(-0.,-0.,1.));
#5303 = DIRECTION('',(-1.,0.,0.));
#5304 = ADVANCED_FACE('',(#5305),#5341,.T.);
#5305 = FACE_BOUND('',#5306,.T.);
#5306 = EDGE_LOOP('',(#5307,#5318,#5326,#5335));
#5307 = ORIENTED_EDGE('',*,*,#5308,.T.);
#5308 = EDGE_CURVE('',#5309,#5311,#5313,.T.);
#5309 = VERTEX_POINT('',#5310);
#5310 = CARTESIAN_POINT('',(0.8,-0.575,1.25));
#5311 = VERTEX_POINT('',#5312);
#5312 = CARTESIAN_POINT('',(0.8,-0.625,1.2));
#5313 = CIRCLE('',#5314,5.E-02);
#5314 = AXIS2_PLACEMENT_3D('',#5315,#5316,#5317);
#5315 = CARTESIAN_POINT('',(0.8,-0.575,1.2));
#5316 = DIRECTION('',(1.,0.,0.));
#5317 = DIRECTION('',(0.,0.,-1.));
#5318 = ORIENTED_EDGE('',*,*,#5319,.T.);
#5319 = EDGE_CURVE('',#5311,#5320,#5322,.T.);
#5320 = VERTEX_POINT('',#5321);
#5321 = CARTESIAN_POINT('',(0.95,-0.625,1.2));
#5322 = LINE('',#5323,#5324);
#5323 = CARTESIAN_POINT('',(0.8,-0.625,1.2));
#5324 = VECTOR('',#5325,1.);
#5325 = DIRECTION('',(1.,0.,0.));
#5326 = ORIENTED_EDGE('',*,*,#5327,.F.);
#5327 = EDGE_CURVE('',#5328,#5320,#5330,.T.);
#5328 = VERTEX_POINT('',#5329);
#5329 = CARTESIAN_POINT('',(0.95,-0.575,1.25));
#5330 = CIRCLE('',#5331,5.E-02);
#5331 = AXIS2_PLACEMENT_3D('',#5332,#5333,#5334);
#5332 = CARTESIAN_POINT('',(0.95,-0.575,1.2));
#5333 = DIRECTION('',(1.,0.,0.));
#5334 = DIRECTION('',(0.,0.,-1.));
#5335 = ORIENTED_EDGE('',*,*,#5336,.F.);
#5336 = EDGE_CURVE('',#5309,#5328,#5337,.T.);
#5337 = LINE('',#5338,#5339);
#5338 = CARTESIAN_POINT('',(1.,-0.575,1.25));
#5339 = VECTOR('',#5340,1.);
#5340 = DIRECTION('',(1.,0.,0.));
#5341 = CYLINDRICAL_SURFACE('',#5342,5.E-02);
#5342 = AXIS2_PLACEMENT_3D('',#5343,#5344,#5345);
#5343 = CARTESIAN_POINT('',(0.9,-0.575,1.2));
#5344 = DIRECTION('',(1.,-0.,-0.));
#5345 = DIRECTION('',(0.,0.,1.));
#5346 = ADVANCED_FACE('',(#5347),#5397,.F.);
#5347 = FACE_BOUND('',#5348,.T.);
#5348 = EDGE_LOOP('',(#5349,#5359,#5368,#5374,#5375,#5381,#5382,#5390));
#5349 = ORIENTED_EDGE('',*,*,#5350,.F.);
#5350 = EDGE_CURVE('',#5351,#5353,#5355,.T.);
#5351 = VERTEX_POINT('',#5352);
#5352 = CARTESIAN_POINT('',(0.8,-0.575,0.));
#5353 = VERTEX_POINT('',#5354);
#5354 = CARTESIAN_POINT('',(0.8,0.575,0.));
#5355 = LINE('',#5356,#5357);
#5356 = CARTESIAN_POINT('',(0.8,-0.625,0.));
#5357 = VECTOR('',#5358,1.);
#5358 = DIRECTION('',(0.,1.,0.));
#5359 = ORIENTED_EDGE('',*,*,#5360,.F.);
#5360 = EDGE_CURVE('',#5361,#5351,#5363,.T.);
#5361 = VERTEX_POINT('',#5362);
#5362 = CARTESIAN_POINT('',(0.8,-0.625,5.E-02));
#5363 = CIRCLE('',#5364,5.E-02);
#5364 = AXIS2_PLACEMENT_3D('',#5365,#5366,#5367);
#5365 = CARTESIAN_POINT('',(0.8,-0.575,5.E-02));
#5366 = DIRECTION('',(1.,0.,0.));
#5367 = DIRECTION('',(0.,0.,-1.));
#5368 = ORIENTED_EDGE('',*,*,#5369,.T.);
#5369 = EDGE_CURVE('',#5361,#5311,#5370,.T.);
#5370 = LINE('',#5371,#5372);
#5371 = CARTESIAN_POINT('',(0.8,-0.625,0.849600008));
#5372 = VECTOR('',#5373,1.);
#5373 = DIRECTION('',(0.,0.,1.));
#5374 = ORIENTED_EDGE('',*,*,#5308,.F.);
#5375 = ORIENTED_EDGE('',*,*,#5376,.T.);
#5376 = EDGE_CURVE('',#5309,#5229,#5377,.T.);
#5377 = LINE('',#5378,#5379);
#5378 = CARTESIAN_POINT('',(0.8,-0.625,1.25));
#5379 = VECTOR('',#5380,1.);
#5380 = DIRECTION('',(0.,1.,0.));
#5381 = ORIENTED_EDGE('',*,*,#5226,.F.);
#5382 = ORIENTED_EDGE('',*,*,#5383,.F.);
#5383 = EDGE_CURVE('',#5384,#5227,#5386,.T.);
#5384 = VERTEX_POINT('',#5385);
#5385 = CARTESIAN_POINT('',(0.8,0.625,5.E-02));
#5386 = LINE('',#5387,#5388);
#5387 = CARTESIAN_POINT('',(0.8,0.625,0.849600008));
#5388 = VECTOR('',#5389,1.);
#5389 = DIRECTION('',(0.,0.,1.));
#5390 = ORIENTED_EDGE('',*,*,#5391,.F.);
#5391 = EDGE_CURVE('',#5353,#5384,#5392,.T.);
#5392 = CIRCLE('',#5393,5.E-02);
#5393 = AXIS2_PLACEMENT_3D('',#5394,#5395,#5396);
#5394 = CARTESIAN_POINT('',(0.8,0.575,5.E-02));
#5395 = DIRECTION('',(1.,0.,0.));
#5396 = DIRECTION('',(0.,0.,-1.));
#5397 = PLANE('',#5398);
#5398 = AXIS2_PLACEMENT_3D('',#5399,#5400,#5401);
#5399 = CARTESIAN_POINT('',(0.8,-0.625,0.849600008));
#5400 = DIRECTION('',(1.,0.,-0.));
#5401 = DIRECTION('',(0.,0.,1.));
#5402 = ADVANCED_FACE('',(#5403),#5414,.F.);
#5403 = FACE_BOUND('',#5404,.T.);
#5404 = EDGE_LOOP('',(#5405,#5406,#5407,#5413));
#5405 = ORIENTED_EDGE('',*,*,#5376,.F.);
#5406 = ORIENTED_EDGE('',*,*,#5336,.T.);
#5407 = ORIENTED_EDGE('',*,*,#5408,.T.);
#5408 = EDGE_CURVE('',#5328,#5238,#5409,.T.);
#5409 = LINE('',#5410,#5411);
#5410 = CARTESIAN_POINT('',(0.95,-0.625,1.25));
#5411 = VECTOR('',#5412,1.);
#5412 = DIRECTION('',(0.,1.,0.));
#5413 = ORIENTED_EDGE('',*,*,#5237,.F.);
#5414 = PLANE('',#5415);
#5415 = AXIS2_PLACEMENT_3D('',#5416,#5417,#5418);
#5416 = CARTESIAN_POINT('',(0.9,-0.625,1.25));
#5417 = DIRECTION('',(0.,0.,-1.));
#5418 = DIRECTION('',(1.,0.,0.));
#5419 = ADVANCED_FACE('',(#5420),#5445,.T.);
#5420 = FACE_BOUND('',#5421,.T.);
#5421 = EDGE_LOOP('',(#5422,#5431,#5437,#5444));
#5422 = ORIENTED_EDGE('',*,*,#5423,.F.);
#5423 = EDGE_CURVE('',#5424,#5328,#5426,.T.);
#5424 = VERTEX_POINT('',#5425);
#5425 = CARTESIAN_POINT('',(1.,-0.575,1.2));
#5426 = CIRCLE('',#5427,5.E-02);
#5427 = AXIS2_PLACEMENT_3D('',#5428,#5429,#5430);
#5428 = CARTESIAN_POINT('',(0.95,-0.575,1.2));
#5429 = DIRECTION('',(0.,-1.,0.));
#5430 = DIRECTION('',(0.,0.,-1.));
#5431 = ORIENTED_EDGE('',*,*,#5432,.T.);
#5432 = EDGE_CURVE('',#5424,#5286,#5433,.T.);
#5433 = LINE('',#5434,#5435);
#5434 = CARTESIAN_POINT('',(1.,-0.625,1.2));
#5435 = VECTOR('',#5436,1.);
#5436 = DIRECTION('',(0.,1.,0.));
#5437 = ORIENTED_EDGE('',*,*,#5438,.F.);
#5438 = EDGE_CURVE('',#5238,#5286,#5439,.T.);
#5439 = CIRCLE('',#5440,5.E-02);
#5440 = AXIS2_PLACEMENT_3D('',#5441,#5442,#5443);
#5441 = CARTESIAN_POINT('',(0.95,0.575,1.2));
#5442 = DIRECTION('',(0.,1.,0.));
#5443 = DIRECTION('',(0.,-0.,1.));
#5444 = ORIENTED_EDGE('',*,*,#5408,.F.);
#5445 = CYLINDRICAL_SURFACE('',#5446,5.E-02);
#5446 = AXIS2_PLACEMENT_3D('',#5447,#5448,#5449);
#5447 = CARTESIAN_POINT('',(0.95,-0.625,1.2));
#5448 = DIRECTION('',(-0.,-1.,-0.));
#5449 = DIRECTION('',(0.,0.,1.));
#5450 = ADVANCED_FACE('',(#5451),#5456,.T.);
#5451 = FACE_BOUND('',#5452,.T.);
#5452 = EDGE_LOOP('',(#5453,#5454,#5455));
#5453 = ORIENTED_EDGE('',*,*,#5285,.T.);
#5454 = ORIENTED_EDGE('',*,*,#5245,.T.);
#5455 = ORIENTED_EDGE('',*,*,#5438,.T.);
#5456 = SPHERICAL_SURFACE('',#5457,5.E-02);
#5457 = AXIS2_PLACEMENT_3D('',#5458,#5459,#5460);
#5458 = CARTESIAN_POINT('',(0.95,0.575,1.2));
#5459 = DIRECTION('',(0.,0.,1.));
#5460 = DIRECTION('',(1.,0.,-0.));
#5461 = ADVANCED_FACE('',(#5462),#5473,.T.);
#5462 = FACE_BOUND('',#5463,.T.);
#5463 = EDGE_LOOP('',(#5464,#5465,#5472));
#5464 = ORIENTED_EDGE('',*,*,#5327,.T.);
#5465 = ORIENTED_EDGE('',*,*,#5466,.T.);
#5466 = EDGE_CURVE('',#5320,#5424,#5467,.T.);
#5467 = CIRCLE('',#5468,5.E-02);
#5468 = AXIS2_PLACEMENT_3D('',#5469,#5470,#5471);
#5469 = CARTESIAN_POINT('',(0.95,-0.575,1.2));
#5470 = DIRECTION('',(0.,0.,1.));
#5471 = DIRECTION('',(1.,0.,-0.));
#5472 = ORIENTED_EDGE('',*,*,#5423,.T.);
#5473 = SPHERICAL_SURFACE('',#5474,5.E-02);
#5474 = AXIS2_PLACEMENT_3D('',#5475,#5476,#5477);
#5475 = CARTESIAN_POINT('',(0.95,-0.575,1.2));
#5476 = DIRECTION('',(0.,0.,1.));
#5477 = DIRECTION('',(1.,0.,-0.));
#5478 = ADVANCED_FACE('',(#5479),#5513,.T.);
#5479 = FACE_BOUND('',#5480,.T.);
#5480 = EDGE_LOOP('',(#5481,#5492,#5500,#5507));
#5481 = ORIENTED_EDGE('',*,*,#5482,.F.);
#5482 = EDGE_CURVE('',#5483,#5485,#5487,.T.);
#5483 = VERTEX_POINT('',#5484);
#5484 = CARTESIAN_POINT('',(0.95,-0.575,0.));
#5485 = VERTEX_POINT('',#5486);
#5486 = CARTESIAN_POINT('',(1.,-0.575,5.E-02));
#5487 = CIRCLE('',#5488,5.E-02);
#5488 = AXIS2_PLACEMENT_3D('',#5489,#5490,#5491);
#5489 = CARTESIAN_POINT('',(0.95,-0.575,5.E-02));
#5490 = DIRECTION('',(0.,-1.,0.));
#5491 = DIRECTION('',(0.,0.,-1.));
#5492 = ORIENTED_EDGE('',*,*,#5493,.T.);
#5493 = EDGE_CURVE('',#5483,#5494,#5496,.T.);
#5494 = VERTEX_POINT('',#5495);
#5495 = CARTESIAN_POINT('',(0.95,0.575,0.));
#5496 = LINE('',#5497,#5498);
#5497 = CARTESIAN_POINT('',(0.95,-0.625,0.));
#5498 = VECTOR('',#5499,1.);
#5499 = DIRECTION('',(0.,1.,0.));
#5500 = ORIENTED_EDGE('',*,*,#5501,.F.);
#5501 = EDGE_CURVE('',#5271,#5494,#5502,.T.);
#5502 = CIRCLE('',#5503,5.E-02);
#5503 = AXIS2_PLACEMENT_3D('',#5504,#5505,#5506);
#5504 = CARTESIAN_POINT('',(0.95,0.575,5.E-02));
#5505 = DIRECTION('',(0.,1.,0.));
#5506 = DIRECTION('',(0.,-0.,1.));
#5507 = ORIENTED_EDGE('',*,*,#5508,.F.);
#5508 = EDGE_CURVE('',#5485,#5271,#5509,.T.);
#5509 = LINE('',#5510,#5511);
#5510 = CARTESIAN_POINT('',(1.,-0.625,5.E-02));
#5511 = VECTOR('',#5512,1.);
#5512 = DIRECTION('',(0.,1.,0.));
#5513 = CYLINDRICAL_SURFACE('',#5514,5.E-02);
#5514 = AXIS2_PLACEMENT_3D('',#5515,#5516,#5517);
#5515 = CARTESIAN_POINT('',(0.95,-0.625,5.E-02));
#5516 = DIRECTION('',(-0.,-1.,-0.));
#5517 = DIRECTION('',(0.,0.,1.));
#5518 = ADVANCED_FACE('',(#5519),#5537,.T.);
#5519 = FACE_BOUND('',#5520,.T.);
#5520 = EDGE_LOOP('',(#5521,#5522,#5530,#5536));
#5521 = ORIENTED_EDGE('',*,*,#5369,.F.);
#5522 = ORIENTED_EDGE('',*,*,#5523,.F.);
#5523 = EDGE_CURVE('',#5524,#5361,#5526,.T.);
#5524 = VERTEX_POINT('',#5525);
#5525 = CARTESIAN_POINT('',(0.95,-0.625,5.E-02));
#5526 = LINE('',#5527,#5528);
#5527 = CARTESIAN_POINT('',(1.,-0.625,5.E-02));
#5528 = VECTOR('',#5529,1.);
#5529 = DIRECTION('',(-1.,0.,0.));
#5530 = ORIENTED_EDGE('',*,*,#5531,.F.);
#5531 = EDGE_CURVE('',#5320,#5524,#5532,.T.);
#5532 = LINE('',#5533,#5534);
#5533 = CARTESIAN_POINT('',(0.95,-0.625,1.25));
#5534 = VECTOR('',#5535,1.);
#5535 = DIRECTION('',(0.,0.,-1.));
#5536 = ORIENTED_EDGE('',*,*,#5319,.F.);
#5537 = PLANE('',#5538);
#5538 = AXIS2_PLACEMENT_3D('',#5539,#5540,#5541);
#5539 = CARTESIAN_POINT('',(0.5,-0.625,0.625));
#5540 = DIRECTION('',(0.,-1.,0.));
#5541 = DIRECTION('',(-1.,0.,0.));
#5542 = ADVANCED_FACE('',(#5543),#5554,.F.);
#5543 = FACE_BOUND('',#5544,.T.);
#5544 = EDGE_LOOP('',(#5545,#5546,#5552,#5553));
#5545 = ORIENTED_EDGE('',*,*,#5279,.T.);
#5546 = ORIENTED_EDGE('',*,*,#5547,.T.);
#5547 = EDGE_CURVE('',#5269,#5384,#5548,.T.);
#5548 = LINE('',#5549,#5550);
#5549 = CARTESIAN_POINT('',(0.5,0.625,5.E-02));
#5550 = VECTOR('',#5551,1.);
#5551 = DIRECTION('',(-1.,0.,0.));
#5552 = ORIENTED_EDGE('',*,*,#5383,.T.);
#5553 = ORIENTED_EDGE('',*,*,#5254,.T.);
#5554 = PLANE('',#5555);
#5555 = AXIS2_PLACEMENT_3D('',#5556,#5557,#5558);
#5556 = CARTESIAN_POINT('',(0.5,0.625,0.625));
#5557 = DIRECTION('',(0.,-1.,0.));
#5558 = DIRECTION('',(-1.,0.,0.));
#5559 = ADVANCED_FACE('',(#5560),#5571,.F.);
#5560 = FACE_BOUND('',#5561,.T.);
#5561 = EDGE_LOOP('',(#5562,#5563,#5569,#5570));
#5562 = ORIENTED_EDGE('',*,*,#5432,.F.);
#5563 = ORIENTED_EDGE('',*,*,#5564,.T.);
#5564 = EDGE_CURVE('',#5424,#5485,#5565,.T.);
#5565 = LINE('',#5566,#5567);
#5566 = CARTESIAN_POINT('',(1.,-0.575,0.));
#5567 = VECTOR('',#5568,1.);
#5568 = DIRECTION('',(0.,0.,-1.));
#5569 = ORIENTED_EDGE('',*,*,#5508,.T.);
#5570 = ORIENTED_EDGE('',*,*,#5294,.F.);
#5571 = PLANE('',#5572);
#5572 = AXIS2_PLACEMENT_3D('',#5573,#5574,#5575);
#5573 = CARTESIAN_POINT('',(1.,-0.625,0.625));
#5574 = DIRECTION('',(-1.,0.,0.));
#5575 = DIRECTION('',(0.,0.,-1.));
#5576 = ADVANCED_FACE('',(#5577),#5593,.F.);
#5577 = FACE_BOUND('',#5578,.T.);
#5578 = EDGE_LOOP('',(#5579,#5580,#5586,#5587));
#5579 = ORIENTED_EDGE('',*,*,#5493,.F.);
#5580 = ORIENTED_EDGE('',*,*,#5581,.T.);
#5581 = EDGE_CURVE('',#5483,#5351,#5582,.T.);
#5582 = LINE('',#5583,#5584);
#5583 = CARTESIAN_POINT('',(0.8,-0.575,0.));
#5584 = VECTOR('',#5585,1.);
#5585 = DIRECTION('',(-1.,0.,0.));
#5586 = ORIENTED_EDGE('',*,*,#5350,.T.);
#5587 = ORIENTED_EDGE('',*,*,#5588,.F.);
#5588 = EDGE_CURVE('',#5494,#5353,#5589,.T.);
#5589 = LINE('',#5590,#5591);
#5590 = CARTESIAN_POINT('',(0.9,0.575,0.));
#5591 = VECTOR('',#5592,1.);
#5592 = DIRECTION('',(-1.,0.,0.));
#5593 = PLANE('',#5594);
#5594 = AXIS2_PLACEMENT_3D('',#5595,#5596,#5597);
#5595 = CARTESIAN_POINT('',(0.9,-0.625,0.));
#5596 = DIRECTION('',(0.,0.,1.));
#5597 = DIRECTION('',(-1.,0.,0.));
#5598 = ADVANCED_FACE('',(#5599),#5611,.T.);
#5599 = FACE_BOUND('',#5600,.T.);
#5600 = EDGE_LOOP('',(#5601,#5602,#5603,#5610));
#5601 = ORIENTED_EDGE('',*,*,#5360,.T.);
#5602 = ORIENTED_EDGE('',*,*,#5581,.F.);
#5603 = ORIENTED_EDGE('',*,*,#5604,.F.);
#5604 = EDGE_CURVE('',#5524,#5483,#5605,.T.);
#5605 = CIRCLE('',#5606,5.E-02);
#5606 = AXIS2_PLACEMENT_3D('',#5607,#5608,#5609);
#5607 = CARTESIAN_POINT('',(0.95,-0.575,5.E-02));
#5608 = DIRECTION('',(1.,0.,0.));
#5609 = DIRECTION('',(0.,0.,-1.));
#5610 = ORIENTED_EDGE('',*,*,#5523,.T.);
#5611 = CYLINDRICAL_SURFACE('',#5612,5.E-02);
#5612 = AXIS2_PLACEMENT_3D('',#5613,#5614,#5615);
#5613 = CARTESIAN_POINT('',(0.9,-0.575,5.E-02));
#5614 = DIRECTION('',(-1.,-0.,-0.));
#5615 = DIRECTION('',(0.,0.,-1.));
#5616 = ADVANCED_FACE('',(#5617),#5629,.T.);
#5617 = FACE_BOUND('',#5618,.T.);
#5618 = EDGE_LOOP('',(#5619,#5620,#5621,#5628));
#5619 = ORIENTED_EDGE('',*,*,#5391,.T.);
#5620 = ORIENTED_EDGE('',*,*,#5547,.F.);
#5621 = ORIENTED_EDGE('',*,*,#5622,.F.);
#5622 = EDGE_CURVE('',#5494,#5269,#5623,.T.);
#5623 = CIRCLE('',#5624,5.E-02);
#5624 = AXIS2_PLACEMENT_3D('',#5625,#5626,#5627);
#5625 = CARTESIAN_POINT('',(0.95,0.575,5.E-02));
#5626 = DIRECTION('',(1.,0.,0.));
#5627 = DIRECTION('',(0.,0.,-1.));
#5628 = ORIENTED_EDGE('',*,*,#5588,.T.);
#5629 = CYLINDRICAL_SURFACE('',#5630,5.E-02);
#5630 = AXIS2_PLACEMENT_3D('',#5631,#5632,#5633);
#5631 = CARTESIAN_POINT('',(0.5,0.575,5.E-02));
#5632 = DIRECTION('',(1.,-0.,-0.));
#5633 = DIRECTION('',(0.,0.,1.));
#5634 = ADVANCED_FACE('',(#5635),#5646,.T.);
#5635 = FACE_BOUND('',#5636,.T.);
#5636 = EDGE_LOOP('',(#5637,#5638,#5639));
#5637 = ORIENTED_EDGE('',*,*,#5604,.T.);
#5638 = ORIENTED_EDGE('',*,*,#5482,.T.);
#5639 = ORIENTED_EDGE('',*,*,#5640,.T.);
#5640 = EDGE_CURVE('',#5485,#5524,#5641,.T.);
#5641 = CIRCLE('',#5642,5.E-02);
#5642 = AXIS2_PLACEMENT_3D('',#5643,#5644,#5645);
#5643 = CARTESIAN_POINT('',(0.95,-0.575,5.E-02));
#5644 = DIRECTION('',(0.,4.065758146821E-16,-1.));
#5645 = DIRECTION('',(0.,1.,4.065758146821E-16));
#5646 = SPHERICAL_SURFACE('',#5647,5.E-02);
#5647 = AXIS2_PLACEMENT_3D('',#5648,#5649,#5650);
#5648 = CARTESIAN_POINT('',(0.95,-0.575,5.E-02));
#5649 = DIRECTION('',(0.,0.,1.));
#5650 = DIRECTION('',(1.,0.,-0.));
#5651 = ADVANCED_FACE('',(#5652),#5657,.T.);
#5652 = FACE_BOUND('',#5653,.T.);
#5653 = EDGE_LOOP('',(#5654,#5655,#5656));
#5654 = ORIENTED_EDGE('',*,*,#5501,.T.);
#5655 = ORIENTED_EDGE('',*,*,#5622,.T.);
#5656 = ORIENTED_EDGE('',*,*,#5268,.T.);
#5657 = SPHERICAL_SURFACE('',#5658,5.E-02);
#5658 = AXIS2_PLACEMENT_3D('',#5659,#5660,#5661);
#5659 = CARTESIAN_POINT('',(0.95,0.575,5.E-02));
#5660 = DIRECTION('',(0.,0.,1.));
#5661 = DIRECTION('',(1.,0.,-0.));
#5662 = ADVANCED_FACE('',(#5663),#5669,.T.);
#5663 = FACE_BOUND('',#5664,.T.);
#5664 = EDGE_LOOP('',(#5665,#5666,#5667,#5668));
#5665 = ORIENTED_EDGE('',*,*,#5640,.F.);
#5666 = ORIENTED_EDGE('',*,*,#5564,.F.);
#5667 = ORIENTED_EDGE('',*,*,#5466,.F.);
#5668 = ORIENTED_EDGE('',*,*,#5531,.T.);
#5669 = CYLINDRICAL_SURFACE('',#5670,5.E-02);
#5670 = AXIS2_PLACEMENT_3D('',#5671,#5672,#5673);
#5671 = CARTESIAN_POINT('',(0.95,-0.575,0.625));
#5672 = DIRECTION('',(-0.,-0.,-1.));
#5673 = DIRECTION('',(1.,0.,0.));
#5674 = ( GEOMETRIC_REPRESENTATION_CONTEXT(3) 
GLOBAL_UNCERTAINTY_ASSIGNED_CONTEXT((#5678)) 
GLOBAL_UNIT_ASSIGNED_CONTEXT((#5675,#5676,#5677)) REPRESENTATION_CONTEXT
('Context #1','3D Context with UNIT and UNCERTAINTY') );
#5675 = ( LENGTH_UNIT() NAMED_UNIT(*) SI_UNIT(.MILLI.,.METRE.) );
#5676 = ( NAMED_UNIT(*) PLANE_ANGLE_UNIT() SI_UNIT($,.RADIAN.) );
#5677 = ( NAMED_UNIT(*) SI_UNIT($,.STERADIAN.) SOLID_ANGLE_UNIT() );
#5678 = UNCERTAINTY_MEASURE_WITH_UNIT(LENGTH_MEASURE(1.E-07),#5675,
  'distance_accuracy_value','confusion accuracy');
#5679 = CONTEXT_DEPENDENT_SHAPE_REPRESENTATION(#5680,#5682);
#5680 = ( REPRESENTATION_RELATIONSHIP('','',#5219,#4879) 
REPRESENTATION_RELATIONSHIP_WITH_TRANSFORMATION(#5681) 
SHAPE_REPRESENTATION_RELATIONSHIP() );
#5681 = ITEM_DEFINED_TRANSFORMATION('','',#11,#4884);
#5682 = PRODUCT_DEFINITION_SHAPE('Placement','Placement of an item',
  #5683);
#5683 = NEXT_ASSEMBLY_USAGE_OCCURRENCE('9','Part 2','',#4874,#5214,$);
#5684 = PRODUCT_RELATED_PRODUCT_CATEGORY('part',$,(#5216));
#5685 = SHAPE_DEFINITION_REPRESENTATION(#5686,#5692);
#5686 = PRODUCT_DEFINITION_SHAPE('','',#5687);
#5687 = PRODUCT_DEFINITION('design','',#5688,#5691);
#5688 = PRODUCT_DEFINITION_FORMATION('','',#5689);
#5689 = PRODUCT('Part 1','Part 1','',(#5690));
#5690 = PRODUCT_CONTEXT('',#2,'mechanical');
#5691 = PRODUCT_DEFINITION_CONTEXT('part definition',#2,'design');
#5692 = ADVANCED_BREP_SHAPE_REPRESENTATION('',(#11,#5693),#6147);
#5693 = MANIFOLD_SOLID_BREP('',#5694);
#5694 = CLOSED_SHELL('',(#5695,#5735,#5775,#5842,#5875,#5900,#5923,#5945
    ,#5970,#5988,#6005,#6030,#6055,#6077,#6094,#6111,#6123,#6135));
#5695 = ADVANCED_FACE('',(#5696),#5730,.F.);
#5696 = FACE_BOUND('',#5697,.T.);
#5697 = EDGE_LOOP('',(#5698,#5708,#5716,#5724));
#5698 = ORIENTED_EDGE('',*,*,#5699,.T.);
#5699 = EDGE_CURVE('',#5700,#5702,#5704,.T.);
#5700 = VERTEX_POINT('',#5701);
#5701 = CARTESIAN_POINT('',(-0.8,-0.575,1.25));
#5702 = VERTEX_POINT('',#5703);
#5703 = CARTESIAN_POINT('',(-0.8,0.575,1.25));
#5704 = LINE('',#5705,#5706);
#5705 = CARTESIAN_POINT('',(-0.8,-0.625,1.25));
#5706 = VECTOR('',#5707,1.);
#5707 = DIRECTION('',(0.,1.,0.));
#5708 = ORIENTED_EDGE('',*,*,#5709,.T.);
#5709 = EDGE_CURVE('',#5702,#5710,#5712,.T.);
#5710 = VERTEX_POINT('',#5711);
#5711 = CARTESIAN_POINT('',(-0.95,0.575,1.25));
#5712 = LINE('',#5713,#5714);
#5713 = CARTESIAN_POINT('',(-0.9,0.575,1.25));
#5714 = VECTOR('',#5715,1.);
#5715 = DIRECTION('',(-1.,0.,0.));
#5716 = ORIENTED_EDGE('',*,*,#5717,.F.);
#5717 = EDGE_CURVE('',#5718,#5710,#5720,.T.);
#5718 = VERTEX_POINT('',#5719);
#5719 = CARTESIAN_POINT('',(-0.95,-0.575,1.25));
#5720 = LINE('',#5721,#5722);
#5721 = CARTESIAN_POINT('',(-0.95,-0.625,1.25));
#5722 = VECTOR('',#5723,1.);
#5723 = DIRECTION('',(0.,1.,0.));
#5724 = ORIENTED_EDGE('',*,*,#5725,.F.);
#5725 = EDGE_CURVE('',#5700,#5718,#5726,.T.);
#5726 = LINE('',#5727,#5728);
#5727 = CARTESIAN_POINT('',(-0.8,-0.575,1.25));
#5728 = VECTOR('',#5729,1.);
#5729 = DIRECTION('',(-1.,0.,0.));
#5730 = PLANE('',#5731);
#5731 = AXIS2_PLACEMENT_3D('',#5732,#5733,#5734);
#5732 = CARTESIAN_POINT('',(-0.9,-0.625,1.25));
#5733 = DIRECTION('',(0.,0.,-1.));
#5734 = DIRECTION('',(-1.,0.,0.));
#5735 = ADVANCED_FACE('',(#5736),#5770,.F.);
#5736 = FACE_BOUND('',#5737,.T.);
#5737 = EDGE_LOOP('',(#5738,#5748,#5756,#5764));
#5738 = ORIENTED_EDGE('',*,*,#5739,.T.);
#5739 = EDGE_CURVE('',#5740,#5742,#5744,.T.);
#5740 = VERTEX_POINT('',#5741);
#5741 = CARTESIAN_POINT('',(-1.,-0.575,1.2));
#5742 = VERTEX_POINT('',#5743);
#5743 = CARTESIAN_POINT('',(-1.,0.575,1.2));
#5744 = LINE('',#5745,#5746);
#5745 = CARTESIAN_POINT('',(-1.,-0.625,1.2));
#5746 = VECTOR('',#5747,1.);
#5747 = DIRECTION('',(0.,1.,0.));
#5748 = ORIENTED_EDGE('',*,*,#5749,.T.);
#5749 = EDGE_CURVE('',#5742,#5750,#5752,.T.);
#5750 = VERTEX_POINT('',#5751);
#5751 = CARTESIAN_POINT('',(-1.,0.575,5.E-02));
#5752 = LINE('',#5753,#5754);
#5753 = CARTESIAN_POINT('',(-1.,0.575,0.625));
#5754 = VECTOR('',#5755,1.);
#5755 = DIRECTION('',(0.,0.,-1.));
#5756 = ORIENTED_EDGE('',*,*,#5757,.F.);
#5757 = EDGE_CURVE('',#5758,#5750,#5760,.T.);
#5758 = VERTEX_POINT('',#5759);
#5759 = CARTESIAN_POINT('',(-1.,-0.575,5.E-02));
#5760 = LINE('',#5761,#5762);
#5761 = CARTESIAN_POINT('',(-1.,-0.625,5.E-02));
#5762 = VECTOR('',#5763,1.);
#5763 = DIRECTION('',(0.,1.,0.));
#5764 = ORIENTED_EDGE('',*,*,#5765,.F.);
#5765 = EDGE_CURVE('',#5740,#5758,#5766,.T.);
#5766 = LINE('',#5767,#5768);
#5767 = CARTESIAN_POINT('',(-1.,-0.575,1.25));
#5768 = VECTOR('',#5769,1.);
#5769 = DIRECTION('',(0.,0.,-1.));
#5770 = PLANE('',#5771);
#5771 = AXIS2_PLACEMENT_3D('',#5772,#5773,#5774);
#5772 = CARTESIAN_POINT('',(-1.,-0.625,0.625));
#5773 = DIRECTION('',(1.,0.,0.));
#5774 = DIRECTION('',(0.,0.,-1.));
#5775 = ADVANCED_FACE('',(#5776),#5837,.F.);
#5776 = FACE_BOUND('',#5777,.T.);
#5777 = EDGE_LOOP('',(#5778,#5788,#5795,#5796,#5805,#5813,#5822,#5830));
#5778 = ORIENTED_EDGE('',*,*,#5779,.T.);
#5779 = EDGE_CURVE('',#5780,#5782,#5784,.T.);
#5780 = VERTEX_POINT('',#5781);
#5781 = CARTESIAN_POINT('',(-0.8,0.625,5.E-02));
#5782 = VERTEX_POINT('',#5783);
#5783 = CARTESIAN_POINT('',(-0.8,0.625,1.2));
#5784 = LINE('',#5785,#5786);
#5785 = CARTESIAN_POINT('',(-0.8,0.625,0.849600008));
#5786 = VECTOR('',#5787,1.);
#5787 = DIRECTION('',(0.,0.,1.));
#5788 = ORIENTED_EDGE('',*,*,#5789,.F.);
#5789 = EDGE_CURVE('',#5702,#5782,#5790,.T.);
#5790 = CIRCLE('',#5791,5.E-02);
#5791 = AXIS2_PLACEMENT_3D('',#5792,#5793,#5794);
#5792 = CARTESIAN_POINT('',(-0.8,0.575,1.2));
#5793 = DIRECTION('',(-1.,0.,0.));
#5794 = DIRECTION('',(0.,0.,1.));
#5795 = ORIENTED_EDGE('',*,*,#5699,.F.);
#5796 = ORIENTED_EDGE('',*,*,#5797,.F.);
#5797 = EDGE_CURVE('',#5798,#5700,#5800,.T.);
#5798 = VERTEX_POINT('',#5799);
#5799 = CARTESIAN_POINT('',(-0.8,-0.625,1.2));
#5800 = CIRCLE('',#5801,5.E-02);
#5801 = AXIS2_PLACEMENT_3D('',#5802,#5803,#5804);
#5802 = CARTESIAN_POINT('',(-0.8,-0.575,1.2));
#5803 = DIRECTION('',(-1.,0.,0.));
#5804 = DIRECTION('',(0.,0.,1.));
#5805 = ORIENTED_EDGE('',*,*,#5806,.F.);
#5806 = EDGE_CURVE('',#5807,#5798,#5809,.T.);
#5807 = VERTEX_POINT('',#5808);
#5808 = CARTESIAN_POINT('',(-0.8,-0.625,5.E-02));
#5809 = LINE('',#5810,#5811);
#5810 = CARTESIAN_POINT('',(-0.8,-0.625,0.849600008));
#5811 = VECTOR('',#5812,1.);
#5812 = DIRECTION('',(0.,0.,1.));
#5813 = ORIENTED_EDGE('',*,*,#5814,.F.);
#5814 = EDGE_CURVE('',#5815,#5807,#5817,.T.);
#5815 = VERTEX_POINT('',#5816);
#5816 = CARTESIAN_POINT('',(-0.8,-0.575,0.));
#5817 = CIRCLE('',#5818,5.E-02);
#5818 = AXIS2_PLACEMENT_3D('',#5819,#5820,#5821);
#5819 = CARTESIAN_POINT('',(-0.8,-0.575,5.E-02));
#5820 = DIRECTION('',(-1.,0.,0.));
#5821 = DIRECTION('',(0.,0.,1.));
#5822 = ORIENTED_EDGE('',*,*,#5823,.T.);
#5823 = EDGE_CURVE('',#5815,#5824,#5826,.T.);
#5824 = VERTEX_POINT('',#5825);
#5825 = CARTESIAN_POINT('',(-0.8,0.575,0.));
#5826 = LINE('',#5827,#5828);
#5827 = CARTESIAN_POINT('',(-0.8,-0.625,0.));
#5828 = VECTOR('',#5829,1.);
#5829 = DIRECTION('',(0.,1.,0.));
#5830 = ORIENTED_EDGE('',*,*,#5831,.F.);
#5831 = EDGE_CURVE('',#5780,#5824,#5832,.T.);
#5832 = CIRCLE('',#5833,5.E-02);
#5833 = AXIS2_PLACEMENT_3D('',#5834,#5835,#5836);
#5834 = CARTESIAN_POINT('',(-0.8,0.575,5.E-02));
#5835 = DIRECTION('',(-1.,0.,0.));
#5836 = DIRECTION('',(0.,0.,1.));
#5837 = PLANE('',#5838);
#5838 = AXIS2_PLACEMENT_3D('',#5839,#5840,#5841);
#5839 = CARTESIAN_POINT('',(-0.8,-0.625,0.849600008));
#5840 = DIRECTION('',(-1.,0.,0.));
#5841 = DIRECTION('',(0.,0.,1.));
#5842 = ADVANCED_FACE('',(#5843),#5870,.T.);
#5843 = FACE_BOUND('',#5844,.T.);
#5844 = EDGE_LOOP('',(#5845,#5854,#5862,#5869));
#5845 = ORIENTED_EDGE('',*,*,#5846,.F.);
#5846 = EDGE_CURVE('',#5847,#5742,#5849,.T.);
#5847 = VERTEX_POINT('',#5848);
#5848 = CARTESIAN_POINT('',(-0.95,0.625,1.2));
#5849 = CIRCLE('',#5850,5.E-02);
#5850 = AXIS2_PLACEMENT_3D('',#5851,#5852,#5853);
#5851 = CARTESIAN_POINT('',(-0.95,0.575,1.2));
#5852 = DIRECTION('',(0.,0.,1.));
#5853 = DIRECTION('',(1.,0.,-0.));
#5854 = ORIENTED_EDGE('',*,*,#5855,.T.);
#5855 = EDGE_CURVE('',#5847,#5856,#5858,.T.);
#5856 = VERTEX_POINT('',#5857);
#5857 = CARTESIAN_POINT('',(-0.95,0.625,5.E-02));
#5858 = LINE('',#5859,#5860);
#5859 = CARTESIAN_POINT('',(-0.95,0.625,0.625));
#5860 = VECTOR('',#5861,1.);
#5861 = DIRECTION('',(0.,0.,-1.));
#5862 = ORIENTED_EDGE('',*,*,#5863,.F.);
#5863 = EDGE_CURVE('',#5750,#5856,#5864,.T.);
#5864 = CIRCLE('',#5865,5.E-02);
#5865 = AXIS2_PLACEMENT_3D('',#5866,#5867,#5868);
#5866 = CARTESIAN_POINT('',(-0.95,0.575,5.E-02));
#5867 = DIRECTION('',(0.,0.,-1.));
#5868 = DIRECTION('',(-1.,0.,0.));
#5869 = ORIENTED_EDGE('',*,*,#5749,.F.);
#5870 = CYLINDRICAL_SURFACE('',#5871,5.E-02);
#5871 = AXIS2_PLACEMENT_3D('',#5872,#5873,#5874);
#5872 = CARTESIAN_POINT('',(-0.95,0.575,0.625));
#5873 = DIRECTION('',(-0.,-0.,1.));
#5874 = DIRECTION('',(-1.,0.,0.));
#5875 = ADVANCED_FACE('',(#5876),#5895,.T.);
#5876 = FACE_BOUND('',#5877,.T.);
#5877 = EDGE_LOOP('',(#5878,#5887,#5894));
#5878 = ORIENTED_EDGE('',*,*,#5879,.T.);
#5879 = EDGE_CURVE('',#5856,#5880,#5882,.T.);
#5880 = VERTEX_POINT('',#5881);
#5881 = CARTESIAN_POINT('',(-0.95,0.575,0.));
#5882 = CIRCLE('',#5883,5.E-02);
#5883 = AXIS2_PLACEMENT_3D('',#5884,#5885,#5886);
#5884 = CARTESIAN_POINT('',(-0.95,0.575,5.E-02));
#5885 = DIRECTION('',(-1.,0.,0.));
#5886 = DIRECTION('',(0.,0.,1.));
#5887 = ORIENTED_EDGE('',*,*,#5888,.T.);
#5888 = EDGE_CURVE('',#5880,#5750,#5889,.T.);
#5889 = CIRCLE('',#5890,5.E-02);
#5890 = AXIS2_PLACEMENT_3D('',#5891,#5892,#5893);
#5891 = CARTESIAN_POINT('',(-0.95,0.575,5.E-02));
#5892 = DIRECTION('',(0.,1.,0.));
#5893 = DIRECTION('',(0.,-0.,1.));
#5894 = ORIENTED_EDGE('',*,*,#5863,.T.);
#5895 = SPHERICAL_SURFACE('',#5896,5.E-02);
#5896 = AXIS2_PLACEMENT_3D('',#5897,#5898,#5899);
#5897 = CARTESIAN_POINT('',(-0.95,0.575,5.E-02));
#5898 = DIRECTION('',(0.,0.,1.));
#5899 = DIRECTION('',(1.,0.,-0.));
#5900 = ADVANCED_FACE('',(#5901),#5918,.T.);
#5901 = FACE_BOUND('',#5902,.T.);
#5902 = EDGE_LOOP('',(#5903,#5910,#5917));
#5903 = ORIENTED_EDGE('',*,*,#5904,.T.);
#5904 = EDGE_CURVE('',#5742,#5710,#5905,.T.);
#5905 = CIRCLE('',#5906,5.E-02);
#5906 = AXIS2_PLACEMENT_3D('',#5907,#5908,#5909);
#5907 = CARTESIAN_POINT('',(-0.95,0.575,1.2));
#5908 = DIRECTION('',(0.,1.,0.));
#5909 = DIRECTION('',(0.,-0.,1.));
#5910 = ORIENTED_EDGE('',*,*,#5911,.T.);
#5911 = EDGE_CURVE('',#5710,#5847,#5912,.T.);
#5912 = CIRCLE('',#5913,5.E-02);
#5913 = AXIS2_PLACEMENT_3D('',#5914,#5915,#5916);
#5914 = CARTESIAN_POINT('',(-0.95,0.575,1.2));
#5915 = DIRECTION('',(-1.,0.,0.));
#5916 = DIRECTION('',(0.,0.,1.));
#5917 = ORIENTED_EDGE('',*,*,#5846,.T.);
#5918 = SPHERICAL_SURFACE('',#5919,5.E-02);
#5919 = AXIS2_PLACEMENT_3D('',#5920,#5921,#5922);
#5920 = CARTESIAN_POINT('',(-0.95,0.575,1.2));
#5921 = DIRECTION('',(0.,0.,1.));
#5922 = DIRECTION('',(1.,0.,-0.));
#5923 = ADVANCED_FACE('',(#5924),#5940,.T.);
#5924 = FACE_BOUND('',#5925,.T.);
#5925 = EDGE_LOOP('',(#5926,#5927,#5933,#5934));
#5926 = ORIENTED_EDGE('',*,*,#5831,.T.);
#5927 = ORIENTED_EDGE('',*,*,#5928,.F.);
#5928 = EDGE_CURVE('',#5880,#5824,#5929,.T.);
#5929 = LINE('',#5930,#5931);
#5930 = CARTESIAN_POINT('',(-0.9,0.575,0.));
#5931 = VECTOR('',#5932,1.);
#5932 = DIRECTION('',(1.,0.,0.));
#5933 = ORIENTED_EDGE('',*,*,#5879,.F.);
#5934 = ORIENTED_EDGE('',*,*,#5935,.T.);
#5935 = EDGE_CURVE('',#5856,#5780,#5936,.T.);
#5936 = LINE('',#5937,#5938);
#5937 = CARTESIAN_POINT('',(-0.5,0.625,5.E-02));
#5938 = VECTOR('',#5939,1.);
#5939 = DIRECTION('',(1.,0.,0.));
#5940 = CYLINDRICAL_SURFACE('',#5941,5.E-02);
#5941 = AXIS2_PLACEMENT_3D('',#5942,#5943,#5944);
#5942 = CARTESIAN_POINT('',(-0.9,0.575,5.E-02));
#5943 = DIRECTION('',(-1.,-0.,-0.));
#5944 = DIRECTION('',(0.,0.,-1.));
#5945 = ADVANCED_FACE('',(#5946),#5965,.T.);
#5946 = FACE_BOUND('',#5947,.T.);
#5947 = EDGE_LOOP('',(#5948,#5957,#5958,#5959));
#5948 = ORIENTED_EDGE('',*,*,#5949,.F.);
#5949 = EDGE_CURVE('',#5758,#5950,#5952,.T.);
#5950 = VERTEX_POINT('',#5951);
#5951 = CARTESIAN_POINT('',(-0.95,-0.575,0.));
#5952 = CIRCLE('',#5953,5.E-02);
#5953 = AXIS2_PLACEMENT_3D('',#5954,#5955,#5956);
#5954 = CARTESIAN_POINT('',(-0.95,-0.575,5.E-02));
#5955 = DIRECTION('',(0.,-1.,0.));
#5956 = DIRECTION('',(0.,0.,-1.));
#5957 = ORIENTED_EDGE('',*,*,#5757,.T.);
#5958 = ORIENTED_EDGE('',*,*,#5888,.F.);
#5959 = ORIENTED_EDGE('',*,*,#5960,.F.);
#5960 = EDGE_CURVE('',#5950,#5880,#5961,.T.);
#5961 = LINE('',#5962,#5963);
#5962 = CARTESIAN_POINT('',(-0.95,-0.625,0.));
#5963 = VECTOR('',#5964,1.);
#5964 = DIRECTION('',(0.,1.,0.));
#5965 = CYLINDRICAL_SURFACE('',#5966,5.E-02);
#5966 = AXIS2_PLACEMENT_3D('',#5967,#5968,#5969);
#5967 = CARTESIAN_POINT('',(-0.95,-0.625,5.E-02));
#5968 = DIRECTION('',(-0.,-1.,-0.));
#5969 = DIRECTION('',(0.,0.,1.));
#5970 = ADVANCED_FACE('',(#5971),#5983,.T.);
#5971 = FACE_BOUND('',#5972,.T.);
#5972 = EDGE_LOOP('',(#5973,#5980,#5981,#5982));
#5973 = ORIENTED_EDGE('',*,*,#5974,.F.);
#5974 = EDGE_CURVE('',#5718,#5740,#5975,.T.);
#5975 = CIRCLE('',#5976,5.E-02);
#5976 = AXIS2_PLACEMENT_3D('',#5977,#5978,#5979);
#5977 = CARTESIAN_POINT('',(-0.95,-0.575,1.2));
#5978 = DIRECTION('',(0.,-1.,0.));
#5979 = DIRECTION('',(0.,0.,-1.));
#5980 = ORIENTED_EDGE('',*,*,#5717,.T.);
#5981 = ORIENTED_EDGE('',*,*,#5904,.F.);
#5982 = ORIENTED_EDGE('',*,*,#5739,.F.);
#5983 = CYLINDRICAL_SURFACE('',#5984,5.E-02);
#5984 = AXIS2_PLACEMENT_3D('',#5985,#5986,#5987);
#5985 = CARTESIAN_POINT('',(-0.95,-0.625,1.2));
#5986 = DIRECTION('',(-0.,-1.,-0.));
#5987 = DIRECTION('',(0.,0.,1.));
#5988 = ADVANCED_FACE('',(#5989),#6000,.T.);
#5989 = FACE_BOUND('',#5990,.T.);
#5990 = EDGE_LOOP('',(#5991,#5992,#5998,#5999));
#5991 = ORIENTED_EDGE('',*,*,#5789,.T.);
#5992 = ORIENTED_EDGE('',*,*,#5993,.T.);
#5993 = EDGE_CURVE('',#5782,#5847,#5994,.T.);
#5994 = LINE('',#5995,#5996);
#5995 = CARTESIAN_POINT('',(-0.5,0.625,1.2));
#5996 = VECTOR('',#5997,1.);
#5997 = DIRECTION('',(-1.,0.,0.));
#5998 = ORIENTED_EDGE('',*,*,#5911,.F.);
#5999 = ORIENTED_EDGE('',*,*,#5709,.F.);
#6000 = CYLINDRICAL_SURFACE('',#6001,5.E-02);
#6001 = AXIS2_PLACEMENT_3D('',#6002,#6003,#6004);
#6002 = CARTESIAN_POINT('',(-0.9,0.575,1.2));
#6003 = DIRECTION('',(1.,-0.,-0.));
#6004 = DIRECTION('',(0.,0.,1.));
#6005 = ADVANCED_FACE('',(#6006),#6025,.T.);
#6006 = FACE_BOUND('',#6007,.T.);
#6007 = EDGE_LOOP('',(#6008,#6017,#6024));
#6008 = ORIENTED_EDGE('',*,*,#6009,.T.);
#6009 = EDGE_CURVE('',#5950,#6010,#6012,.T.);
#6010 = VERTEX_POINT('',#6011);
#6011 = CARTESIAN_POINT('',(-0.95,-0.625,5.E-02));
#6012 = CIRCLE('',#6013,5.E-02);
#6013 = AXIS2_PLACEMENT_3D('',#6014,#6015,#6016);
#6014 = CARTESIAN_POINT('',(-0.95,-0.575,5.E-02));
#6015 = DIRECTION('',(-1.,0.,0.));
#6016 = DIRECTION('',(0.,0.,1.));
#6017 = ORIENTED_EDGE('',*,*,#6018,.T.);
#6018 = EDGE_CURVE('',#6010,#5758,#6019,.T.);
#6019 = CIRCLE('',#6020,5.E-02);
#6020 = AXIS2_PLACEMENT_3D('',#6021,#6022,#6023);
#6021 = CARTESIAN_POINT('',(-0.95,-0.575,5.E-02));
#6022 = DIRECTION('',(4.065758146821E-16,0.,-1.));
#6023 = DIRECTION('',(-1.,0.,-4.065758146821E-16));
#6024 = ORIENTED_EDGE('',*,*,#5949,.T.);
#6025 = SPHERICAL_SURFACE('',#6026,5.E-02);
#6026 = AXIS2_PLACEMENT_3D('',#6027,#6028,#6029);
#6027 = CARTESIAN_POINT('',(-0.95,-0.575,5.E-02));
#6028 = DIRECTION('',(0.,0.,1.));
#6029 = DIRECTION('',(1.,0.,-0.));
#6030 = ADVANCED_FACE('',(#6031),#6050,.T.);
#6031 = FACE_BOUND('',#6032,.T.);
#6032 = EDGE_LOOP('',(#6033,#6042,#6049));
#6033 = ORIENTED_EDGE('',*,*,#6034,.T.);
#6034 = EDGE_CURVE('',#5740,#6035,#6037,.T.);
#6035 = VERTEX_POINT('',#6036);
#6036 = CARTESIAN_POINT('',(-0.95,-0.625,1.2));
#6037 = CIRCLE('',#6038,5.E-02);
#6038 = AXIS2_PLACEMENT_3D('',#6039,#6040,#6041);
#6039 = CARTESIAN_POINT('',(-0.95,-0.575,1.2));
#6040 = DIRECTION('',(0.,0.,1.));
#6041 = DIRECTION('',(1.,0.,-0.));
#6042 = ORIENTED_EDGE('',*,*,#6043,.T.);
#6043 = EDGE_CURVE('',#6035,#5718,#6044,.T.);
#6044 = CIRCLE('',#6045,5.E-02);
#6045 = AXIS2_PLACEMENT_3D('',#6046,#6047,#6048);
#6046 = CARTESIAN_POINT('',(-0.95,-0.575,1.2));
#6047 = DIRECTION('',(-1.,0.,0.));
#6048 = DIRECTION('',(0.,0.,1.));
#6049 = ORIENTED_EDGE('',*,*,#5974,.T.);
#6050 = SPHERICAL_SURFACE('',#6051,5.E-02);
#6051 = AXIS2_PLACEMENT_3D('',#6052,#6053,#6054);
#6052 = CARTESIAN_POINT('',(-0.95,-0.575,1.2));
#6053 = DIRECTION('',(0.,0.,1.));
#6054 = DIRECTION('',(1.,0.,-0.));
#6055 = ADVANCED_FACE('',(#6056),#6072,.T.);
#6056 = FACE_BOUND('',#6057,.T.);
#6057 = EDGE_LOOP('',(#6058,#6059,#6065,#6066));
#6058 = ORIENTED_EDGE('',*,*,#5814,.T.);
#6059 = ORIENTED_EDGE('',*,*,#6060,.F.);
#6060 = EDGE_CURVE('',#6010,#5807,#6061,.T.);
#6061 = LINE('',#6062,#6063);
#6062 = CARTESIAN_POINT('',(-0.8,-0.625,5.E-02));
#6063 = VECTOR('',#6064,1.);
#6064 = DIRECTION('',(1.,0.,0.));
#6065 = ORIENTED_EDGE('',*,*,#6009,.F.);
#6066 = ORIENTED_EDGE('',*,*,#6067,.T.);
#6067 = EDGE_CURVE('',#5950,#5815,#6068,.T.);
#6068 = LINE('',#6069,#6070);
#6069 = CARTESIAN_POINT('',(-1.,-0.575,0.));
#6070 = VECTOR('',#6071,1.);
#6071 = DIRECTION('',(1.,0.,0.));
#6072 = CYLINDRICAL_SURFACE('',#6073,5.E-02);
#6073 = AXIS2_PLACEMENT_3D('',#6074,#6075,#6076);
#6074 = CARTESIAN_POINT('',(-0.5,-0.575,5.E-02));
#6075 = DIRECTION('',(1.,-0.,-0.));
#6076 = DIRECTION('',(0.,0.,1.));
#6077 = ADVANCED_FACE('',(#6078),#6089,.T.);
#6078 = FACE_BOUND('',#6079,.T.);
#6079 = EDGE_LOOP('',(#6080,#6081,#6087,#6088));
#6080 = ORIENTED_EDGE('',*,*,#6018,.F.);
#6081 = ORIENTED_EDGE('',*,*,#6082,.F.);
#6082 = EDGE_CURVE('',#6035,#6010,#6083,.T.);
#6083 = LINE('',#6084,#6085);
#6084 = CARTESIAN_POINT('',(-0.95,-0.625,0.));
#6085 = VECTOR('',#6086,1.);
#6086 = DIRECTION('',(0.,0.,-1.));
#6087 = ORIENTED_EDGE('',*,*,#6034,.F.);
#6088 = ORIENTED_EDGE('',*,*,#5765,.T.);
#6089 = CYLINDRICAL_SURFACE('',#6090,5.E-02);
#6090 = AXIS2_PLACEMENT_3D('',#6091,#6092,#6093);
#6091 = CARTESIAN_POINT('',(-0.95,-0.575,0.625));
#6092 = DIRECTION('',(-0.,-0.,-1.));
#6093 = DIRECTION('',(1.,0.,0.));
#6094 = ADVANCED_FACE('',(#6095),#6106,.T.);
#6095 = FACE_BOUND('',#6096,.T.);
#6096 = EDGE_LOOP('',(#6097,#6098,#6099,#6100));
#6097 = ORIENTED_EDGE('',*,*,#5797,.T.);
#6098 = ORIENTED_EDGE('',*,*,#5725,.T.);
#6099 = ORIENTED_EDGE('',*,*,#6043,.F.);
#6100 = ORIENTED_EDGE('',*,*,#6101,.F.);
#6101 = EDGE_CURVE('',#5798,#6035,#6102,.T.);
#6102 = LINE('',#6103,#6104);
#6103 = CARTESIAN_POINT('',(-1.,-0.625,1.2));
#6104 = VECTOR('',#6105,1.);
#6105 = DIRECTION('',(-1.,0.,0.));
#6106 = CYLINDRICAL_SURFACE('',#6107,5.E-02);
#6107 = AXIS2_PLACEMENT_3D('',#6108,#6109,#6110);
#6108 = CARTESIAN_POINT('',(-0.5,-0.575,1.2));
#6109 = DIRECTION('',(-1.,-0.,-0.));
#6110 = DIRECTION('',(0.,0.,-1.));
#6111 = ADVANCED_FACE('',(#6112),#6118,.F.);
#6112 = FACE_BOUND('',#6113,.T.);
#6113 = EDGE_LOOP('',(#6114,#6115,#6116,#6117));
#6114 = ORIENTED_EDGE('',*,*,#5855,.F.);
#6115 = ORIENTED_EDGE('',*,*,#5993,.F.);
#6116 = ORIENTED_EDGE('',*,*,#5779,.F.);
#6117 = ORIENTED_EDGE('',*,*,#5935,.F.);
#6118 = PLANE('',#6119);
#6119 = AXIS2_PLACEMENT_3D('',#6120,#6121,#6122);
#6120 = CARTESIAN_POINT('',(-0.5,0.625,0.625));
#6121 = DIRECTION('',(0.,-1.,0.));
#6122 = DIRECTION('',(1.,0.,0.));
#6123 = ADVANCED_FACE('',(#6124),#6130,.T.);
#6124 = FACE_BOUND('',#6125,.T.);
#6125 = EDGE_LOOP('',(#6126,#6127,#6128,#6129));
#6126 = ORIENTED_EDGE('',*,*,#5806,.T.);
#6127 = ORIENTED_EDGE('',*,*,#6101,.T.);
#6128 = ORIENTED_EDGE('',*,*,#6082,.T.);
#6129 = ORIENTED_EDGE('',*,*,#6060,.T.);
#6130 = PLANE('',#6131);
#6131 = AXIS2_PLACEMENT_3D('',#6132,#6133,#6134);
#6132 = CARTESIAN_POINT('',(-0.5,-0.625,0.625));
#6133 = DIRECTION('',(0.,-1.,0.));
#6134 = DIRECTION('',(1.,0.,0.));
#6135 = ADVANCED_FACE('',(#6136),#6142,.F.);
#6136 = FACE_BOUND('',#6137,.T.);
#6137 = EDGE_LOOP('',(#6138,#6139,#6140,#6141));
#6138 = ORIENTED_EDGE('',*,*,#5960,.T.);
#6139 = ORIENTED_EDGE('',*,*,#5928,.T.);
#6140 = ORIENTED_EDGE('',*,*,#5823,.F.);
#6141 = ORIENTED_EDGE('',*,*,#6067,.F.);
#6142 = PLANE('',#6143);
#6143 = AXIS2_PLACEMENT_3D('',#6144,#6145,#6146);
#6144 = CARTESIAN_POINT('',(-0.9,-0.625,0.));
#6145 = DIRECTION('',(0.,0.,1.));
#6146 = DIRECTION('',(1.,0.,-0.));
#6147 = ( GEOMETRIC_REPRESENTATION_CONTEXT(3) 
GLOBAL_UNCERTAINTY_ASSIGNED_CONTEXT((#6151)) 
GLOBAL_UNIT_ASSIGNED_CONTEXT((#6148,#6149,#6150)) REPRESENTATION_CONTEXT
('Context #1','3D Context with UNIT and UNCERTAINTY') );
#6148 = ( LENGTH_UNIT() NAMED_UNIT(*) SI_UNIT(.MILLI.,.METRE.) );
#6149 = ( NAMED_UNIT(*) PLANE_ANGLE_UNIT() SI_UNIT($,.RADIAN.) );
#6150 = ( NAMED_UNIT(*) SI_UNIT($,.STERADIAN.) SOLID_ANGLE_UNIT() );
#6151 = UNCERTAINTY_MEASURE_WITH_UNIT(LENGTH_MEASURE(1.E-07),#6148,
  'distance_accuracy_value','confusion accuracy');
#6152 = CONTEXT_DEPENDENT_SHAPE_REPRESENTATION(#6153,#6155);
#6153 = ( REPRESENTATION_RELATIONSHIP('','',#5692,#4879) 
REPRESENTATION_RELATIONSHIP_WITH_TRANSFORMATION(#6154) 
SHAPE_REPRESENTATION_RELATIONSHIP() );
#6154 = ITEM_DEFINED_TRANSFORMATION('','',#11,#4888);
#6155 = PRODUCT_DEFINITION_SHAPE('Placement','Placement of an item',
  #6156);
#6156 = NEXT_ASSEMBLY_USAGE_OCCURRENCE('10','Part 1','',#4874,#5687,$);
#6157 = PRODUCT_RELATED_PRODUCT_CATEGORY('part',$,(#5689));
#6158 = SHAPE_DEFINITION_REPRESENTATION(#6159,#6165);
#6159 = PRODUCT_DEFINITION_SHAPE('','',#6160);
#6160 = PRODUCT_DEFINITION('design','',#6161,#6164);
#6161 = PRODUCT_DEFINITION_FORMATION('','',#6162);
#6162 = PRODUCT('C2','C2','',(#6163));
#6163 = PRODUCT_CONTEXT('',#2,'mechanical');
#6164 = PRODUCT_DEFINITION_CONTEXT('part definition',#2,'design');
#6165 = SHAPE_REPRESENTATION('',(#11,#6166),#6170);
#6166 = AXIS2_PLACEMENT_3D('',#6167,#6168,#6169);
#6167 = CARTESIAN_POINT('',(0.,0.,0.));
#6168 = DIRECTION('',(0.,0.,1.));
#6169 = DIRECTION('',(1.,0.,-0.));
#6170 = ( GEOMETRIC_REPRESENTATION_CONTEXT(3) 
GLOBAL_UNCERTAINTY_ASSIGNED_CONTEXT((#6174)) 
GLOBAL_UNIT_ASSIGNED_CONTEXT((#6171,#6172,#6173)) REPRESENTATION_CONTEXT
('Context #1','3D Context with UNIT and UNCERTAINTY') );
#6171 = ( LENGTH_UNIT() NAMED_UNIT(*) SI_UNIT(.MILLI.,.METRE.) );
#6172 = ( NAMED_UNIT(*) PLANE_ANGLE_UNIT() SI_UNIT($,.RADIAN.) );
#6173 = ( NAMED_UNIT(*) SI_UNIT($,.STERADIAN.) SOLID_ANGLE_UNIT() );
#6174 = UNCERTAINTY_MEASURE_WITH_UNIT(LENGTH_MEASURE(1.E-07),#6171,
  'distance_accuracy_value','confusion accuracy');
#6175 = CONTEXT_DEPENDENT_SHAPE_REPRESENTATION(#6176,#6178);
#6176 = ( REPRESENTATION_RELATIONSHIP('','',#6165,#10) 
REPRESENTATION_RELATIONSHIP_WITH_TRANSFORMATION(#6177) 
SHAPE_REPRESENTATION_RELATIONSHIP() );
#6177 = ITEM_DEFINED_TRANSFORMATION('','',#11,#27);
#6178 = PRODUCT_DEFINITION_SHAPE('Placement','Placement of an item',
  #6179);
#6179 = NEXT_ASSEMBLY_USAGE_OCCURRENCE('19','C2','',#5,#6160,$);
#6180 = PRODUCT_RELATED_PRODUCT_CATEGORY('part',$,(#6162));
#6181 = SHAPE_DEFINITION_REPRESENTATION(#6182,#6188);
#6182 = PRODUCT_DEFINITION_SHAPE('','',#6183);
#6183 = PRODUCT_DEFINITION('design','',#6184,#6187);
#6184 = PRODUCT_DEFINITION_FORMATION('','',#6185);
#6185 = PRODUCT('Package','Package','',(#6186));
#6186 = PRODUCT_CONTEXT('',#2,'mechanical');
#6187 = PRODUCT_DEFINITION_CONTEXT('part definition',#2,'design');
#6188 = SHAPE_REPRESENTATION('',(#11,#6189),#6193);
#6189 = AXIS2_PLACEMENT_3D('',#6190,#6191,#6192);
#6190 = CARTESIAN_POINT('',(1.,0.,0.));
#6191 = DIRECTION('',(0.,0.,1.));
#6192 = DIRECTION('',(1.,0.,0.));
#6193 = ( GEOMETRIC_REPRESENTATION_CONTEXT(3) 
GLOBAL_UNCERTAINTY_ASSIGNED_CONTEXT((#6197)) 
GLOBAL_UNIT_ASSIGNED_CONTEXT((#6194,#6195,#6196)) REPRESENTATION_CONTEXT
('Context #1','3D Context with UNIT and UNCERTAINTY') );
#6194 = ( LENGTH_UNIT() NAMED_UNIT(*) SI_UNIT(.MILLI.,.METRE.) );
#6195 = ( NAMED_UNIT(*) PLANE_ANGLE_UNIT() SI_UNIT($,.RADIAN.) );
#6196 = ( NAMED_UNIT(*) SI_UNIT($,.STERADIAN.) SOLID_ANGLE_UNIT() );
#6197 = UNCERTAINTY_MEASURE_WITH_UNIT(LENGTH_MEASURE(1.E-07),#6194,
  'distance_accuracy_value','confusion accuracy');
#6198 = CONTEXT_DEPENDENT_SHAPE_REPRESENTATION(#6199,#6201);
#6199 = ( REPRESENTATION_RELATIONSHIP('','',#6188,#6165) 
REPRESENTATION_RELATIONSHIP_WITH_TRANSFORMATION(#6200) 
SHAPE_REPRESENTATION_RELATIONSHIP() );
#6200 = ITEM_DEFINED_TRANSFORMATION('','',#11,#6166);
#6201 = PRODUCT_DEFINITION_SHAPE('Placement','Placement of an item',
  #6202);
#6202 = NEXT_ASSEMBLY_USAGE_OCCURRENCE('18','Package','',#6160,#6183,$);
#6203 = PRODUCT_RELATED_PRODUCT_CATEGORY('part',$,(#6185));
#6204 = SHAPE_DEFINITION_REPRESENTATION(#6205,#6211);
#6205 = PRODUCT_DEFINITION_SHAPE('','',#6206);
#6206 = PRODUCT_DEFINITION('design','',#6207,#6210);
#6207 = PRODUCT_DEFINITION_FORMATION('','',#6208);
#6208 = PRODUCT('Body_1','Body_1','',(#6209));
#6209 = PRODUCT_CONTEXT('',#2,'mechanical');
#6210 = PRODUCT_DEFINITION_CONTEXT('part definition',#2,'design');
#6211 = SHAPE_REPRESENTATION('',(#11,#6212,#6216,#6220),#6224);
#6212 = AXIS2_PLACEMENT_3D('',#6213,#6214,#6215);
#6213 = CARTESIAN_POINT('',(0.,0.,0.));
#6214 = DIRECTION('',(0.,0.,1.));
#6215 = DIRECTION('',(1.,0.,-0.));
#6216 = AXIS2_PLACEMENT_3D('',#6217,#6218,#6219);
#6217 = CARTESIAN_POINT('',(0.,0.,0.));
#6218 = DIRECTION('',(0.,0.,1.));
#6219 = DIRECTION('',(1.,0.,-0.));
#6220 = AXIS2_PLACEMENT_3D('',#6221,#6222,#6223);
#6221 = CARTESIAN_POINT('',(0.,0.,0.));
#6222 = DIRECTION('',(0.,0.,1.));
#6223 = DIRECTION('',(1.,0.,-0.));
#6224 = ( GEOMETRIC_REPRESENTATION_CONTEXT(3) 
GLOBAL_UNCERTAINTY_ASSIGNED_CONTEXT((#6228)) 
GLOBAL_UNIT_ASSIGNED_CONTEXT((#6225,#6226,#6227)) REPRESENTATION_CONTEXT
('Context #1','3D Context with UNIT and UNCERTAINTY') );
#6225 = ( LENGTH_UNIT() NAMED_UNIT(*) SI_UNIT(.MILLI.,.METRE.) );
#6226 = ( NAMED_UNIT(*) PLANE_ANGLE_UNIT() SI_UNIT($,.RADIAN.) );
#6227 = ( NAMED_UNIT(*) SI_UNIT($,.STERADIAN.) SOLID_ANGLE_UNIT() );
#6228 = UNCERTAINTY_MEASURE_WITH_UNIT(LENGTH_MEASURE(1.E-07),#6225,
  'distance_accuracy_value','confusion accuracy');
#6229 = CONTEXT_DEPENDENT_SHAPE_REPRESENTATION(#6230,#6232);
#6230 = ( REPRESENTATION_RELATIONSHIP('','',#6211,#6188) 
REPRESENTATION_RELATIONSHIP_WITH_TRANSFORMATION(#6231) 
SHAPE_REPRESENTATION_RELATIONSHIP() );
#6231 = ITEM_DEFINED_TRANSFORMATION('','',#11,#6189);
#6232 = PRODUCT_DEFINITION_SHAPE('Placement','Placement of an item',
  #6233);
#6233 = NEXT_ASSEMBLY_USAGE_OCCURRENCE('17','Body_1','',#6183,#6206,$);
#6234 = PRODUCT_RELATED_PRODUCT_CATEGORY('part',$,(#6208));
#6235 = CONTEXT_DEPENDENT_SHAPE_REPRESENTATION(#6236,#6238);
#6236 = ( REPRESENTATION_RELATIONSHIP('','',#4910,#6211) 
REPRESENTATION_RELATIONSHIP_WITH_TRANSFORMATION(#6237) 
SHAPE_REPRESENTATION_RELATIONSHIP() );
#6237 = ITEM_DEFINED_TRANSFORMATION('','',#11,#6212);
#6238 = PRODUCT_DEFINITION_SHAPE('Placement','Placement of an item',
  #6239);
#6239 = NEXT_ASSEMBLY_USAGE_OCCURRENCE('14','Part 3','',#6206,#4905,$);
#6240 = CONTEXT_DEPENDENT_SHAPE_REPRESENTATION(#6241,#6243);
#6241 = ( REPRESENTATION_RELATIONSHIP('','',#5219,#6211) 
REPRESENTATION_RELATIONSHIP_WITH_TRANSFORMATION(#6242) 
SHAPE_REPRESENTATION_RELATIONSHIP() );
#6242 = ITEM_DEFINED_TRANSFORMATION('','',#11,#6216);
#6243 = PRODUCT_DEFINITION_SHAPE('Placement','Placement of an item',
  #6244);
#6244 = NEXT_ASSEMBLY_USAGE_OCCURRENCE('15','Part 2','',#6206,#5214,$);
#6245 = CONTEXT_DEPENDENT_SHAPE_REPRESENTATION(#6246,#6248);
#6246 = ( REPRESENTATION_RELATIONSHIP('','',#5692,#6211) 
REPRESENTATION_RELATIONSHIP_WITH_TRANSFORMATION(#6247) 
SHAPE_REPRESENTATION_RELATIONSHIP() );
#6247 = ITEM_DEFINED_TRANSFORMATION('','',#11,#6220);
#6248 = PRODUCT_DEFINITION_SHAPE('Placement','Placement of an item',
  #6249);
#6249 = NEXT_ASSEMBLY_USAGE_OCCURRENCE('16','Part 1','',#6206,#5687,$);
#6250 = SHAPE_DEFINITION_REPRESENTATION(#6251,#6257);
#6251 = PRODUCT_DEFINITION_SHAPE('','',#6252);
#6252 = PRODUCT_DEFINITION('design','',#6253,#6256);
#6253 = PRODUCT_DEFINITION_FORMATION('','',#6254);
#6254 = PRODUCT('U1','U1','',(#6255));
#6255 = PRODUCT_CONTEXT('',#2,'mechanical');
#6256 = PRODUCT_DEFINITION_CONTEXT('part definition',#2,'design');
#6257 = SHAPE_REPRESENTATION('',(#11,#6258),#6262);
#6258 = AXIS2_PLACEMENT_3D('',#6259,#6260,#6261);
#6259 = CARTESIAN_POINT('',(0.,0.,0.));
#6260 = DIRECTION('',(0.,0.,1.));
#6261 = DIRECTION('',(1.,0.,-0.));
#6262 = ( GEOMETRIC_REPRESENTATION_CONTEXT(3) 
GLOBAL_UNCERTAINTY_ASSIGNED_CONTEXT((#6266)) 
GLOBAL_UNIT_ASSIGNED_CONTEXT((#6263,#6264,#6265)) REPRESENTATION_CONTEXT
('Context #1','3D Context with UNIT and UNCERTAINTY') );
#6263 = ( LENGTH_UNIT() NAMED_UNIT(*) SI_UNIT(.MILLI.,.METRE.) );
#6264 = ( NAMED_UNIT(*) PLANE_ANGLE_UNIT() SI_UNIT($,.RADIAN.) );
#6265 = ( NAMED_UNIT(*) SI_UNIT($,.STERADIAN.) SOLID_ANGLE_UNIT() );
#6266 = UNCERTAINTY_MEASURE_WITH_UNIT(LENGTH_MEASURE(2.E-06),#6263,
  'distance_accuracy_value','confusion accuracy');
#6267 = CONTEXT_DEPENDENT_SHAPE_REPRESENTATION(#6268,#6270);
#6268 = ( REPRESENTATION_RELATIONSHIP('','',#6257,#10) 
REPRESENTATION_RELATIONSHIP_WITH_TRANSFORMATION(#6269) 
SHAPE_REPRESENTATION_RELATIONSHIP() );
#6269 = ITEM_DEFINED_TRANSFORMATION('','',#11,#31);
#6270 = PRODUCT_DEFINITION_SHAPE('Placement','Placement of an item',
  #6271);
#6271 = NEXT_ASSEMBLY_USAGE_OCCURRENCE('31','U1','',#5,#6252,$);
#6272 = PRODUCT_RELATED_PRODUCT_CATEGORY('part',$,(#6254));
#6273 = SHAPE_DEFINITION_REPRESENTATION(#6274,#6280);
#6274 = PRODUCT_DEFINITION_SHAPE('','',#6275);
#6275 = PRODUCT_DEFINITION('design','',#6276,#6279);
#6276 = PRODUCT_DEFINITION_FORMATION('','',#6277);
#6277 = PRODUCT('Package','Package','',(#6278));
#6278 = PRODUCT_CONTEXT('',#2,'mechanical');
#6279 = PRODUCT_DEFINITION_CONTEXT('part definition',#2,'design');
#6280 = SHAPE_REPRESENTATION('',(#11,#6281),#6285);
#6281 = AXIS2_PLACEMENT_3D('',#6282,#6283,#6284);
#6282 = CARTESIAN_POINT('',(0.,0.,0.));
#6283 = DIRECTION('',(0.,0.,1.));
#6284 = DIRECTION('',(1.,0.,0.));
#6285 = ( GEOMETRIC_REPRESENTATION_CONTEXT(3) 
GLOBAL_UNCERTAINTY_ASSIGNED_CONTEXT((#6289)) 
GLOBAL_UNIT_ASSIGNED_CONTEXT((#6286,#6287,#6288)) REPRESENTATION_CONTEXT
('Context #1','3D Context with UNIT and UNCERTAINTY') );
#6286 = ( LENGTH_UNIT() NAMED_UNIT(*) SI_UNIT(.MILLI.,.METRE.) );
#6287 = ( NAMED_UNIT(*) PLANE_ANGLE_UNIT() SI_UNIT($,.RADIAN.) );
#6288 = ( NAMED_UNIT(*) SI_UNIT($,.STERADIAN.) SOLID_ANGLE_UNIT() );
#6289 = UNCERTAINTY_MEASURE_WITH_UNIT(LENGTH_MEASURE(2.E-06),#6286,
  'distance_accuracy_value','confusion accuracy');
#6290 = CONTEXT_DEPENDENT_SHAPE_REPRESENTATION(#6291,#6293);
#6291 = ( REPRESENTATION_RELATIONSHIP('','',#6280,#6257) 
REPRESENTATION_RELATIONSHIP_WITH_TRANSFORMATION(#6292) 
SHAPE_REPRESENTATION_RELATIONSHIP() );
#6292 = ITEM_DEFINED_TRANSFORMATION('','',#11,#6258);
#6293 = PRODUCT_DEFINITION_SHAPE('Placement','Placement of an item',
  #6294);
#6294 = NEXT_ASSEMBLY_USAGE_OCCURRENCE('30','Package','',#6252,#6275,$);
#6295 = PRODUCT_RELATED_PRODUCT_CATEGORY('part',$,(#6277));
#6296 = SHAPE_DEFINITION_REPRESENTATION(#6297,#6303);
#6297 = PRODUCT_DEFINITION_SHAPE('','',#6298);
#6298 = PRODUCT_DEFINITION('design','',#6299,#6302);
#6299 = PRODUCT_DEFINITION_FORMATION('','',#6300);
#6300 = PRODUCT('Body_1','Body_1','',(#6301));
#6301 = PRODUCT_CONTEXT('',#2,'mechanical');
#6302 = PRODUCT_DEFINITION_CONTEXT('part definition',#2,'design');
#6303 = SHAPE_REPRESENTATION('',(#11,#6304,#6308,#6312),#6316);
#6304 = AXIS2_PLACEMENT_3D('',#6305,#6306,#6307);
#6305 = CARTESIAN_POINT('',(0.,0.,0.));
#6306 = DIRECTION('',(1.,0.,0.));
#6307 = DIRECTION('',(0.,1.,0.));
#6308 = AXIS2_PLACEMENT_3D('',#6309,#6310,#6311);
#6309 = CARTESIAN_POINT('',(0.,0.,2.5E-02));
#6310 = DIRECTION('',(1.,0.,0.));
#6311 = DIRECTION('',(0.,1.,0.));
#6312 = AXIS2_PLACEMENT_3D('',#6313,#6314,#6315);
#6313 = CARTESIAN_POINT('',(0.,0.,0.6));
#6314 = DIRECTION('',(1.,0.,0.));
#6315 = DIRECTION('',(0.,1.,0.));
#6316 = ( GEOMETRIC_REPRESENTATION_CONTEXT(3) 
GLOBAL_UNCERTAINTY_ASSIGNED_CONTEXT((#6320)) 
GLOBAL_UNIT_ASSIGNED_CONTEXT((#6317,#6318,#6319)) REPRESENTATION_CONTEXT
('Context #1','3D Context with UNIT and UNCERTAINTY') );
#6317 = ( LENGTH_UNIT() NAMED_UNIT(*) SI_UNIT(.MILLI.,.METRE.) );
#6318 = ( NAMED_UNIT(*) PLANE_ANGLE_UNIT() SI_UNIT($,.RADIAN.) );
#6319 = ( NAMED_UNIT(*) SI_UNIT($,.STERADIAN.) SOLID_ANGLE_UNIT() );
#6320 = UNCERTAINTY_MEASURE_WITH_UNIT(LENGTH_MEASURE(2.E-06),#6317,
  'distance_accuracy_value','confusion accuracy');
#6321 = CONTEXT_DEPENDENT_SHAPE_REPRESENTATION(#6322,#6324);
#6322 = ( REPRESENTATION_RELATIONSHIP('','',#6303,#6280) 
REPRESENTATION_RELATIONSHIP_WITH_TRANSFORMATION(#6323) 
SHAPE_REPRESENTATION_RELATIONSHIP() );
#6323 = ITEM_DEFINED_TRANSFORMATION('','',#11,#6281);
#6324 = PRODUCT_DEFINITION_SHAPE('Placement','Placement of an item',
  #6325);
#6325 = NEXT_ASSEMBLY_USAGE_OCCURRENCE('29','Body_1','',#6275,#6298,$);
#6326 = PRODUCT_RELATED_PRODUCT_CATEGORY('part',$,(#6300));
#6327 = SHAPE_DEFINITION_REPRESENTATION(#6328,#6334);
#6328 = PRODUCT_DEFINITION_SHAPE('','',#6329);
#6329 = PRODUCT_DEFINITION('design','',#6330,#6333);
#6330 = PRODUCT_DEFINITION_FORMATION('','',#6331);
#6331 = PRODUCT('FRAME-DRL0006A','FRAME-DRL0006A','',(#6332));
#6332 = PRODUCT_CONTEXT('',#2,'mechanical');
#6333 = PRODUCT_DEFINITION_CONTEXT('part definition',#2,'design');
#6334 = SHAPE_REPRESENTATION('',(#11,#6335,#6339,#6343,#6347,#6351,#6355
    ),#6359);
#6335 = AXIS2_PLACEMENT_3D('',#6336,#6337,#6338);
#6336 = CARTESIAN_POINT('',(0.,0.,0.));
#6337 = DIRECTION('',(0.,0.,1.));
#6338 = DIRECTION('',(1.,0.,-0.));
#6339 = AXIS2_PLACEMENT_3D('',#6340,#6341,#6342);
#6340 = CARTESIAN_POINT('',(0.,0.,0.));
#6341 = DIRECTION('',(0.,0.,1.));
#6342 = DIRECTION('',(1.,0.,-0.));
#6343 = AXIS2_PLACEMENT_3D('',#6344,#6345,#6346);
#6344 = CARTESIAN_POINT('',(0.,0.,0.));
#6345 = DIRECTION('',(0.,0.,1.));
#6346 = DIRECTION('',(1.,0.,-0.));
#6347 = AXIS2_PLACEMENT_3D('',#6348,#6349,#6350);
#6348 = CARTESIAN_POINT('',(0.,0.,0.));
#6349 = DIRECTION('',(0.,0.,1.));
#6350 = DIRECTION('',(1.,0.,-0.));
#6351 = AXIS2_PLACEMENT_3D('',#6352,#6353,#6354);
#6352 = CARTESIAN_POINT('',(0.,0.,0.));
#6353 = DIRECTION('',(0.,0.,1.));
#6354 = DIRECTION('',(1.,0.,-0.));
#6355 = AXIS2_PLACEMENT_3D('',#6356,#6357,#6358);
#6356 = CARTESIAN_POINT('',(0.,0.,0.));
#6357 = DIRECTION('',(0.,0.,1.));
#6358 = DIRECTION('',(1.,0.,-0.));
#6359 = ( GEOMETRIC_REPRESENTATION_CONTEXT(3) 
GLOBAL_UNCERTAINTY_ASSIGNED_CONTEXT((#6363)) 
GLOBAL_UNIT_ASSIGNED_CONTEXT((#6360,#6361,#6362)) REPRESENTATION_CONTEXT
('Context #1','3D Context with UNIT and UNCERTAINTY') );
#6360 = ( LENGTH_UNIT() NAMED_UNIT(*) SI_UNIT(.MILLI.,.METRE.) );
#6361 = ( NAMED_UNIT(*) PLANE_ANGLE_UNIT() SI_UNIT($,.RADIAN.) );
#6362 = ( NAMED_UNIT(*) SI_UNIT($,.STERADIAN.) SOLID_ANGLE_UNIT() );
#6363 = UNCERTAINTY_MEASURE_WITH_UNIT(LENGTH_MEASURE(1.E-07),#6360,
  'distance_accuracy_value','confusion accuracy');
#6364 = CONTEXT_DEPENDENT_SHAPE_REPRESENTATION(#6365,#6367);
#6365 = ( REPRESENTATION_RELATIONSHIP('','',#6334,#6303) 
REPRESENTATION_RELATIONSHIP_WITH_TRANSFORMATION(#6366) 
SHAPE_REPRESENTATION_RELATIONSHIP() );
#6366 = ITEM_DEFINED_TRANSFORMATION('','',#11,#6304);
#6367 = PRODUCT_DEFINITION_SHAPE('Placement','Placement of an item',
  #6368);
#6368 = NEXT_ASSEMBLY_USAGE_OCCURRENCE('26','FRAME-DRL0006A','',#6298,
  #6329,$);
#6369 = PRODUCT_RELATED_PRODUCT_CATEGORY('part',$,(#6331));
#6370 = SHAPE_DEFINITION_REPRESENTATION(#6371,#6377);
#6371 = PRODUCT_DEFINITION_SHAPE('','',#6372);
#6372 = PRODUCT_DEFINITION('design','',#6373,#6376);
#6373 = PRODUCT_DEFINITION_FORMATION('','',#6374);
#6374 = PRODUCT('SOLID','SOLID','',(#6375));
#6375 = PRODUCT_CONTEXT('',#2,'mechanical');
#6376 = PRODUCT_DEFINITION_CONTEXT('part definition',#2,'design');
#6377 = ADVANCED_BREP_SHAPE_REPRESENTATION('',(#11,#6378),#6528);
#6378 = MANIFOLD_SOLID_BREP('',#6379);
#6379 = CLOSED_SHELL('',(#6380,#6420,#6451,#6475,#6499,#6516));
#6380 = ADVANCED_FACE('',(#6381),#6415,.F.);
#6381 = FACE_BOUND('',#6382,.F.);
#6382 = EDGE_LOOP('',(#6383,#6393,#6401,#6409));
#6383 = ORIENTED_EDGE('',*,*,#6384,.T.);
#6384 = EDGE_CURVE('',#6385,#6387,#6389,.T.);
#6385 = VERTEX_POINT('',#6386);
#6386 = CARTESIAN_POINT('',(0.4,0.,-0.8));
#6387 = VERTEX_POINT('',#6388);
#6388 = CARTESIAN_POINT('',(0.4,0.,-0.5));
#6389 = LINE('',#6390,#6391);
#6390 = CARTESIAN_POINT('',(0.4,0.,-0.8));
#6391 = VECTOR('',#6392,1.);
#6392 = DIRECTION('',(0.,0.,1.));
#6393 = ORIENTED_EDGE('',*,*,#6394,.T.);
#6394 = EDGE_CURVE('',#6387,#6395,#6397,.T.);
#6395 = VERTEX_POINT('',#6396);
#6396 = CARTESIAN_POINT('',(0.6,0.,-0.5));
#6397 = LINE('',#6398,#6399);
#6398 = CARTESIAN_POINT('',(0.4,0.,-0.5));
#6399 = VECTOR('',#6400,1.);
#6400 = DIRECTION('',(1.,0.,0.));
#6401 = ORIENTED_EDGE('',*,*,#6402,.T.);
#6402 = EDGE_CURVE('',#6395,#6403,#6405,.T.);
#6403 = VERTEX_POINT('',#6404);
#6404 = CARTESIAN_POINT('',(0.6,0.,-0.8));
#6405 = LINE('',#6406,#6407);
#6406 = CARTESIAN_POINT('',(0.6,0.,-0.5));
#6407 = VECTOR('',#6408,1.);
#6408 = DIRECTION('',(0.,0.,-1.));
#6409 = ORIENTED_EDGE('',*,*,#6410,.T.);
#6410 = EDGE_CURVE('',#6403,#6385,#6411,.T.);
#6411 = LINE('',#6412,#6413);
#6412 = CARTESIAN_POINT('',(0.6,0.,-0.8));
#6413 = VECTOR('',#6414,1.);
#6414 = DIRECTION('',(-1.,0.,0.));
#6415 = PLANE('',#6416);
#6416 = AXIS2_PLACEMENT_3D('',#6417,#6418,#6419);
#6417 = CARTESIAN_POINT('',(0.,0.,0.));
#6418 = DIRECTION('',(0.,1.,0.));
#6419 = DIRECTION('',(1.,0.,0.));
#6420 = ADVANCED_FACE('',(#6421),#6446,.T.);
#6421 = FACE_BOUND('',#6422,.F.);
#6422 = EDGE_LOOP('',(#6423,#6424,#6432,#6440));
#6423 = ORIENTED_EDGE('',*,*,#6384,.F.);
#6424 = ORIENTED_EDGE('',*,*,#6425,.T.);
#6425 = EDGE_CURVE('',#6385,#6426,#6428,.T.);
#6426 = VERTEX_POINT('',#6427);
#6427 = CARTESIAN_POINT('',(0.4,0.13,-0.8));
#6428 = LINE('',#6429,#6430);
#6429 = CARTESIAN_POINT('',(0.4,0.,-0.8));
#6430 = VECTOR('',#6431,1.);
#6431 = DIRECTION('',(0.,1.,0.));
#6432 = ORIENTED_EDGE('',*,*,#6433,.T.);
#6433 = EDGE_CURVE('',#6426,#6434,#6436,.T.);
#6434 = VERTEX_POINT('',#6435);
#6435 = CARTESIAN_POINT('',(0.4,0.13,-0.5));
#6436 = LINE('',#6437,#6438);
#6437 = CARTESIAN_POINT('',(0.4,0.13,-0.8));
#6438 = VECTOR('',#6439,1.);
#6439 = DIRECTION('',(0.,0.,1.));
#6440 = ORIENTED_EDGE('',*,*,#6441,.F.);
#6441 = EDGE_CURVE('',#6387,#6434,#6442,.T.);
#6442 = LINE('',#6443,#6444);
#6443 = CARTESIAN_POINT('',(0.4,0.,-0.5));
#6444 = VECTOR('',#6445,1.);
#6445 = DIRECTION('',(0.,1.,0.));
#6446 = PLANE('',#6447);
#6447 = AXIS2_PLACEMENT_3D('',#6448,#6449,#6450);
#6448 = CARTESIAN_POINT('',(0.4,0.,-0.8));
#6449 = DIRECTION('',(-1.,0.,0.));
#6450 = DIRECTION('',(0.,0.,1.));
#6451 = ADVANCED_FACE('',(#6452),#6470,.T.);
#6452 = FACE_BOUND('',#6453,.F.);
#6453 = EDGE_LOOP('',(#6454,#6455,#6463,#6469));
#6454 = ORIENTED_EDGE('',*,*,#6410,.F.);
#6455 = ORIENTED_EDGE('',*,*,#6456,.T.);
#6456 = EDGE_CURVE('',#6403,#6457,#6459,.T.);
#6457 = VERTEX_POINT('',#6458);
#6458 = CARTESIAN_POINT('',(0.6,0.13,-0.8));
#6459 = LINE('',#6460,#6461);
#6460 = CARTESIAN_POINT('',(0.6,0.,-0.8));
#6461 = VECTOR('',#6462,1.);
#6462 = DIRECTION('',(0.,1.,0.));
#6463 = ORIENTED_EDGE('',*,*,#6464,.T.);
#6464 = EDGE_CURVE('',#6457,#6426,#6465,.T.);
#6465 = LINE('',#6466,#6467);
#6466 = CARTESIAN_POINT('',(0.6,0.13,-0.8));
#6467 = VECTOR('',#6468,1.);
#6468 = DIRECTION('',(-1.,0.,0.));
#6469 = ORIENTED_EDGE('',*,*,#6425,.F.);
#6470 = PLANE('',#6471);
#6471 = AXIS2_PLACEMENT_3D('',#6472,#6473,#6474);
#6472 = CARTESIAN_POINT('',(0.6,0.,-0.8));
#6473 = DIRECTION('',(0.,0.,-1.));
#6474 = DIRECTION('',(-1.,0.,0.));
#6475 = ADVANCED_FACE('',(#6476),#6494,.T.);
#6476 = FACE_BOUND('',#6477,.F.);
#6477 = EDGE_LOOP('',(#6478,#6479,#6487,#6493));
#6478 = ORIENTED_EDGE('',*,*,#6402,.F.);
#6479 = ORIENTED_EDGE('',*,*,#6480,.T.);
#6480 = EDGE_CURVE('',#6395,#6481,#6483,.T.);
#6481 = VERTEX_POINT('',#6482);
#6482 = CARTESIAN_POINT('',(0.6,0.13,-0.5));
#6483 = LINE('',#6484,#6485);
#6484 = CARTESIAN_POINT('',(0.6,0.,-0.5));
#6485 = VECTOR('',#6486,1.);
#6486 = DIRECTION('',(0.,1.,0.));
#6487 = ORIENTED_EDGE('',*,*,#6488,.T.);
#6488 = EDGE_CURVE('',#6481,#6457,#6489,.T.);
#6489 = LINE('',#6490,#6491);
#6490 = CARTESIAN_POINT('',(0.6,0.13,-0.5));
#6491 = VECTOR('',#6492,1.);
#6492 = DIRECTION('',(0.,0.,-1.));
#6493 = ORIENTED_EDGE('',*,*,#6456,.F.);
#6494 = PLANE('',#6495);
#6495 = AXIS2_PLACEMENT_3D('',#6496,#6497,#6498);
#6496 = CARTESIAN_POINT('',(0.6,0.,-0.5));
#6497 = DIRECTION('',(1.,0.,0.));
#6498 = DIRECTION('',(0.,0.,-1.));
#6499 = ADVANCED_FACE('',(#6500),#6511,.T.);
#6500 = FACE_BOUND('',#6501,.F.);
#6501 = EDGE_LOOP('',(#6502,#6503,#6504,#6510));
#6502 = ORIENTED_EDGE('',*,*,#6394,.F.);
#6503 = ORIENTED_EDGE('',*,*,#6441,.T.);
#6504 = ORIENTED_EDGE('',*,*,#6505,.T.);
#6505 = EDGE_CURVE('',#6434,#6481,#6506,.T.);
#6506 = LINE('',#6507,#6508);
#6507 = CARTESIAN_POINT('',(0.4,0.13,-0.5));
#6508 = VECTOR('',#6509,1.);
#6509 = DIRECTION('',(1.,0.,0.));
#6510 = ORIENTED_EDGE('',*,*,#6480,.F.);
#6511 = PLANE('',#6512);
#6512 = AXIS2_PLACEMENT_3D('',#6513,#6514,#6515);
#6513 = CARTESIAN_POINT('',(0.4,0.,-0.5));
#6514 = DIRECTION('',(0.,0.,1.));
#6515 = DIRECTION('',(1.,0.,-0.));
#6516 = ADVANCED_FACE('',(#6517),#6523,.T.);
#6517 = FACE_BOUND('',#6518,.F.);
#6518 = EDGE_LOOP('',(#6519,#6520,#6521,#6522));
#6519 = ORIENTED_EDGE('',*,*,#6433,.F.);
#6520 = ORIENTED_EDGE('',*,*,#6464,.F.);
#6521 = ORIENTED_EDGE('',*,*,#6488,.F.);
#6522 = ORIENTED_EDGE('',*,*,#6505,.F.);
#6523 = PLANE('',#6524);
#6524 = AXIS2_PLACEMENT_3D('',#6525,#6526,#6527);
#6525 = CARTESIAN_POINT('',(0.,0.13,0.));
#6526 = DIRECTION('',(0.,1.,0.));
#6527 = DIRECTION('',(1.,0.,0.));
#6528 = ( GEOMETRIC_REPRESENTATION_CONTEXT(3) 
GLOBAL_UNCERTAINTY_ASSIGNED_CONTEXT((#6532)) 
GLOBAL_UNIT_ASSIGNED_CONTEXT((#6529,#6530,#6531)) REPRESENTATION_CONTEXT
('Context #1','3D Context with UNIT and UNCERTAINTY') );
#6529 = ( LENGTH_UNIT() NAMED_UNIT(*) SI_UNIT(.MILLI.,.METRE.) );
#6530 = ( NAMED_UNIT(*) PLANE_ANGLE_UNIT() SI_UNIT($,.RADIAN.) );
#6531 = ( NAMED_UNIT(*) SI_UNIT($,.STERADIAN.) SOLID_ANGLE_UNIT() );
#6532 = UNCERTAINTY_MEASURE_WITH_UNIT(LENGTH_MEASURE(1.E-07),#6529,
  'distance_accuracy_value','confusion accuracy');
#6533 = CONTEXT_DEPENDENT_SHAPE_REPRESENTATION(#6534,#6536);
#6534 = ( REPRESENTATION_RELATIONSHIP('','',#6377,#6334) 
REPRESENTATION_RELATIONSHIP_WITH_TRANSFORMATION(#6535) 
SHAPE_REPRESENTATION_RELATIONSHIP() );
#6535 = ITEM_DEFINED_TRANSFORMATION('','',#11,#6335);
#6536 = PRODUCT_DEFINITION_SHAPE('Placement','Placement of an item',
  #6537);
#6537 = NEXT_ASSEMBLY_USAGE_OCCURRENCE('20','=>[0:1:1:22]','',#6329,
  #6372,$);
#6538 = PRODUCT_RELATED_PRODUCT_CATEGORY('part',$,(#6374));
#6539 = SHAPE_DEFINITION_REPRESENTATION(#6540,#6546);
#6540 = PRODUCT_DEFINITION_SHAPE('','',#6541);
#6541 = PRODUCT_DEFINITION('design','',#6542,#6545);
#6542 = PRODUCT_DEFINITION_FORMATION('','',#6543);
#6543 = PRODUCT('SOLID','SOLID','',(#6544));
#6544 = PRODUCT_CONTEXT('',#2,'mechanical');
#6545 = PRODUCT_DEFINITION_CONTEXT('part definition',#2,'design');
#6546 = ADVANCED_BREP_SHAPE_REPRESENTATION('',(#11,#6547),#6697);
#6547 = MANIFOLD_SOLID_BREP('',#6548);
#6548 = CLOSED_SHELL('',(#6549,#6589,#6620,#6644,#6668,#6685));
#6549 = ADVANCED_FACE('',(#6550),#6584,.F.);
#6550 = FACE_BOUND('',#6551,.F.);
#6551 = EDGE_LOOP('',(#6552,#6562,#6570,#6578));
#6552 = ORIENTED_EDGE('',*,*,#6553,.T.);
#6553 = EDGE_CURVE('',#6554,#6556,#6558,.T.);
#6554 = VERTEX_POINT('',#6555);
#6555 = CARTESIAN_POINT('',(-0.1,0.,-0.8));
#6556 = VERTEX_POINT('',#6557);
#6557 = CARTESIAN_POINT('',(-0.1,0.,-0.5));
#6558 = LINE('',#6559,#6560);
#6559 = CARTESIAN_POINT('',(-0.1,0.,-0.8));
#6560 = VECTOR('',#6561,1.);
#6561 = DIRECTION('',(0.,0.,1.));
#6562 = ORIENTED_EDGE('',*,*,#6563,.T.);
#6563 = EDGE_CURVE('',#6556,#6564,#6566,.T.);
#6564 = VERTEX_POINT('',#6565);
#6565 = CARTESIAN_POINT('',(0.1,0.,-0.5));
#6566 = LINE('',#6567,#6568);
#6567 = CARTESIAN_POINT('',(-0.1,0.,-0.5));
#6568 = VECTOR('',#6569,1.);
#6569 = DIRECTION('',(1.,0.,0.));
#6570 = ORIENTED_EDGE('',*,*,#6571,.T.);
#6571 = EDGE_CURVE('',#6564,#6572,#6574,.T.);
#6572 = VERTEX_POINT('',#6573);
#6573 = CARTESIAN_POINT('',(0.1,0.,-0.8));
#6574 = LINE('',#6575,#6576);
#6575 = CARTESIAN_POINT('',(0.1,0.,-0.5));
#6576 = VECTOR('',#6577,1.);
#6577 = DIRECTION('',(0.,0.,-1.));
#6578 = ORIENTED_EDGE('',*,*,#6579,.T.);
#6579 = EDGE_CURVE('',#6572,#6554,#6580,.T.);
#6580 = LINE('',#6581,#6582);
#6581 = CARTESIAN_POINT('',(0.1,0.,-0.8));
#6582 = VECTOR('',#6583,1.);
#6583 = DIRECTION('',(-1.,0.,0.));
#6584 = PLANE('',#6585);
#6585 = AXIS2_PLACEMENT_3D('',#6586,#6587,#6588);
#6586 = CARTESIAN_POINT('',(0.,0.,0.));
#6587 = DIRECTION('',(0.,1.,0.));
#6588 = DIRECTION('',(1.,0.,0.));
#6589 = ADVANCED_FACE('',(#6590),#6615,.T.);
#6590 = FACE_BOUND('',#6591,.F.);
#6591 = EDGE_LOOP('',(#6592,#6593,#6601,#6609));
#6592 = ORIENTED_EDGE('',*,*,#6553,.F.);
#6593 = ORIENTED_EDGE('',*,*,#6594,.T.);
#6594 = EDGE_CURVE('',#6554,#6595,#6597,.T.);
#6595 = VERTEX_POINT('',#6596);
#6596 = CARTESIAN_POINT('',(-0.1,0.13,-0.8));
#6597 = LINE('',#6598,#6599);
#6598 = CARTESIAN_POINT('',(-0.1,0.,-0.8));
#6599 = VECTOR('',#6600,1.);
#6600 = DIRECTION('',(0.,1.,0.));
#6601 = ORIENTED_EDGE('',*,*,#6602,.T.);
#6602 = EDGE_CURVE('',#6595,#6603,#6605,.T.);
#6603 = VERTEX_POINT('',#6604);
#6604 = CARTESIAN_POINT('',(-0.1,0.13,-0.5));
#6605 = LINE('',#6606,#6607);
#6606 = CARTESIAN_POINT('',(-0.1,0.13,-0.8));
#6607 = VECTOR('',#6608,1.);
#6608 = DIRECTION('',(0.,0.,1.));
#6609 = ORIENTED_EDGE('',*,*,#6610,.F.);
#6610 = EDGE_CURVE('',#6556,#6603,#6611,.T.);
#6611 = LINE('',#6612,#6613);
#6612 = CARTESIAN_POINT('',(-0.1,0.,-0.5));
#6613 = VECTOR('',#6614,1.);
#6614 = DIRECTION('',(0.,1.,0.));
#6615 = PLANE('',#6616);
#6616 = AXIS2_PLACEMENT_3D('',#6617,#6618,#6619);
#6617 = CARTESIAN_POINT('',(-0.1,0.,-0.8));
#6618 = DIRECTION('',(-1.,0.,0.));
#6619 = DIRECTION('',(0.,0.,1.));
#6620 = ADVANCED_FACE('',(#6621),#6639,.T.);
#6621 = FACE_BOUND('',#6622,.F.);
#6622 = EDGE_LOOP('',(#6623,#6624,#6632,#6638));
#6623 = ORIENTED_EDGE('',*,*,#6579,.F.);
#6624 = ORIENTED_EDGE('',*,*,#6625,.T.);
#6625 = EDGE_CURVE('',#6572,#6626,#6628,.T.);
#6626 = VERTEX_POINT('',#6627);
#6627 = CARTESIAN_POINT('',(0.1,0.13,-0.8));
#6628 = LINE('',#6629,#6630);
#6629 = CARTESIAN_POINT('',(0.1,0.,-0.8));
#6630 = VECTOR('',#6631,1.);
#6631 = DIRECTION('',(0.,1.,0.));
#6632 = ORIENTED_EDGE('',*,*,#6633,.T.);
#6633 = EDGE_CURVE('',#6626,#6595,#6634,.T.);
#6634 = LINE('',#6635,#6636);
#6635 = CARTESIAN_POINT('',(0.1,0.13,-0.8));
#6636 = VECTOR('',#6637,1.);
#6637 = DIRECTION('',(-1.,0.,0.));
#6638 = ORIENTED_EDGE('',*,*,#6594,.F.);
#6639 = PLANE('',#6640);
#6640 = AXIS2_PLACEMENT_3D('',#6641,#6642,#6643);
#6641 = CARTESIAN_POINT('',(0.1,0.,-0.8));
#6642 = DIRECTION('',(0.,0.,-1.));
#6643 = DIRECTION('',(-1.,0.,0.));
#6644 = ADVANCED_FACE('',(#6645),#6663,.T.);
#6645 = FACE_BOUND('',#6646,.F.);
#6646 = EDGE_LOOP('',(#6647,#6648,#6656,#6662));
#6647 = ORIENTED_EDGE('',*,*,#6571,.F.);
#6648 = ORIENTED_EDGE('',*,*,#6649,.T.);
#6649 = EDGE_CURVE('',#6564,#6650,#6652,.T.);
#6650 = VERTEX_POINT('',#6651);
#6651 = CARTESIAN_POINT('',(0.1,0.13,-0.5));
#6652 = LINE('',#6653,#6654);
#6653 = CARTESIAN_POINT('',(0.1,0.,-0.5));
#6654 = VECTOR('',#6655,1.);
#6655 = DIRECTION('',(0.,1.,0.));
#6656 = ORIENTED_EDGE('',*,*,#6657,.T.);
#6657 = EDGE_CURVE('',#6650,#6626,#6658,.T.);
#6658 = LINE('',#6659,#6660);
#6659 = CARTESIAN_POINT('',(0.1,0.13,-0.5));
#6660 = VECTOR('',#6661,1.);
#6661 = DIRECTION('',(0.,0.,-1.));
#6662 = ORIENTED_EDGE('',*,*,#6625,.F.);
#6663 = PLANE('',#6664);
#6664 = AXIS2_PLACEMENT_3D('',#6665,#6666,#6667);
#6665 = CARTESIAN_POINT('',(0.1,0.,-0.5));
#6666 = DIRECTION('',(1.,0.,0.));
#6667 = DIRECTION('',(0.,0.,-1.));
#6668 = ADVANCED_FACE('',(#6669),#6680,.T.);
#6669 = FACE_BOUND('',#6670,.F.);
#6670 = EDGE_LOOP('',(#6671,#6672,#6673,#6679));
#6671 = ORIENTED_EDGE('',*,*,#6563,.F.);
#6672 = ORIENTED_EDGE('',*,*,#6610,.T.);
#6673 = ORIENTED_EDGE('',*,*,#6674,.T.);
#6674 = EDGE_CURVE('',#6603,#6650,#6675,.T.);
#6675 = LINE('',#6676,#6677);
#6676 = CARTESIAN_POINT('',(-0.1,0.13,-0.5));
#6677 = VECTOR('',#6678,1.);
#6678 = DIRECTION('',(1.,0.,0.));
#6679 = ORIENTED_EDGE('',*,*,#6649,.F.);
#6680 = PLANE('',#6681);
#6681 = AXIS2_PLACEMENT_3D('',#6682,#6683,#6684);
#6682 = CARTESIAN_POINT('',(-0.1,0.,-0.5));
#6683 = DIRECTION('',(0.,0.,1.));
#6684 = DIRECTION('',(1.,0.,-0.));
#6685 = ADVANCED_FACE('',(#6686),#6692,.T.);
#6686 = FACE_BOUND('',#6687,.F.);
#6687 = EDGE_LOOP('',(#6688,#6689,#6690,#6691));
#6688 = ORIENTED_EDGE('',*,*,#6602,.F.);
#6689 = ORIENTED_EDGE('',*,*,#6633,.F.);
#6690 = ORIENTED_EDGE('',*,*,#6657,.F.);
#6691 = ORIENTED_EDGE('',*,*,#6674,.F.);
#6692 = PLANE('',#6693);
#6693 = AXIS2_PLACEMENT_3D('',#6694,#6695,#6696);
#6694 = CARTESIAN_POINT('',(0.,0.13,0.));
#6695 = DIRECTION('',(0.,1.,0.));
#6696 = DIRECTION('',(1.,0.,0.));
#6697 = ( GEOMETRIC_REPRESENTATION_CONTEXT(3) 
GLOBAL_UNCERTAINTY_ASSIGNED_CONTEXT((#6701)) 
GLOBAL_UNIT_ASSIGNED_CONTEXT((#6698,#6699,#6700)) REPRESENTATION_CONTEXT
('Context #1','3D Context with UNIT and UNCERTAINTY') );
#6698 = ( LENGTH_UNIT() NAMED_UNIT(*) SI_UNIT(.MILLI.,.METRE.) );
#6699 = ( NAMED_UNIT(*) PLANE_ANGLE_UNIT() SI_UNIT($,.RADIAN.) );
#6700 = ( NAMED_UNIT(*) SI_UNIT($,.STERADIAN.) SOLID_ANGLE_UNIT() );
#6701 = UNCERTAINTY_MEASURE_WITH_UNIT(LENGTH_MEASURE(1.E-07),#6698,
  'distance_accuracy_value','confusion accuracy');
#6702 = CONTEXT_DEPENDENT_SHAPE_REPRESENTATION(#6703,#6705);
#6703 = ( REPRESENTATION_RELATIONSHIP('','',#6546,#6334) 
REPRESENTATION_RELATIONSHIP_WITH_TRANSFORMATION(#6704) 
SHAPE_REPRESENTATION_RELATIONSHIP() );
#6704 = ITEM_DEFINED_TRANSFORMATION('','',#11,#6339);
#6705 = PRODUCT_DEFINITION_SHAPE('Placement','Placement of an item',
  #6706);
#6706 = NEXT_ASSEMBLY_USAGE_OCCURRENCE('21','=>[0:1:1:23]','',#6329,
  #6541,$);
#6707 = PRODUCT_RELATED_PRODUCT_CATEGORY('part',$,(#6543));
#6708 = SHAPE_DEFINITION_REPRESENTATION(#6709,#6715);
#6709 = PRODUCT_DEFINITION_SHAPE('','',#6710);
#6710 = PRODUCT_DEFINITION('design','',#6711,#6714);
#6711 = PRODUCT_DEFINITION_FORMATION('','',#6712);
#6712 = PRODUCT('SOLID','SOLID','',(#6713));
#6713 = PRODUCT_CONTEXT('',#2,'mechanical');
#6714 = PRODUCT_DEFINITION_CONTEXT('part definition',#2,'design');
#6715 = ADVANCED_BREP_SHAPE_REPRESENTATION('',(#11,#6716),#6866);
#6716 = MANIFOLD_SOLID_BREP('',#6717);
#6717 = CLOSED_SHELL('',(#6718,#6758,#6789,#6813,#6837,#6854));
#6718 = ADVANCED_FACE('',(#6719),#6753,.F.);
#6719 = FACE_BOUND('',#6720,.F.);
#6720 = EDGE_LOOP('',(#6721,#6731,#6739,#6747));
#6721 = ORIENTED_EDGE('',*,*,#6722,.T.);
#6722 = EDGE_CURVE('',#6723,#6725,#6727,.T.);
#6723 = VERTEX_POINT('',#6724);
#6724 = CARTESIAN_POINT('',(-0.6,0.,-0.8));
#6725 = VERTEX_POINT('',#6726);
#6726 = CARTESIAN_POINT('',(-0.6,0.,-0.5));
#6727 = LINE('',#6728,#6729);
#6728 = CARTESIAN_POINT('',(-0.6,0.,-0.8));
#6729 = VECTOR('',#6730,1.);
#6730 = DIRECTION('',(0.,0.,1.));
#6731 = ORIENTED_EDGE('',*,*,#6732,.T.);
#6732 = EDGE_CURVE('',#6725,#6733,#6735,.T.);
#6733 = VERTEX_POINT('',#6734);
#6734 = CARTESIAN_POINT('',(-0.4,0.,-0.5));
#6735 = LINE('',#6736,#6737);
#6736 = CARTESIAN_POINT('',(-0.6,0.,-0.5));
#6737 = VECTOR('',#6738,1.);
#6738 = DIRECTION('',(1.,0.,0.));
#6739 = ORIENTED_EDGE('',*,*,#6740,.T.);
#6740 = EDGE_CURVE('',#6733,#6741,#6743,.T.);
#6741 = VERTEX_POINT('',#6742);
#6742 = CARTESIAN_POINT('',(-0.4,0.,-0.8));
#6743 = LINE('',#6744,#6745);
#6744 = CARTESIAN_POINT('',(-0.4,0.,-0.5));
#6745 = VECTOR('',#6746,1.);
#6746 = DIRECTION('',(0.,0.,-1.));
#6747 = ORIENTED_EDGE('',*,*,#6748,.T.);
#6748 = EDGE_CURVE('',#6741,#6723,#6749,.T.);
#6749 = LINE('',#6750,#6751);
#6750 = CARTESIAN_POINT('',(-0.4,0.,-0.8));
#6751 = VECTOR('',#6752,1.);
#6752 = DIRECTION('',(-1.,0.,0.));
#6753 = PLANE('',#6754);
#6754 = AXIS2_PLACEMENT_3D('',#6755,#6756,#6757);
#6755 = CARTESIAN_POINT('',(0.,0.,0.));
#6756 = DIRECTION('',(0.,1.,0.));
#6757 = DIRECTION('',(1.,0.,0.));
#6758 = ADVANCED_FACE('',(#6759),#6784,.T.);
#6759 = FACE_BOUND('',#6760,.F.);
#6760 = EDGE_LOOP('',(#6761,#6762,#6770,#6778));
#6761 = ORIENTED_EDGE('',*,*,#6722,.F.);
#6762 = ORIENTED_EDGE('',*,*,#6763,.T.);
#6763 = EDGE_CURVE('',#6723,#6764,#6766,.T.);
#6764 = VERTEX_POINT('',#6765);
#6765 = CARTESIAN_POINT('',(-0.6,0.13,-0.8));
#6766 = LINE('',#6767,#6768);
#6767 = CARTESIAN_POINT('',(-0.6,0.,-0.8));
#6768 = VECTOR('',#6769,1.);
#6769 = DIRECTION('',(0.,1.,0.));
#6770 = ORIENTED_EDGE('',*,*,#6771,.T.);
#6771 = EDGE_CURVE('',#6764,#6772,#6774,.T.);
#6772 = VERTEX_POINT('',#6773);
#6773 = CARTESIAN_POINT('',(-0.6,0.13,-0.5));
#6774 = LINE('',#6775,#6776);
#6775 = CARTESIAN_POINT('',(-0.6,0.13,-0.8));
#6776 = VECTOR('',#6777,1.);
#6777 = DIRECTION('',(0.,0.,1.));
#6778 = ORIENTED_EDGE('',*,*,#6779,.F.);
#6779 = EDGE_CURVE('',#6725,#6772,#6780,.T.);
#6780 = LINE('',#6781,#6782);
#6781 = CARTESIAN_POINT('',(-0.6,0.,-0.5));
#6782 = VECTOR('',#6783,1.);
#6783 = DIRECTION('',(0.,1.,0.));
#6784 = PLANE('',#6785);
#6785 = AXIS2_PLACEMENT_3D('',#6786,#6787,#6788);
#6786 = CARTESIAN_POINT('',(-0.6,0.,-0.8));
#6787 = DIRECTION('',(-1.,0.,0.));
#6788 = DIRECTION('',(0.,0.,1.));
#6789 = ADVANCED_FACE('',(#6790),#6808,.T.);
#6790 = FACE_BOUND('',#6791,.F.);
#6791 = EDGE_LOOP('',(#6792,#6793,#6801,#6807));
#6792 = ORIENTED_EDGE('',*,*,#6748,.F.);
#6793 = ORIENTED_EDGE('',*,*,#6794,.T.);
#6794 = EDGE_CURVE('',#6741,#6795,#6797,.T.);
#6795 = VERTEX_POINT('',#6796);
#6796 = CARTESIAN_POINT('',(-0.4,0.13,-0.8));
#6797 = LINE('',#6798,#6799);
#6798 = CARTESIAN_POINT('',(-0.4,0.,-0.8));
#6799 = VECTOR('',#6800,1.);
#6800 = DIRECTION('',(0.,1.,0.));
#6801 = ORIENTED_EDGE('',*,*,#6802,.T.);
#6802 = EDGE_CURVE('',#6795,#6764,#6803,.T.);
#6803 = LINE('',#6804,#6805);
#6804 = CARTESIAN_POINT('',(-0.4,0.13,-0.8));
#6805 = VECTOR('',#6806,1.);
#6806 = DIRECTION('',(-1.,0.,0.));
#6807 = ORIENTED_EDGE('',*,*,#6763,.F.);
#6808 = PLANE('',#6809);
#6809 = AXIS2_PLACEMENT_3D('',#6810,#6811,#6812);
#6810 = CARTESIAN_POINT('',(-0.4,0.,-0.8));
#6811 = DIRECTION('',(0.,0.,-1.));
#6812 = DIRECTION('',(-1.,0.,0.));
#6813 = ADVANCED_FACE('',(#6814),#6832,.T.);
#6814 = FACE_BOUND('',#6815,.F.);
#6815 = EDGE_LOOP('',(#6816,#6817,#6825,#6831));
#6816 = ORIENTED_EDGE('',*,*,#6740,.F.);
#6817 = ORIENTED_EDGE('',*,*,#6818,.T.);
#6818 = EDGE_CURVE('',#6733,#6819,#6821,.T.);
#6819 = VERTEX_POINT('',#6820);
#6820 = CARTESIAN_POINT('',(-0.4,0.13,-0.5));
#6821 = LINE('',#6822,#6823);
#6822 = CARTESIAN_POINT('',(-0.4,0.,-0.5));
#6823 = VECTOR('',#6824,1.);
#6824 = DIRECTION('',(0.,1.,0.));
#6825 = ORIENTED_EDGE('',*,*,#6826,.T.);
#6826 = EDGE_CURVE('',#6819,#6795,#6827,.T.);
#6827 = LINE('',#6828,#6829);
#6828 = CARTESIAN_POINT('',(-0.4,0.13,-0.5));
#6829 = VECTOR('',#6830,1.);
#6830 = DIRECTION('',(0.,0.,-1.));
#6831 = ORIENTED_EDGE('',*,*,#6794,.F.);
#6832 = PLANE('',#6833);
#6833 = AXIS2_PLACEMENT_3D('',#6834,#6835,#6836);
#6834 = CARTESIAN_POINT('',(-0.4,0.,-0.5));
#6835 = DIRECTION('',(1.,0.,0.));
#6836 = DIRECTION('',(0.,0.,-1.));
#6837 = ADVANCED_FACE('',(#6838),#6849,.T.);
#6838 = FACE_BOUND('',#6839,.F.);
#6839 = EDGE_LOOP('',(#6840,#6841,#6842,#6848));
#6840 = ORIENTED_EDGE('',*,*,#6732,.F.);
#6841 = ORIENTED_EDGE('',*,*,#6779,.T.);
#6842 = ORIENTED_EDGE('',*,*,#6843,.T.);
#6843 = EDGE_CURVE('',#6772,#6819,#6844,.T.);
#6844 = LINE('',#6845,#6846);
#6845 = CARTESIAN_POINT('',(-0.6,0.13,-0.5));
#6846 = VECTOR('',#6847,1.);
#6847 = DIRECTION('',(1.,0.,0.));
#6848 = ORIENTED_EDGE('',*,*,#6818,.F.);
#6849 = PLANE('',#6850);
#6850 = AXIS2_PLACEMENT_3D('',#6851,#6852,#6853);
#6851 = CARTESIAN_POINT('',(-0.6,0.,-0.5));
#6852 = DIRECTION('',(0.,0.,1.));
#6853 = DIRECTION('',(1.,0.,-0.));
#6854 = ADVANCED_FACE('',(#6855),#6861,.T.);
#6855 = FACE_BOUND('',#6856,.F.);
#6856 = EDGE_LOOP('',(#6857,#6858,#6859,#6860));
#6857 = ORIENTED_EDGE('',*,*,#6771,.F.);
#6858 = ORIENTED_EDGE('',*,*,#6802,.F.);
#6859 = ORIENTED_EDGE('',*,*,#6826,.F.);
#6860 = ORIENTED_EDGE('',*,*,#6843,.F.);
#6861 = PLANE('',#6862);
#6862 = AXIS2_PLACEMENT_3D('',#6863,#6864,#6865);
#6863 = CARTESIAN_POINT('',(0.,0.13,0.));
#6864 = DIRECTION('',(0.,1.,0.));
#6865 = DIRECTION('',(1.,0.,0.));
#6866 = ( GEOMETRIC_REPRESENTATION_CONTEXT(3) 
GLOBAL_UNCERTAINTY_ASSIGNED_CONTEXT((#6870)) 
GLOBAL_UNIT_ASSIGNED_CONTEXT((#6867,#6868,#6869)) REPRESENTATION_CONTEXT
('Context #1','3D Context with UNIT and UNCERTAINTY') );
#6867 = ( LENGTH_UNIT() NAMED_UNIT(*) SI_UNIT(.MILLI.,.METRE.) );
#6868 = ( NAMED_UNIT(*) PLANE_ANGLE_UNIT() SI_UNIT($,.RADIAN.) );
#6869 = ( NAMED_UNIT(*) SI_UNIT($,.STERADIAN.) SOLID_ANGLE_UNIT() );
#6870 = UNCERTAINTY_MEASURE_WITH_UNIT(LENGTH_MEASURE(1.E-07),#6867,
  'distance_accuracy_value','confusion accuracy');
#6871 = CONTEXT_DEPENDENT_SHAPE_REPRESENTATION(#6872,#6874);
#6872 = ( REPRESENTATION_RELATIONSHIP('','',#6715,#6334) 
REPRESENTATION_RELATIONSHIP_WITH_TRANSFORMATION(#6873) 
SHAPE_REPRESENTATION_RELATIONSHIP() );
#6873 = ITEM_DEFINED_TRANSFORMATION('','',#11,#6343);
#6874 = PRODUCT_DEFINITION_SHAPE('Placement','Placement of an item',
  #6875);
#6875 = NEXT_ASSEMBLY_USAGE_OCCURRENCE('22','=>[0:1:1:24]','',#6329,
  #6710,$);
#6876 = PRODUCT_RELATED_PRODUCT_CATEGORY('part',$,(#6712));
#6877 = SHAPE_DEFINITION_REPRESENTATION(#6878,#6884);
#6878 = PRODUCT_DEFINITION_SHAPE('','',#6879);
#6879 = PRODUCT_DEFINITION('design','',#6880,#6883);
#6880 = PRODUCT_DEFINITION_FORMATION('','',#6881);
#6881 = PRODUCT('SOLID','SOLID','',(#6882));
#6882 = PRODUCT_CONTEXT('',#2,'mechanical');
#6883 = PRODUCT_DEFINITION_CONTEXT('part definition',#2,'design');
#6884 = ADVANCED_BREP_SHAPE_REPRESENTATION('',(#11,#6885),#7035);
#6885 = MANIFOLD_SOLID_BREP('',#6886);
#6886 = CLOSED_SHELL('',(#6887,#6927,#6958,#6982,#7006,#7023));
#6887 = ADVANCED_FACE('',(#6888),#6922,.T.);
#6888 = FACE_BOUND('',#6889,.F.);
#6889 = EDGE_LOOP('',(#6890,#6900,#6908,#6916));
#6890 = ORIENTED_EDGE('',*,*,#6891,.F.);
#6891 = EDGE_CURVE('',#6892,#6894,#6896,.T.);
#6892 = VERTEX_POINT('',#6893);
#6893 = CARTESIAN_POINT('',(0.4,0.,0.8));
#6894 = VERTEX_POINT('',#6895);
#6895 = CARTESIAN_POINT('',(0.4,0.,0.5));
#6896 = LINE('',#6897,#6898);
#6897 = CARTESIAN_POINT('',(0.4,0.,0.8));
#6898 = VECTOR('',#6899,1.);
#6899 = DIRECTION('',(0.,0.,-1.));
#6900 = ORIENTED_EDGE('',*,*,#6901,.F.);
#6901 = EDGE_CURVE('',#6902,#6892,#6904,.T.);
#6902 = VERTEX_POINT('',#6903);
#6903 = CARTESIAN_POINT('',(0.6,0.,0.8));
#6904 = LINE('',#6905,#6906);
#6905 = CARTESIAN_POINT('',(0.6,0.,0.8));
#6906 = VECTOR('',#6907,1.);
#6907 = DIRECTION('',(-1.,0.,0.));
#6908 = ORIENTED_EDGE('',*,*,#6909,.F.);
#6909 = EDGE_CURVE('',#6910,#6902,#6912,.T.);
#6910 = VERTEX_POINT('',#6911);
#6911 = CARTESIAN_POINT('',(0.6,0.,0.5));
#6912 = LINE('',#6913,#6914);
#6913 = CARTESIAN_POINT('',(0.6,0.,0.5));
#6914 = VECTOR('',#6915,1.);
#6915 = DIRECTION('',(0.,0.,1.));
#6916 = ORIENTED_EDGE('',*,*,#6917,.F.);
#6917 = EDGE_CURVE('',#6894,#6910,#6918,.T.);
#6918 = LINE('',#6919,#6920);
#6919 = CARTESIAN_POINT('',(0.4,0.,0.5));
#6920 = VECTOR('',#6921,1.);
#6921 = DIRECTION('',(1.,0.,0.));
#6922 = PLANE('',#6923);
#6923 = AXIS2_PLACEMENT_3D('',#6924,#6925,#6926);
#6924 = CARTESIAN_POINT('',(0.,0.,0.));
#6925 = DIRECTION('',(0.,-1.,0.));
#6926 = DIRECTION('',(1.,0.,0.));
#6927 = ADVANCED_FACE('',(#6928),#6953,.F.);
#6928 = FACE_BOUND('',#6929,.F.);
#6929 = EDGE_LOOP('',(#6930,#6931,#6939,#6947));
#6930 = ORIENTED_EDGE('',*,*,#6891,.T.);
#6931 = ORIENTED_EDGE('',*,*,#6932,.T.);
#6932 = EDGE_CURVE('',#6894,#6933,#6935,.T.);
#6933 = VERTEX_POINT('',#6934);
#6934 = CARTESIAN_POINT('',(0.4,0.13,0.5));
#6935 = LINE('',#6936,#6937);
#6936 = CARTESIAN_POINT('',(0.4,0.,0.5));
#6937 = VECTOR('',#6938,1.);
#6938 = DIRECTION('',(0.,1.,0.));
#6939 = ORIENTED_EDGE('',*,*,#6940,.F.);
#6940 = EDGE_CURVE('',#6941,#6933,#6943,.T.);
#6941 = VERTEX_POINT('',#6942);
#6942 = CARTESIAN_POINT('',(0.4,0.13,0.8));
#6943 = LINE('',#6944,#6945);
#6944 = CARTESIAN_POINT('',(0.4,0.13,0.8));
#6945 = VECTOR('',#6946,1.);
#6946 = DIRECTION('',(0.,0.,-1.));
#6947 = ORIENTED_EDGE('',*,*,#6948,.F.);
#6948 = EDGE_CURVE('',#6892,#6941,#6949,.T.);
#6949 = LINE('',#6950,#6951);
#6950 = CARTESIAN_POINT('',(0.4,0.,0.8));
#6951 = VECTOR('',#6952,1.);
#6952 = DIRECTION('',(0.,1.,0.));
#6953 = PLANE('',#6954);
#6954 = AXIS2_PLACEMENT_3D('',#6955,#6956,#6957);
#6955 = CARTESIAN_POINT('',(0.4,0.,0.8));
#6956 = DIRECTION('',(1.,0.,0.));
#6957 = DIRECTION('',(0.,0.,-1.));
#6958 = ADVANCED_FACE('',(#6959),#6977,.F.);
#6959 = FACE_BOUND('',#6960,.F.);
#6960 = EDGE_LOOP('',(#6961,#6962,#6970,#6976));
#6961 = ORIENTED_EDGE('',*,*,#6917,.T.);
#6962 = ORIENTED_EDGE('',*,*,#6963,.T.);
#6963 = EDGE_CURVE('',#6910,#6964,#6966,.T.);
#6964 = VERTEX_POINT('',#6965);
#6965 = CARTESIAN_POINT('',(0.6,0.13,0.5));
#6966 = LINE('',#6967,#6968);
#6967 = CARTESIAN_POINT('',(0.6,0.,0.5));
#6968 = VECTOR('',#6969,1.);
#6969 = DIRECTION('',(0.,1.,0.));
#6970 = ORIENTED_EDGE('',*,*,#6971,.F.);
#6971 = EDGE_CURVE('',#6933,#6964,#6972,.T.);
#6972 = LINE('',#6973,#6974);
#6973 = CARTESIAN_POINT('',(0.4,0.13,0.5));
#6974 = VECTOR('',#6975,1.);
#6975 = DIRECTION('',(1.,0.,0.));
#6976 = ORIENTED_EDGE('',*,*,#6932,.F.);
#6977 = PLANE('',#6978);
#6978 = AXIS2_PLACEMENT_3D('',#6979,#6980,#6981);
#6979 = CARTESIAN_POINT('',(0.4,0.,0.5));
#6980 = DIRECTION('',(0.,0.,1.));
#6981 = DIRECTION('',(1.,0.,-0.));
#6982 = ADVANCED_FACE('',(#6983),#7001,.F.);
#6983 = FACE_BOUND('',#6984,.F.);
#6984 = EDGE_LOOP('',(#6985,#6986,#6994,#7000));
#6985 = ORIENTED_EDGE('',*,*,#6909,.T.);
#6986 = ORIENTED_EDGE('',*,*,#6987,.T.);
#6987 = EDGE_CURVE('',#6902,#6988,#6990,.T.);
#6988 = VERTEX_POINT('',#6989);
#6989 = CARTESIAN_POINT('',(0.6,0.13,0.8));
#6990 = LINE('',#6991,#6992);
#6991 = CARTESIAN_POINT('',(0.6,0.,0.8));
#6992 = VECTOR('',#6993,1.);
#6993 = DIRECTION('',(0.,1.,0.));
#6994 = ORIENTED_EDGE('',*,*,#6995,.F.);
#6995 = EDGE_CURVE('',#6964,#6988,#6996,.T.);
#6996 = LINE('',#6997,#6998);
#6997 = CARTESIAN_POINT('',(0.6,0.13,0.5));
#6998 = VECTOR('',#6999,1.);
#6999 = DIRECTION('',(0.,0.,1.));
#7000 = ORIENTED_EDGE('',*,*,#6963,.F.);
#7001 = PLANE('',#7002);
#7002 = AXIS2_PLACEMENT_3D('',#7003,#7004,#7005);
#7003 = CARTESIAN_POINT('',(0.6,0.,0.5));
#7004 = DIRECTION('',(-1.,0.,0.));
#7005 = DIRECTION('',(0.,0.,1.));
#7006 = ADVANCED_FACE('',(#7007),#7018,.F.);
#7007 = FACE_BOUND('',#7008,.F.);
#7008 = EDGE_LOOP('',(#7009,#7010,#7011,#7017));
#7009 = ORIENTED_EDGE('',*,*,#6901,.T.);
#7010 = ORIENTED_EDGE('',*,*,#6948,.T.);
#7011 = ORIENTED_EDGE('',*,*,#7012,.F.);
#7012 = EDGE_CURVE('',#6988,#6941,#7013,.T.);
#7013 = LINE('',#7014,#7015);
#7014 = CARTESIAN_POINT('',(0.6,0.13,0.8));
#7015 = VECTOR('',#7016,1.);
#7016 = DIRECTION('',(-1.,0.,0.));
#7017 = ORIENTED_EDGE('',*,*,#6987,.F.);
#7018 = PLANE('',#7019);
#7019 = AXIS2_PLACEMENT_3D('',#7020,#7021,#7022);
#7020 = CARTESIAN_POINT('',(0.6,0.,0.8));
#7021 = DIRECTION('',(0.,0.,-1.));
#7022 = DIRECTION('',(-1.,0.,0.));
#7023 = ADVANCED_FACE('',(#7024),#7030,.F.);
#7024 = FACE_BOUND('',#7025,.F.);
#7025 = EDGE_LOOP('',(#7026,#7027,#7028,#7029));
#7026 = ORIENTED_EDGE('',*,*,#6940,.T.);
#7027 = ORIENTED_EDGE('',*,*,#6971,.T.);
#7028 = ORIENTED_EDGE('',*,*,#6995,.T.);
#7029 = ORIENTED_EDGE('',*,*,#7012,.T.);
#7030 = PLANE('',#7031);
#7031 = AXIS2_PLACEMENT_3D('',#7032,#7033,#7034);
#7032 = CARTESIAN_POINT('',(0.,0.13,0.));
#7033 = DIRECTION('',(0.,-1.,0.));
#7034 = DIRECTION('',(1.,0.,0.));
#7035 = ( GEOMETRIC_REPRESENTATION_CONTEXT(3) 
GLOBAL_UNCERTAINTY_ASSIGNED_CONTEXT((#7039)) 
GLOBAL_UNIT_ASSIGNED_CONTEXT((#7036,#7037,#7038)) REPRESENTATION_CONTEXT
('Context #1','3D Context with UNIT and UNCERTAINTY') );
#7036 = ( LENGTH_UNIT() NAMED_UNIT(*) SI_UNIT(.MILLI.,.METRE.) );
#7037 = ( NAMED_UNIT(*) PLANE_ANGLE_UNIT() SI_UNIT($,.RADIAN.) );
#7038 = ( NAMED_UNIT(*) SI_UNIT($,.STERADIAN.) SOLID_ANGLE_UNIT() );
#7039 = UNCERTAINTY_MEASURE_WITH_UNIT(LENGTH_MEASURE(1.E-07),#7036,
  'distance_accuracy_value','confusion accuracy');
#7040 = CONTEXT_DEPENDENT_SHAPE_REPRESENTATION(#7041,#7043);
#7041 = ( REPRESENTATION_RELATIONSHIP('','',#6884,#6334) 
REPRESENTATION_RELATIONSHIP_WITH_TRANSFORMATION(#7042) 
SHAPE_REPRESENTATION_RELATIONSHIP() );
#7042 = ITEM_DEFINED_TRANSFORMATION('','',#11,#6347);
#7043 = PRODUCT_DEFINITION_SHAPE('Placement','Placement of an item',
  #7044);
#7044 = NEXT_ASSEMBLY_USAGE_OCCURRENCE('23','=>[0:1:1:25]','',#6329,
  #6879,$);
#7045 = PRODUCT_RELATED_PRODUCT_CATEGORY('part',$,(#6881));
#7046 = SHAPE_DEFINITION_REPRESENTATION(#7047,#7053);
#7047 = PRODUCT_DEFINITION_SHAPE('','',#7048);
#7048 = PRODUCT_DEFINITION('design','',#7049,#7052);
#7049 = PRODUCT_DEFINITION_FORMATION('','',#7050);
#7050 = PRODUCT('SOLID','SOLID','',(#7051));
#7051 = PRODUCT_CONTEXT('',#2,'mechanical');
#7052 = PRODUCT_DEFINITION_CONTEXT('part definition',#2,'design');
#7053 = ADVANCED_BREP_SHAPE_REPRESENTATION('',(#11,#7054),#7204);
#7054 = MANIFOLD_SOLID_BREP('',#7055);
#7055 = CLOSED_SHELL('',(#7056,#7096,#7127,#7151,#7175,#7192));
#7056 = ADVANCED_FACE('',(#7057),#7091,.T.);
#7057 = FACE_BOUND('',#7058,.F.);
#7058 = EDGE_LOOP('',(#7059,#7069,#7077,#7085));
#7059 = ORIENTED_EDGE('',*,*,#7060,.F.);
#7060 = EDGE_CURVE('',#7061,#7063,#7065,.T.);
#7061 = VERTEX_POINT('',#7062);
#7062 = CARTESIAN_POINT('',(-0.1,0.,0.8));
#7063 = VERTEX_POINT('',#7064);
#7064 = CARTESIAN_POINT('',(-0.1,0.,0.5));
#7065 = LINE('',#7066,#7067);
#7066 = CARTESIAN_POINT('',(-0.1,0.,0.8));
#7067 = VECTOR('',#7068,1.);
#7068 = DIRECTION('',(0.,0.,-1.));
#7069 = ORIENTED_EDGE('',*,*,#7070,.F.);
#7070 = EDGE_CURVE('',#7071,#7061,#7073,.T.);
#7071 = VERTEX_POINT('',#7072);
#7072 = CARTESIAN_POINT('',(0.1,0.,0.8));
#7073 = LINE('',#7074,#7075);
#7074 = CARTESIAN_POINT('',(0.1,0.,0.8));
#7075 = VECTOR('',#7076,1.);
#7076 = DIRECTION('',(-1.,0.,0.));
#7077 = ORIENTED_EDGE('',*,*,#7078,.F.);
#7078 = EDGE_CURVE('',#7079,#7071,#7081,.T.);
#7079 = VERTEX_POINT('',#7080);
#7080 = CARTESIAN_POINT('',(0.1,0.,0.5));
#7081 = LINE('',#7082,#7083);
#7082 = CARTESIAN_POINT('',(0.1,0.,0.5));
#7083 = VECTOR('',#7084,1.);
#7084 = DIRECTION('',(0.,0.,1.));
#7085 = ORIENTED_EDGE('',*,*,#7086,.F.);
#7086 = EDGE_CURVE('',#7063,#7079,#7087,.T.);
#7087 = LINE('',#7088,#7089);
#7088 = CARTESIAN_POINT('',(-0.1,0.,0.5));
#7089 = VECTOR('',#7090,1.);
#7090 = DIRECTION('',(1.,0.,0.));
#7091 = PLANE('',#7092);
#7092 = AXIS2_PLACEMENT_3D('',#7093,#7094,#7095);
#7093 = CARTESIAN_POINT('',(0.,0.,0.));
#7094 = DIRECTION('',(0.,-1.,0.));
#7095 = DIRECTION('',(1.,0.,0.));
#7096 = ADVANCED_FACE('',(#7097),#7122,.F.);
#7097 = FACE_BOUND('',#7098,.F.);
#7098 = EDGE_LOOP('',(#7099,#7100,#7108,#7116));
#7099 = ORIENTED_EDGE('',*,*,#7060,.T.);
#7100 = ORIENTED_EDGE('',*,*,#7101,.T.);
#7101 = EDGE_CURVE('',#7063,#7102,#7104,.T.);
#7102 = VERTEX_POINT('',#7103);
#7103 = CARTESIAN_POINT('',(-0.1,0.13,0.5));
#7104 = LINE('',#7105,#7106);
#7105 = CARTESIAN_POINT('',(-0.1,0.,0.5));
#7106 = VECTOR('',#7107,1.);
#7107 = DIRECTION('',(0.,1.,0.));
#7108 = ORIENTED_EDGE('',*,*,#7109,.F.);
#7109 = EDGE_CURVE('',#7110,#7102,#7112,.T.);
#7110 = VERTEX_POINT('',#7111);
#7111 = CARTESIAN_POINT('',(-0.1,0.13,0.8));
#7112 = LINE('',#7113,#7114);
#7113 = CARTESIAN_POINT('',(-0.1,0.13,0.8));
#7114 = VECTOR('',#7115,1.);
#7115 = DIRECTION('',(0.,0.,-1.));
#7116 = ORIENTED_EDGE('',*,*,#7117,.F.);
#7117 = EDGE_CURVE('',#7061,#7110,#7118,.T.);
#7118 = LINE('',#7119,#7120);
#7119 = CARTESIAN_POINT('',(-0.1,0.,0.8));
#7120 = VECTOR('',#7121,1.);
#7121 = DIRECTION('',(0.,1.,0.));
#7122 = PLANE('',#7123);
#7123 = AXIS2_PLACEMENT_3D('',#7124,#7125,#7126);
#7124 = CARTESIAN_POINT('',(-0.1,0.,0.8));
#7125 = DIRECTION('',(1.,0.,0.));
#7126 = DIRECTION('',(0.,0.,-1.));
#7127 = ADVANCED_FACE('',(#7128),#7146,.F.);
#7128 = FACE_BOUND('',#7129,.F.);
#7129 = EDGE_LOOP('',(#7130,#7131,#7139,#7145));
#7130 = ORIENTED_EDGE('',*,*,#7086,.T.);
#7131 = ORIENTED_EDGE('',*,*,#7132,.T.);
#7132 = EDGE_CURVE('',#7079,#7133,#7135,.T.);
#7133 = VERTEX_POINT('',#7134);
#7134 = CARTESIAN_POINT('',(0.1,0.13,0.5));
#7135 = LINE('',#7136,#7137);
#7136 = CARTESIAN_POINT('',(0.1,0.,0.5));
#7137 = VECTOR('',#7138,1.);
#7138 = DIRECTION('',(0.,1.,0.));
#7139 = ORIENTED_EDGE('',*,*,#7140,.F.);
#7140 = EDGE_CURVE('',#7102,#7133,#7141,.T.);
#7141 = LINE('',#7142,#7143);
#7142 = CARTESIAN_POINT('',(-0.1,0.13,0.5));
#7143 = VECTOR('',#7144,1.);
#7144 = DIRECTION('',(1.,0.,0.));
#7145 = ORIENTED_EDGE('',*,*,#7101,.F.);
#7146 = PLANE('',#7147);
#7147 = AXIS2_PLACEMENT_3D('',#7148,#7149,#7150);
#7148 = CARTESIAN_POINT('',(-0.1,0.,0.5));
#7149 = DIRECTION('',(0.,0.,1.));
#7150 = DIRECTION('',(1.,0.,-0.));
#7151 = ADVANCED_FACE('',(#7152),#7170,.F.);
#7152 = FACE_BOUND('',#7153,.F.);
#7153 = EDGE_LOOP('',(#7154,#7155,#7163,#7169));
#7154 = ORIENTED_EDGE('',*,*,#7078,.T.);
#7155 = ORIENTED_EDGE('',*,*,#7156,.T.);
#7156 = EDGE_CURVE('',#7071,#7157,#7159,.T.);
#7157 = VERTEX_POINT('',#7158);
#7158 = CARTESIAN_POINT('',(0.1,0.13,0.8));
#7159 = LINE('',#7160,#7161);
#7160 = CARTESIAN_POINT('',(0.1,0.,0.8));
#7161 = VECTOR('',#7162,1.);
#7162 = DIRECTION('',(0.,1.,0.));
#7163 = ORIENTED_EDGE('',*,*,#7164,.F.);
#7164 = EDGE_CURVE('',#7133,#7157,#7165,.T.);
#7165 = LINE('',#7166,#7167);
#7166 = CARTESIAN_POINT('',(0.1,0.13,0.5));
#7167 = VECTOR('',#7168,1.);
#7168 = DIRECTION('',(0.,0.,1.));
#7169 = ORIENTED_EDGE('',*,*,#7132,.F.);
#7170 = PLANE('',#7171);
#7171 = AXIS2_PLACEMENT_3D('',#7172,#7173,#7174);
#7172 = CARTESIAN_POINT('',(0.1,0.,0.5));
#7173 = DIRECTION('',(-1.,0.,0.));
#7174 = DIRECTION('',(0.,0.,1.));
#7175 = ADVANCED_FACE('',(#7176),#7187,.F.);
#7176 = FACE_BOUND('',#7177,.F.);
#7177 = EDGE_LOOP('',(#7178,#7179,#7180,#7186));
#7178 = ORIENTED_EDGE('',*,*,#7070,.T.);
#7179 = ORIENTED_EDGE('',*,*,#7117,.T.);
#7180 = ORIENTED_EDGE('',*,*,#7181,.F.);
#7181 = EDGE_CURVE('',#7157,#7110,#7182,.T.);
#7182 = LINE('',#7183,#7184);
#7183 = CARTESIAN_POINT('',(0.1,0.13,0.8));
#7184 = VECTOR('',#7185,1.);
#7185 = DIRECTION('',(-1.,0.,0.));
#7186 = ORIENTED_EDGE('',*,*,#7156,.F.);
#7187 = PLANE('',#7188);
#7188 = AXIS2_PLACEMENT_3D('',#7189,#7190,#7191);
#7189 = CARTESIAN_POINT('',(0.1,0.,0.8));
#7190 = DIRECTION('',(0.,0.,-1.));
#7191 = DIRECTION('',(-1.,0.,0.));
#7192 = ADVANCED_FACE('',(#7193),#7199,.F.);
#7193 = FACE_BOUND('',#7194,.F.);
#7194 = EDGE_LOOP('',(#7195,#7196,#7197,#7198));
#7195 = ORIENTED_EDGE('',*,*,#7109,.T.);
#7196 = ORIENTED_EDGE('',*,*,#7140,.T.);
#7197 = ORIENTED_EDGE('',*,*,#7164,.T.);
#7198 = ORIENTED_EDGE('',*,*,#7181,.T.);
#7199 = PLANE('',#7200);
#7200 = AXIS2_PLACEMENT_3D('',#7201,#7202,#7203);
#7201 = CARTESIAN_POINT('',(0.,0.13,0.));
#7202 = DIRECTION('',(0.,-1.,0.));
#7203 = DIRECTION('',(1.,0.,0.));
#7204 = ( GEOMETRIC_REPRESENTATION_CONTEXT(3) 
GLOBAL_UNCERTAINTY_ASSIGNED_CONTEXT((#7208)) 
GLOBAL_UNIT_ASSIGNED_CONTEXT((#7205,#7206,#7207)) REPRESENTATION_CONTEXT
('Context #1','3D Context with UNIT and UNCERTAINTY') );
#7205 = ( LENGTH_UNIT() NAMED_UNIT(*) SI_UNIT(.MILLI.,.METRE.) );
#7206 = ( NAMED_UNIT(*) PLANE_ANGLE_UNIT() SI_UNIT($,.RADIAN.) );
#7207 = ( NAMED_UNIT(*) SI_UNIT($,.STERADIAN.) SOLID_ANGLE_UNIT() );
#7208 = UNCERTAINTY_MEASURE_WITH_UNIT(LENGTH_MEASURE(1.E-07),#7205,
  'distance_accuracy_value','confusion accuracy');
#7209 = CONTEXT_DEPENDENT_SHAPE_REPRESENTATION(#7210,#7212);
#7210 = ( REPRESENTATION_RELATIONSHIP('','',#7053,#6334) 
REPRESENTATION_RELATIONSHIP_WITH_TRANSFORMATION(#7211) 
SHAPE_REPRESENTATION_RELATIONSHIP() );
#7211 = ITEM_DEFINED_TRANSFORMATION('','',#11,#6351);
#7212 = PRODUCT_DEFINITION_SHAPE('Placement','Placement of an item',
  #7213);
#7213 = NEXT_ASSEMBLY_USAGE_OCCURRENCE('24','=>[0:1:1:26]','',#6329,
  #7048,$);
#7214 = PRODUCT_RELATED_PRODUCT_CATEGORY('part',$,(#7050));
#7215 = SHAPE_DEFINITION_REPRESENTATION(#7216,#7222);
#7216 = PRODUCT_DEFINITION_SHAPE('','',#7217);
#7217 = PRODUCT_DEFINITION('design','',#7218,#7221);
#7218 = PRODUCT_DEFINITION_FORMATION('','',#7219);
#7219 = PRODUCT('SOLID','SOLID','',(#7220));
#7220 = PRODUCT_CONTEXT('',#2,'mechanical');
#7221 = PRODUCT_DEFINITION_CONTEXT('part definition',#2,'design');
#7222 = ADVANCED_BREP_SHAPE_REPRESENTATION('',(#11,#7223),#7373);
#7223 = MANIFOLD_SOLID_BREP('',#7224);
#7224 = CLOSED_SHELL('',(#7225,#7265,#7296,#7320,#7344,#7361));
#7225 = ADVANCED_FACE('',(#7226),#7260,.T.);
#7226 = FACE_BOUND('',#7227,.F.);
#7227 = EDGE_LOOP('',(#7228,#7238,#7246,#7254));
#7228 = ORIENTED_EDGE('',*,*,#7229,.F.);
#7229 = EDGE_CURVE('',#7230,#7232,#7234,.T.);
#7230 = VERTEX_POINT('',#7231);
#7231 = CARTESIAN_POINT('',(-0.6,0.,0.8));
#7232 = VERTEX_POINT('',#7233);
#7233 = CARTESIAN_POINT('',(-0.6,0.,0.5));
#7234 = LINE('',#7235,#7236);
#7235 = CARTESIAN_POINT('',(-0.6,0.,0.8));
#7236 = VECTOR('',#7237,1.);
#7237 = DIRECTION('',(0.,0.,-1.));
#7238 = ORIENTED_EDGE('',*,*,#7239,.F.);
#7239 = EDGE_CURVE('',#7240,#7230,#7242,.T.);
#7240 = VERTEX_POINT('',#7241);
#7241 = CARTESIAN_POINT('',(-0.4,0.,0.8));
#7242 = LINE('',#7243,#7244);
#7243 = CARTESIAN_POINT('',(-0.4,0.,0.8));
#7244 = VECTOR('',#7245,1.);
#7245 = DIRECTION('',(-1.,0.,0.));
#7246 = ORIENTED_EDGE('',*,*,#7247,.F.);
#7247 = EDGE_CURVE('',#7248,#7240,#7250,.T.);
#7248 = VERTEX_POINT('',#7249);
#7249 = CARTESIAN_POINT('',(-0.4,0.,0.5));
#7250 = LINE('',#7251,#7252);
#7251 = CARTESIAN_POINT('',(-0.4,0.,0.5));
#7252 = VECTOR('',#7253,1.);
#7253 = DIRECTION('',(0.,0.,1.));
#7254 = ORIENTED_EDGE('',*,*,#7255,.F.);
#7255 = EDGE_CURVE('',#7232,#7248,#7256,.T.);
#7256 = LINE('',#7257,#7258);
#7257 = CARTESIAN_POINT('',(-0.6,0.,0.5));
#7258 = VECTOR('',#7259,1.);
#7259 = DIRECTION('',(1.,0.,0.));
#7260 = PLANE('',#7261);
#7261 = AXIS2_PLACEMENT_3D('',#7262,#7263,#7264);
#7262 = CARTESIAN_POINT('',(0.,0.,0.));
#7263 = DIRECTION('',(0.,-1.,0.));
#7264 = DIRECTION('',(1.,0.,0.));
#7265 = ADVANCED_FACE('',(#7266),#7291,.F.);
#7266 = FACE_BOUND('',#7267,.F.);
#7267 = EDGE_LOOP('',(#7268,#7269,#7277,#7285));
#7268 = ORIENTED_EDGE('',*,*,#7229,.T.);
#7269 = ORIENTED_EDGE('',*,*,#7270,.T.);
#7270 = EDGE_CURVE('',#7232,#7271,#7273,.T.);
#7271 = VERTEX_POINT('',#7272);
#7272 = CARTESIAN_POINT('',(-0.6,0.13,0.5));
#7273 = LINE('',#7274,#7275);
#7274 = CARTESIAN_POINT('',(-0.6,0.,0.5));
#7275 = VECTOR('',#7276,1.);
#7276 = DIRECTION('',(0.,1.,0.));
#7277 = ORIENTED_EDGE('',*,*,#7278,.F.);
#7278 = EDGE_CURVE('',#7279,#7271,#7281,.T.);
#7279 = VERTEX_POINT('',#7280);
#7280 = CARTESIAN_POINT('',(-0.6,0.13,0.8));
#7281 = LINE('',#7282,#7283);
#7282 = CARTESIAN_POINT('',(-0.6,0.13,0.8));
#7283 = VECTOR('',#7284,1.);
#7284 = DIRECTION('',(0.,0.,-1.));
#7285 = ORIENTED_EDGE('',*,*,#7286,.F.);
#7286 = EDGE_CURVE('',#7230,#7279,#7287,.T.);
#7287 = LINE('',#7288,#7289);
#7288 = CARTESIAN_POINT('',(-0.6,0.,0.8));
#7289 = VECTOR('',#7290,1.);
#7290 = DIRECTION('',(0.,1.,0.));
#7291 = PLANE('',#7292);
#7292 = AXIS2_PLACEMENT_3D('',#7293,#7294,#7295);
#7293 = CARTESIAN_POINT('',(-0.6,0.,0.8));
#7294 = DIRECTION('',(1.,0.,0.));
#7295 = DIRECTION('',(0.,0.,-1.));
#7296 = ADVANCED_FACE('',(#7297),#7315,.F.);
#7297 = FACE_BOUND('',#7298,.F.);
#7298 = EDGE_LOOP('',(#7299,#7300,#7308,#7314));
#7299 = ORIENTED_EDGE('',*,*,#7255,.T.);
#7300 = ORIENTED_EDGE('',*,*,#7301,.T.);
#7301 = EDGE_CURVE('',#7248,#7302,#7304,.T.);
#7302 = VERTEX_POINT('',#7303);
#7303 = CARTESIAN_POINT('',(-0.4,0.13,0.5));
#7304 = LINE('',#7305,#7306);
#7305 = CARTESIAN_POINT('',(-0.4,0.,0.5));
#7306 = VECTOR('',#7307,1.);
#7307 = DIRECTION('',(0.,1.,0.));
#7308 = ORIENTED_EDGE('',*,*,#7309,.F.);
#7309 = EDGE_CURVE('',#7271,#7302,#7310,.T.);
#7310 = LINE('',#7311,#7312);
#7311 = CARTESIAN_POINT('',(-0.6,0.13,0.5));
#7312 = VECTOR('',#7313,1.);
#7313 = DIRECTION('',(1.,0.,0.));
#7314 = ORIENTED_EDGE('',*,*,#7270,.F.);
#7315 = PLANE('',#7316);
#7316 = AXIS2_PLACEMENT_3D('',#7317,#7318,#7319);
#7317 = CARTESIAN_POINT('',(-0.6,0.,0.5));
#7318 = DIRECTION('',(0.,0.,1.));
#7319 = DIRECTION('',(1.,0.,-0.));
#7320 = ADVANCED_FACE('',(#7321),#7339,.F.);
#7321 = FACE_BOUND('',#7322,.F.);
#7322 = EDGE_LOOP('',(#7323,#7324,#7332,#7338));
#7323 = ORIENTED_EDGE('',*,*,#7247,.T.);
#7324 = ORIENTED_EDGE('',*,*,#7325,.T.);
#7325 = EDGE_CURVE('',#7240,#7326,#7328,.T.);
#7326 = VERTEX_POINT('',#7327);
#7327 = CARTESIAN_POINT('',(-0.4,0.13,0.8));
#7328 = LINE('',#7329,#7330);
#7329 = CARTESIAN_POINT('',(-0.4,0.,0.8));
#7330 = VECTOR('',#7331,1.);
#7331 = DIRECTION('',(0.,1.,0.));
#7332 = ORIENTED_EDGE('',*,*,#7333,.F.);
#7333 = EDGE_CURVE('',#7302,#7326,#7334,.T.);
#7334 = LINE('',#7335,#7336);
#7335 = CARTESIAN_POINT('',(-0.4,0.13,0.5));
#7336 = VECTOR('',#7337,1.);
#7337 = DIRECTION('',(0.,0.,1.));
#7338 = ORIENTED_EDGE('',*,*,#7301,.F.);
#7339 = PLANE('',#7340);
#7340 = AXIS2_PLACEMENT_3D('',#7341,#7342,#7343);
#7341 = CARTESIAN_POINT('',(-0.4,0.,0.5));
#7342 = DIRECTION('',(-1.,0.,0.));
#7343 = DIRECTION('',(0.,0.,1.));
#7344 = ADVANCED_FACE('',(#7345),#7356,.F.);
#7345 = FACE_BOUND('',#7346,.F.);
#7346 = EDGE_LOOP('',(#7347,#7348,#7349,#7355));
#7347 = ORIENTED_EDGE('',*,*,#7239,.T.);
#7348 = ORIENTED_EDGE('',*,*,#7286,.T.);
#7349 = ORIENTED_EDGE('',*,*,#7350,.F.);
#7350 = EDGE_CURVE('',#7326,#7279,#7351,.T.);
#7351 = LINE('',#7352,#7353);
#7352 = CARTESIAN_POINT('',(-0.4,0.13,0.8));
#7353 = VECTOR('',#7354,1.);
#7354 = DIRECTION('',(-1.,0.,0.));
#7355 = ORIENTED_EDGE('',*,*,#7325,.F.);
#7356 = PLANE('',#7357);
#7357 = AXIS2_PLACEMENT_3D('',#7358,#7359,#7360);
#7358 = CARTESIAN_POINT('',(-0.4,0.,0.8));
#7359 = DIRECTION('',(0.,0.,-1.));
#7360 = DIRECTION('',(-1.,0.,0.));
#7361 = ADVANCED_FACE('',(#7362),#7368,.F.);
#7362 = FACE_BOUND('',#7363,.F.);
#7363 = EDGE_LOOP('',(#7364,#7365,#7366,#7367));
#7364 = ORIENTED_EDGE('',*,*,#7278,.T.);
#7365 = ORIENTED_EDGE('',*,*,#7309,.T.);
#7366 = ORIENTED_EDGE('',*,*,#7333,.T.);
#7367 = ORIENTED_EDGE('',*,*,#7350,.T.);
#7368 = PLANE('',#7369);
#7369 = AXIS2_PLACEMENT_3D('',#7370,#7371,#7372);
#7370 = CARTESIAN_POINT('',(0.,0.13,0.));
#7371 = DIRECTION('',(0.,-1.,0.));
#7372 = DIRECTION('',(1.,0.,0.));
#7373 = ( GEOMETRIC_REPRESENTATION_CONTEXT(3) 
GLOBAL_UNCERTAINTY_ASSIGNED_CONTEXT((#7377)) 
GLOBAL_UNIT_ASSIGNED_CONTEXT((#7374,#7375,#7376)) REPRESENTATION_CONTEXT
('Context #1','3D Context with UNIT and UNCERTAINTY') );
#7374 = ( LENGTH_UNIT() NAMED_UNIT(*) SI_UNIT(.MILLI.,.METRE.) );
#7375 = ( NAMED_UNIT(*) PLANE_ANGLE_UNIT() SI_UNIT($,.RADIAN.) );
#7376 = ( NAMED_UNIT(*) SI_UNIT($,.STERADIAN.) SOLID_ANGLE_UNIT() );
#7377 = UNCERTAINTY_MEASURE_WITH_UNIT(LENGTH_MEASURE(1.E-07),#7374,
  'distance_accuracy_value','confusion accuracy');
#7378 = CONTEXT_DEPENDENT_SHAPE_REPRESENTATION(#7379,#7381);
#7379 = ( REPRESENTATION_RELATIONSHIP('','',#7222,#6334) 
REPRESENTATION_RELATIONSHIP_WITH_TRANSFORMATION(#7380) 
SHAPE_REPRESENTATION_RELATIONSHIP() );
#7380 = ITEM_DEFINED_TRANSFORMATION('','',#11,#6355);
#7381 = PRODUCT_DEFINITION_SHAPE('Placement','Placement of an item',
  #7382);
#7382 = NEXT_ASSEMBLY_USAGE_OCCURRENCE('25','=>[0:1:1:27]','',#6329,
  #7217,$);
#7383 = PRODUCT_RELATED_PRODUCT_CATEGORY('part',$,(#7219));
#7384 = SHAPE_DEFINITION_REPRESENTATION(#7385,#7391);
#7385 = PRODUCT_DEFINITION_SHAPE('','',#7386);
#7386 = PRODUCT_DEFINITION('design','',#7387,#7390);
#7387 = PRODUCT_DEFINITION_FORMATION('','',#7388);
#7388 = PRODUCT('BODY-SOT','BODY-SOT','',(#7389));
#7389 = PRODUCT_CONTEXT('',#2,'mechanical');
#7390 = PRODUCT_DEFINITION_CONTEXT('part definition',#2,'design');
#7391 = ADVANCED_BREP_SHAPE_REPRESENTATION('',(#11,#7392),#8650);
#7392 = MANIFOLD_SOLID_BREP('',#7393);
#7393 = CLOSED_SHELL('',(#7394,#7674,#7705,#7729,#7753,#7839,#7863,#7887
    ,#7904,#7916,#7940,#7964,#7981,#7993,#8005,#8030,#8054,#8079,#8172,
    #8197,#8221,#8239,#8264,#8289,#8320,#8338,#8355,#8373,#8390,#8408,
    #8419,#8443,#8467,#8484,#8496,#8520,#8544,#8561,#8573,#8597,#8621,
    #8638));
#7394 = ADVANCED_FACE('',(#7395),#7669,.F.);
#7395 = FACE_BOUND('',#7396,.F.);
#7396 = EDGE_LOOP('',(#7397,#7407,#7415,#7423,#7431,#7439,#7447,#7455,
    #7463,#7471,#7479,#7491,#7499,#7511,#7519,#7527,#7535,#7543,#7551,
    #7559,#7567,#7575,#7583,#7591,#7599,#7607,#7615,#7627,#7635,#7647,
    #7655,#7663));
#7397 = ORIENTED_EDGE('',*,*,#7398,.T.);
#7398 = EDGE_CURVE('',#7399,#7401,#7403,.T.);
#7399 = VERTEX_POINT('',#7400);
#7400 = CARTESIAN_POINT('',(0.4,0.,-0.5));
#7401 = VERTEX_POINT('',#7402);
#7402 = CARTESIAN_POINT('',(0.4,0.,-0.6));
#7403 = LINE('',#7404,#7405);
#7404 = CARTESIAN_POINT('',(0.4,0.,-0.5));
#7405 = VECTOR('',#7406,1.);
#7406 = DIRECTION('',(0.,0.,-1.));
#7407 = ORIENTED_EDGE('',*,*,#7408,.F.);
#7408 = EDGE_CURVE('',#7409,#7401,#7411,.T.);
#7409 = VERTEX_POINT('',#7410);
#7410 = CARTESIAN_POINT('',(0.1,0.,-0.6));
#7411 = LINE('',#7412,#7413);
#7412 = CARTESIAN_POINT('',(0.1,0.,-0.6));
#7413 = VECTOR('',#7414,1.);
#7414 = DIRECTION('',(1.,0.,0.));
#7415 = ORIENTED_EDGE('',*,*,#7416,.F.);
#7416 = EDGE_CURVE('',#7417,#7409,#7419,.T.);
#7417 = VERTEX_POINT('',#7418);
#7418 = CARTESIAN_POINT('',(0.1,0.,-0.5));
#7419 = LINE('',#7420,#7421);
#7420 = CARTESIAN_POINT('',(0.1,0.,-0.5));
#7421 = VECTOR('',#7422,1.);
#7422 = DIRECTION('',(0.,0.,-1.));
#7423 = ORIENTED_EDGE('',*,*,#7424,.F.);
#7424 = EDGE_CURVE('',#7425,#7417,#7427,.T.);
#7425 = VERTEX_POINT('',#7426);
#7426 = CARTESIAN_POINT('',(-0.1,0.,-0.5));
#7427 = LINE('',#7428,#7429);
#7428 = CARTESIAN_POINT('',(-0.1,0.,-0.5));
#7429 = VECTOR('',#7430,1.);
#7430 = DIRECTION('',(1.,0.,0.));
#7431 = ORIENTED_EDGE('',*,*,#7432,.T.);
#7432 = EDGE_CURVE('',#7425,#7433,#7435,.T.);
#7433 = VERTEX_POINT('',#7434);
#7434 = CARTESIAN_POINT('',(-0.1,0.,-0.6));
#7435 = LINE('',#7436,#7437);
#7436 = CARTESIAN_POINT('',(-0.1,0.,-0.5));
#7437 = VECTOR('',#7438,1.);
#7438 = DIRECTION('',(0.,0.,-1.));
#7439 = ORIENTED_EDGE('',*,*,#7440,.F.);
#7440 = EDGE_CURVE('',#7441,#7433,#7443,.T.);
#7441 = VERTEX_POINT('',#7442);
#7442 = CARTESIAN_POINT('',(-0.4,0.,-0.6));
#7443 = LINE('',#7444,#7445);
#7444 = CARTESIAN_POINT('',(-0.4,0.,-0.6));
#7445 = VECTOR('',#7446,1.);
#7446 = DIRECTION('',(1.,0.,0.));
#7447 = ORIENTED_EDGE('',*,*,#7448,.F.);
#7448 = EDGE_CURVE('',#7449,#7441,#7451,.T.);
#7449 = VERTEX_POINT('',#7450);
#7450 = CARTESIAN_POINT('',(-0.4,0.,-0.5));
#7451 = LINE('',#7452,#7453);
#7452 = CARTESIAN_POINT('',(-0.4,0.,-0.5));
#7453 = VECTOR('',#7454,1.);
#7454 = DIRECTION('',(0.,0.,-1.));
#7455 = ORIENTED_EDGE('',*,*,#7456,.F.);
#7456 = EDGE_CURVE('',#7457,#7449,#7459,.T.);
#7457 = VERTEX_POINT('',#7458);
#7458 = CARTESIAN_POINT('',(-0.6,0.,-0.5));
#7459 = LINE('',#7460,#7461);
#7460 = CARTESIAN_POINT('',(-0.6,0.,-0.5));
#7461 = VECTOR('',#7462,1.);
#7462 = DIRECTION('',(1.,0.,0.));
#7463 = ORIENTED_EDGE('',*,*,#7464,.T.);
#7464 = EDGE_CURVE('',#7457,#7465,#7467,.T.);
#7465 = VERTEX_POINT('',#7466);
#7466 = CARTESIAN_POINT('',(-0.6,0.,-0.6));
#7467 = LINE('',#7468,#7469);
#7468 = CARTESIAN_POINT('',(-0.6,0.,-0.5));
#7469 = VECTOR('',#7470,1.);
#7470 = DIRECTION('',(0.,0.,-1.));
#7471 = ORIENTED_EDGE('',*,*,#7472,.F.);
#7472 = EDGE_CURVE('',#7473,#7465,#7475,.T.);
#7473 = VERTEX_POINT('',#7474);
#7474 = CARTESIAN_POINT('',(-0.750190265095,0.,-0.6));
#7475 = LINE('',#7476,#7477);
#7476 = CARTESIAN_POINT('',(-0.750190265095,0.,-0.6));
#7477 = VECTOR('',#7478,1.);
#7478 = DIRECTION('',(1.,0.,0.));
#7479 = ORIENTED_EDGE('',*,*,#7480,.F.);
#7480 = EDGE_CURVE('',#7481,#7473,#7483,.T.);
#7481 = VERTEX_POINT('',#7482);
#7482 = CARTESIAN_POINT('',(-0.8,0.,-0.550190265095));
#7483 = B_SPLINE_CURVE_WITH_KNOTS('',3,(#7484,#7485,#7486,#7487,#7488,
    #7489,#7490),.UNSPECIFIED.,.F.,.F.,(4,1,1,1,4),(0.,0.25,0.5,0.75,1.)
  ,.QUASI_UNIFORM_KNOTS.);
#7484 = CARTESIAN_POINT('',(-0.8,0.,-0.550190265095));
#7485 = CARTESIAN_POINT('',(-0.8,0.,-0.558491887579));
#7486 = CARTESIAN_POINT('',(-0.796414802961,0.,-0.571509935508));
#7487 = CARTESIAN_POINT('',(-0.786169723159,0.,-0.586169723159));
#7488 = CARTESIAN_POINT('',(-0.771509935508,0.,-0.596414802961));
#7489 = CARTESIAN_POINT('',(-0.75849188758,0.,-0.6));
#7490 = CARTESIAN_POINT('',(-0.750190265095,0.,-0.6));
#7491 = ORIENTED_EDGE('',*,*,#7492,.F.);
#7492 = EDGE_CURVE('',#7493,#7481,#7495,.T.);
#7493 = VERTEX_POINT('',#7494);
#7494 = CARTESIAN_POINT('',(-0.8,0.,0.550190265095));
#7495 = LINE('',#7496,#7497);
#7496 = CARTESIAN_POINT('',(-0.8,0.,0.550190265095));
#7497 = VECTOR('',#7498,1.);
#7498 = DIRECTION('',(0.,0.,-1.));
#7499 = ORIENTED_EDGE('',*,*,#7500,.F.);
#7500 = EDGE_CURVE('',#7501,#7493,#7503,.T.);
#7501 = VERTEX_POINT('',#7502);
#7502 = CARTESIAN_POINT('',(-0.750190265095,0.,0.6));
#7503 = B_SPLINE_CURVE_WITH_KNOTS('',3,(#7504,#7505,#7506,#7507,#7508,
    #7509,#7510),.UNSPECIFIED.,.F.,.F.,(4,1,1,1,4),(0.,0.25,0.5,0.75,1.)
  ,.QUASI_UNIFORM_KNOTS.);
#7504 = CARTESIAN_POINT('',(-0.750190265095,0.,0.6));
#7505 = CARTESIAN_POINT('',(-0.75849188758,0.,0.6));
#7506 = CARTESIAN_POINT('',(-0.771509935508,0.,0.596414802961));
#7507 = CARTESIAN_POINT('',(-0.786169723159,0.,0.586169723159));
#7508 = CARTESIAN_POINT('',(-0.796414802961,0.,0.571509935508));
#7509 = CARTESIAN_POINT('',(-0.8,0.,0.558491887579));
#7510 = CARTESIAN_POINT('',(-0.8,0.,0.550190265095));
#7511 = ORIENTED_EDGE('',*,*,#7512,.T.);
#7512 = EDGE_CURVE('',#7501,#7513,#7515,.T.);
#7513 = VERTEX_POINT('',#7514);
#7514 = CARTESIAN_POINT('',(-0.6,0.,0.6));
#7515 = LINE('',#7516,#7517);
#7516 = CARTESIAN_POINT('',(-0.750190265095,0.,0.6));
#7517 = VECTOR('',#7518,1.);
#7518 = DIRECTION('',(1.,0.,0.));
#7519 = ORIENTED_EDGE('',*,*,#7520,.T.);
#7520 = EDGE_CURVE('',#7513,#7521,#7523,.T.);
#7521 = VERTEX_POINT('',#7522);
#7522 = CARTESIAN_POINT('',(-0.6,0.,0.5));
#7523 = LINE('',#7524,#7525);
#7524 = CARTESIAN_POINT('',(-0.6,0.,0.6));
#7525 = VECTOR('',#7526,1.);
#7526 = DIRECTION('',(0.,0.,-1.));
#7527 = ORIENTED_EDGE('',*,*,#7528,.T.);
#7528 = EDGE_CURVE('',#7521,#7529,#7531,.T.);
#7529 = VERTEX_POINT('',#7530);
#7530 = CARTESIAN_POINT('',(-0.4,0.,0.5));
#7531 = LINE('',#7532,#7533);
#7532 = CARTESIAN_POINT('',(-0.6,0.,0.5));
#7533 = VECTOR('',#7534,1.);
#7534 = DIRECTION('',(1.,0.,0.));
#7535 = ORIENTED_EDGE('',*,*,#7536,.F.);
#7536 = EDGE_CURVE('',#7537,#7529,#7539,.T.);
#7537 = VERTEX_POINT('',#7538);
#7538 = CARTESIAN_POINT('',(-0.4,0.,0.6));
#7539 = LINE('',#7540,#7541);
#7540 = CARTESIAN_POINT('',(-0.4,0.,0.6));
#7541 = VECTOR('',#7542,1.);
#7542 = DIRECTION('',(0.,0.,-1.));
#7543 = ORIENTED_EDGE('',*,*,#7544,.T.);
#7544 = EDGE_CURVE('',#7537,#7545,#7547,.T.);
#7545 = VERTEX_POINT('',#7546);
#7546 = CARTESIAN_POINT('',(-0.1,0.,0.6));
#7547 = LINE('',#7548,#7549);
#7548 = CARTESIAN_POINT('',(-0.4,0.,0.6));
#7549 = VECTOR('',#7550,1.);
#7550 = DIRECTION('',(1.,0.,0.));
#7551 = ORIENTED_EDGE('',*,*,#7552,.T.);
#7552 = EDGE_CURVE('',#7545,#7553,#7555,.T.);
#7553 = VERTEX_POINT('',#7554);
#7554 = CARTESIAN_POINT('',(-0.1,0.,0.5));
#7555 = LINE('',#7556,#7557);
#7556 = CARTESIAN_POINT('',(-0.1,0.,0.6));
#7557 = VECTOR('',#7558,1.);
#7558 = DIRECTION('',(0.,0.,-1.));
#7559 = ORIENTED_EDGE('',*,*,#7560,.T.);
#7560 = EDGE_CURVE('',#7553,#7561,#7563,.T.);
#7561 = VERTEX_POINT('',#7562);
#7562 = CARTESIAN_POINT('',(0.1,0.,0.5));
#7563 = LINE('',#7564,#7565);
#7564 = CARTESIAN_POINT('',(-0.1,0.,0.5));
#7565 = VECTOR('',#7566,1.);
#7566 = DIRECTION('',(1.,0.,0.));
#7567 = ORIENTED_EDGE('',*,*,#7568,.F.);
#7568 = EDGE_CURVE('',#7569,#7561,#7571,.T.);
#7569 = VERTEX_POINT('',#7570);
#7570 = CARTESIAN_POINT('',(0.1,0.,0.6));
#7571 = LINE('',#7572,#7573);
#7572 = CARTESIAN_POINT('',(0.1,0.,0.6));
#7573 = VECTOR('',#7574,1.);
#7574 = DIRECTION('',(0.,0.,-1.));
#7575 = ORIENTED_EDGE('',*,*,#7576,.T.);
#7576 = EDGE_CURVE('',#7569,#7577,#7579,.T.);
#7577 = VERTEX_POINT('',#7578);
#7578 = CARTESIAN_POINT('',(0.4,0.,0.6));
#7579 = LINE('',#7580,#7581);
#7580 = CARTESIAN_POINT('',(0.1,0.,0.6));
#7581 = VECTOR('',#7582,1.);
#7582 = DIRECTION('',(1.,0.,0.));
#7583 = ORIENTED_EDGE('',*,*,#7584,.T.);
#7584 = EDGE_CURVE('',#7577,#7585,#7587,.T.);
#7585 = VERTEX_POINT('',#7586);
#7586 = CARTESIAN_POINT('',(0.4,0.,0.5));
#7587 = LINE('',#7588,#7589);
#7588 = CARTESIAN_POINT('',(0.4,0.,0.6));
#7589 = VECTOR('',#7590,1.);
#7590 = DIRECTION('',(0.,0.,-1.));
#7591 = ORIENTED_EDGE('',*,*,#7592,.T.);
#7592 = EDGE_CURVE('',#7585,#7593,#7595,.T.);
#7593 = VERTEX_POINT('',#7594);
#7594 = CARTESIAN_POINT('',(0.6,0.,0.5));
#7595 = LINE('',#7596,#7597);
#7596 = CARTESIAN_POINT('',(0.4,0.,0.5));
#7597 = VECTOR('',#7598,1.);
#7598 = DIRECTION('',(1.,0.,0.));
#7599 = ORIENTED_EDGE('',*,*,#7600,.F.);
#7600 = EDGE_CURVE('',#7601,#7593,#7603,.T.);
#7601 = VERTEX_POINT('',#7602);
#7602 = CARTESIAN_POINT('',(0.6,0.,0.6));
#7603 = LINE('',#7604,#7605);
#7604 = CARTESIAN_POINT('',(0.6,0.,0.6));
#7605 = VECTOR('',#7606,1.);
#7606 = DIRECTION('',(0.,0.,-1.));
#7607 = ORIENTED_EDGE('',*,*,#7608,.T.);
#7608 = EDGE_CURVE('',#7601,#7609,#7611,.T.);
#7609 = VERTEX_POINT('',#7610);
#7610 = CARTESIAN_POINT('',(0.750190265095,0.,0.6));
#7611 = LINE('',#7612,#7613);
#7612 = CARTESIAN_POINT('',(0.6,0.,0.6));
#7613 = VECTOR('',#7614,1.);
#7614 = DIRECTION('',(1.,0.,0.));
#7615 = ORIENTED_EDGE('',*,*,#7616,.F.);
#7616 = EDGE_CURVE('',#7617,#7609,#7619,.T.);
#7617 = VERTEX_POINT('',#7618);
#7618 = CARTESIAN_POINT('',(0.8,0.,0.550190265095));
#7619 = B_SPLINE_CURVE_WITH_KNOTS('',3,(#7620,#7621,#7622,#7623,#7624,
    #7625,#7626),.UNSPECIFIED.,.F.,.F.,(4,1,1,1,4),(0.,0.25,0.5,0.75,1.)
  ,.QUASI_UNIFORM_KNOTS.);
#7620 = CARTESIAN_POINT('',(0.8,0.,0.550190265095));
#7621 = CARTESIAN_POINT('',(0.8,0.,0.558491887579));
#7622 = CARTESIAN_POINT('',(0.796414802961,0.,0.571509935508));
#7623 = CARTESIAN_POINT('',(0.786169723159,0.,0.586169723159));
#7624 = CARTESIAN_POINT('',(0.771509935508,0.,0.596414802961));
#7625 = CARTESIAN_POINT('',(0.75849188758,0.,0.6));
#7626 = CARTESIAN_POINT('',(0.750190265095,0.,0.6));
#7627 = ORIENTED_EDGE('',*,*,#7628,.T.);
#7628 = EDGE_CURVE('',#7617,#7629,#7631,.T.);
#7629 = VERTEX_POINT('',#7630);
#7630 = CARTESIAN_POINT('',(0.8,0.,-0.550190265095));
#7631 = LINE('',#7632,#7633);
#7632 = CARTESIAN_POINT('',(0.8,0.,0.550190265095));
#7633 = VECTOR('',#7634,1.);
#7634 = DIRECTION('',(0.,0.,-1.));
#7635 = ORIENTED_EDGE('',*,*,#7636,.F.);
#7636 = EDGE_CURVE('',#7637,#7629,#7639,.T.);
#7637 = VERTEX_POINT('',#7638);
#7638 = CARTESIAN_POINT('',(0.750190265095,0.,-0.6));
#7639 = B_SPLINE_CURVE_WITH_KNOTS('',3,(#7640,#7641,#7642,#7643,#7644,
    #7645,#7646),.UNSPECIFIED.,.F.,.F.,(4,1,1,1,4),(0.,0.25,0.5,0.75,1.)
  ,.QUASI_UNIFORM_KNOTS.);
#7640 = CARTESIAN_POINT('',(0.750190265095,0.,-0.6));
#7641 = CARTESIAN_POINT('',(0.75849188758,0.,-0.6));
#7642 = CARTESIAN_POINT('',(0.771509935508,0.,-0.596414802961));
#7643 = CARTESIAN_POINT('',(0.786169723159,0.,-0.586169723159));
#7644 = CARTESIAN_POINT('',(0.796414802961,0.,-0.571509935508));
#7645 = CARTESIAN_POINT('',(0.8,0.,-0.558491887579));
#7646 = CARTESIAN_POINT('',(0.8,0.,-0.550190265095));
#7647 = ORIENTED_EDGE('',*,*,#7648,.F.);
#7648 = EDGE_CURVE('',#7649,#7637,#7651,.T.);
#7649 = VERTEX_POINT('',#7650);
#7650 = CARTESIAN_POINT('',(0.6,0.,-0.6));
#7651 = LINE('',#7652,#7653);
#7652 = CARTESIAN_POINT('',(0.6,0.,-0.6));
#7653 = VECTOR('',#7654,1.);
#7654 = DIRECTION('',(1.,0.,0.));
#7655 = ORIENTED_EDGE('',*,*,#7656,.F.);
#7656 = EDGE_CURVE('',#7657,#7649,#7659,.T.);
#7657 = VERTEX_POINT('',#7658);
#7658 = CARTESIAN_POINT('',(0.6,0.,-0.5));
#7659 = LINE('',#7660,#7661);
#7660 = CARTESIAN_POINT('',(0.6,0.,-0.5));
#7661 = VECTOR('',#7662,1.);
#7662 = DIRECTION('',(0.,0.,-1.));
#7663 = ORIENTED_EDGE('',*,*,#7664,.F.);
#7664 = EDGE_CURVE('',#7399,#7657,#7665,.T.);
#7665 = LINE('',#7666,#7667);
#7666 = CARTESIAN_POINT('',(0.4,0.,-0.5));
#7667 = VECTOR('',#7668,1.);
#7668 = DIRECTION('',(1.,0.,0.));
#7669 = PLANE('',#7670);
#7670 = AXIS2_PLACEMENT_3D('',#7671,#7672,#7673);
#7671 = CARTESIAN_POINT('',(0.,0.,0.));
#7672 = DIRECTION('',(0.,1.,0.));
#7673 = DIRECTION('',(1.,0.,0.));
#7674 = ADVANCED_FACE('',(#7675),#7700,.F.);
#7675 = FACE_BOUND('',#7676,.F.);
#7676 = EDGE_LOOP('',(#7677,#7678,#7686,#7694));
#7677 = ORIENTED_EDGE('',*,*,#7398,.F.);
#7678 = ORIENTED_EDGE('',*,*,#7679,.T.);
#7679 = EDGE_CURVE('',#7399,#7680,#7682,.T.);
#7680 = VERTEX_POINT('',#7681);
#7681 = CARTESIAN_POINT('',(0.4,0.105,-0.5));
#7682 = LINE('',#7683,#7684);
#7683 = CARTESIAN_POINT('',(0.4,0.,-0.5));
#7684 = VECTOR('',#7685,1.);
#7685 = DIRECTION('',(0.,1.,0.));
#7686 = ORIENTED_EDGE('',*,*,#7687,.F.);
#7687 = EDGE_CURVE('',#7688,#7680,#7690,.T.);
#7688 = VERTEX_POINT('',#7689);
#7689 = CARTESIAN_POINT('',(0.4,0.105,-0.59081369033));
#7690 = LINE('',#7691,#7692);
#7691 = CARTESIAN_POINT('',(0.4,0.105,-0.59081369033));
#7692 = VECTOR('',#7693,1.);
#7693 = DIRECTION('',(0.,0.,1.));
#7694 = ORIENTED_EDGE('',*,*,#7695,.F.);
#7695 = EDGE_CURVE('',#7401,#7688,#7696,.T.);
#7696 = LINE('',#7697,#7698);
#7697 = CARTESIAN_POINT('',(0.4,0.,-0.6));
#7698 = VECTOR('',#7699,1.);
#7699 = DIRECTION('',(0.,0.996194698092,8.715574274766E-02));
#7700 = PLANE('',#7701);
#7701 = AXIS2_PLACEMENT_3D('',#7702,#7703,#7704);
#7702 = CARTESIAN_POINT('',(0.4,-2.5E-02,-0.8));
#7703 = DIRECTION('',(-1.,0.,0.));
#7704 = DIRECTION('',(0.,0.,1.));
#7705 = ADVANCED_FACE('',(#7706),#7724,.F.);
#7706 = FACE_BOUND('',#7707,.F.);
#7707 = EDGE_LOOP('',(#7708,#7709,#7717,#7723));
#7708 = ORIENTED_EDGE('',*,*,#7664,.T.);
#7709 = ORIENTED_EDGE('',*,*,#7710,.T.);
#7710 = EDGE_CURVE('',#7657,#7711,#7713,.T.);
#7711 = VERTEX_POINT('',#7712);
#7712 = CARTESIAN_POINT('',(0.6,0.105,-0.5));
#7713 = LINE('',#7714,#7715);
#7714 = CARTESIAN_POINT('',(0.6,0.,-0.5));
#7715 = VECTOR('',#7716,1.);
#7716 = DIRECTION('',(0.,1.,0.));
#7717 = ORIENTED_EDGE('',*,*,#7718,.F.);
#7718 = EDGE_CURVE('',#7680,#7711,#7719,.T.);
#7719 = LINE('',#7720,#7721);
#7720 = CARTESIAN_POINT('',(0.4,0.105,-0.5));
#7721 = VECTOR('',#7722,1.);
#7722 = DIRECTION('',(1.,0.,0.));
#7723 = ORIENTED_EDGE('',*,*,#7679,.F.);
#7724 = PLANE('',#7725);
#7725 = AXIS2_PLACEMENT_3D('',#7726,#7727,#7728);
#7726 = CARTESIAN_POINT('',(0.4,-2.5E-02,-0.5));
#7727 = DIRECTION('',(0.,0.,1.));
#7728 = DIRECTION('',(1.,0.,-0.));
#7729 = ADVANCED_FACE('',(#7730),#7748,.F.);
#7730 = FACE_BOUND('',#7731,.F.);
#7731 = EDGE_LOOP('',(#7732,#7733,#7741,#7747));
#7732 = ORIENTED_EDGE('',*,*,#7656,.T.);
#7733 = ORIENTED_EDGE('',*,*,#7734,.T.);
#7734 = EDGE_CURVE('',#7649,#7735,#7737,.T.);
#7735 = VERTEX_POINT('',#7736);
#7736 = CARTESIAN_POINT('',(0.6,0.105,-0.59081369033));
#7737 = LINE('',#7738,#7739);
#7738 = CARTESIAN_POINT('',(0.6,0.,-0.6));
#7739 = VECTOR('',#7740,1.);
#7740 = DIRECTION('',(0.,0.996194698092,8.715574274766E-02));
#7741 = ORIENTED_EDGE('',*,*,#7742,.F.);
#7742 = EDGE_CURVE('',#7711,#7735,#7743,.T.);
#7743 = LINE('',#7744,#7745);
#7744 = CARTESIAN_POINT('',(0.6,0.105,-0.5));
#7745 = VECTOR('',#7746,1.);
#7746 = DIRECTION('',(0.,0.,-1.));
#7747 = ORIENTED_EDGE('',*,*,#7710,.F.);
#7748 = PLANE('',#7749);
#7749 = AXIS2_PLACEMENT_3D('',#7750,#7751,#7752);
#7750 = CARTESIAN_POINT('',(0.6,-2.5E-02,-0.5));
#7751 = DIRECTION('',(1.,0.,0.));
#7752 = DIRECTION('',(0.,0.,-1.));
#7753 = ADVANCED_FACE('',(#7754),#7834,.T.);
#7754 = FACE_BOUND('',#7755,.F.);
#7755 = EDGE_LOOP('',(#7756,#7757,#7765,#7773,#7779,#7780,#7788,#7796,
    #7802,#7803,#7804,#7810,#7811,#7812,#7820,#7828));
#7756 = ORIENTED_EDGE('',*,*,#7472,.T.);
#7757 = ORIENTED_EDGE('',*,*,#7758,.T.);
#7758 = EDGE_CURVE('',#7465,#7759,#7761,.T.);
#7759 = VERTEX_POINT('',#7760);
#7760 = CARTESIAN_POINT('',(-0.6,0.105,-0.59081369033));
#7761 = LINE('',#7762,#7763);
#7762 = CARTESIAN_POINT('',(-0.6,0.,-0.6));
#7763 = VECTOR('',#7764,1.);
#7764 = DIRECTION('',(0.,0.996194698092,8.715574274766E-02));
#7765 = ORIENTED_EDGE('',*,*,#7766,.T.);
#7766 = EDGE_CURVE('',#7759,#7767,#7769,.T.);
#7767 = VERTEX_POINT('',#7768);
#7768 = CARTESIAN_POINT('',(-0.4,0.105,-0.59081369033));
#7769 = LINE('',#7770,#7771);
#7770 = CARTESIAN_POINT('',(-0.6,0.105,-0.59081369033));
#7771 = VECTOR('',#7772,1.);
#7772 = DIRECTION('',(1.,0.,0.));
#7773 = ORIENTED_EDGE('',*,*,#7774,.F.);
#7774 = EDGE_CURVE('',#7441,#7767,#7775,.T.);
#7775 = LINE('',#7776,#7777);
#7776 = CARTESIAN_POINT('',(-0.4,0.,-0.6));
#7777 = VECTOR('',#7778,1.);
#7778 = DIRECTION('',(0.,0.996194698092,8.715574274766E-02));
#7779 = ORIENTED_EDGE('',*,*,#7440,.T.);
#7780 = ORIENTED_EDGE('',*,*,#7781,.T.);
#7781 = EDGE_CURVE('',#7433,#7782,#7784,.T.);
#7782 = VERTEX_POINT('',#7783);
#7783 = CARTESIAN_POINT('',(-0.1,0.105,-0.59081369033));
#7784 = LINE('',#7785,#7786);
#7785 = CARTESIAN_POINT('',(-0.1,0.,-0.6));
#7786 = VECTOR('',#7787,1.);
#7787 = DIRECTION('',(0.,0.996194698092,8.715574274766E-02));
#7788 = ORIENTED_EDGE('',*,*,#7789,.T.);
#7789 = EDGE_CURVE('',#7782,#7790,#7792,.T.);
#7790 = VERTEX_POINT('',#7791);
#7791 = CARTESIAN_POINT('',(0.1,0.105,-0.59081369033));
#7792 = LINE('',#7793,#7794);
#7793 = CARTESIAN_POINT('',(-0.1,0.105,-0.59081369033));
#7794 = VECTOR('',#7795,1.);
#7795 = DIRECTION('',(1.,0.,0.));
#7796 = ORIENTED_EDGE('',*,*,#7797,.F.);
#7797 = EDGE_CURVE('',#7409,#7790,#7798,.T.);
#7798 = LINE('',#7799,#7800);
#7799 = CARTESIAN_POINT('',(0.1,0.,-0.6));
#7800 = VECTOR('',#7801,1.);
#7801 = DIRECTION('',(0.,0.996194698092,8.715574274766E-02));
#7802 = ORIENTED_EDGE('',*,*,#7408,.T.);
#7803 = ORIENTED_EDGE('',*,*,#7695,.T.);
#7804 = ORIENTED_EDGE('',*,*,#7805,.T.);
#7805 = EDGE_CURVE('',#7688,#7735,#7806,.T.);
#7806 = LINE('',#7807,#7808);
#7807 = CARTESIAN_POINT('',(0.4,0.105,-0.59081369033));
#7808 = VECTOR('',#7809,1.);
#7809 = DIRECTION('',(1.,0.,0.));
#7810 = ORIENTED_EDGE('',*,*,#7734,.F.);
#7811 = ORIENTED_EDGE('',*,*,#7648,.T.);
#7812 = ORIENTED_EDGE('',*,*,#7813,.F.);
#7813 = EDGE_CURVE('',#7814,#7637,#7816,.T.);
#7814 = VERTEX_POINT('',#7815);
#7815 = CARTESIAN_POINT('',(0.703877459772,0.529357787137,
    -0.553687194676));
#7816 = LINE('',#7817,#7818);
#7817 = CARTESIAN_POINT('',(0.703877459772,0.529357787137,
    -0.553687194676));
#7818 = VECTOR('',#7819,1.);
#7819 = DIRECTION('',(8.682659386425E-02,-0.992432509139,
    -8.682659386425E-02));
#7820 = ORIENTED_EDGE('',*,*,#7821,.T.);
#7821 = EDGE_CURVE('',#7814,#7822,#7824,.T.);
#7822 = VERTEX_POINT('',#7823);
#7823 = CARTESIAN_POINT('',(-0.703877459772,0.529357787137,
    -0.553687194676));
#7824 = LINE('',#7825,#7826);
#7825 = CARTESIAN_POINT('',(0.703877459772,0.529357787137,
    -0.553687194676));
#7826 = VECTOR('',#7827,1.);
#7827 = DIRECTION('',(-1.,0.,0.));
#7828 = ORIENTED_EDGE('',*,*,#7829,.T.);
#7829 = EDGE_CURVE('',#7822,#7473,#7830,.T.);
#7830 = LINE('',#7831,#7832);
#7831 = CARTESIAN_POINT('',(-0.703877459772,0.529357787137,
    -0.553687194676));
#7832 = VECTOR('',#7833,1.);
#7833 = DIRECTION('',(-8.682659386425E-02,-0.992432509139,
    -8.682659386425E-02));
#7834 = PLANE('',#7835);
#7835 = AXIS2_PLACEMENT_3D('',#7836,#7837,#7838);
#7836 = CARTESIAN_POINT('',(1.8264,0.,-0.6));
#7837 = DIRECTION('',(0.,8.715574274766E-02,-0.996194698092));
#7838 = DIRECTION('',(1.,0.,0.));
#7839 = ADVANCED_FACE('',(#7840),#7858,.F.);
#7840 = FACE_BOUND('',#7841,.F.);
#7841 = EDGE_LOOP('',(#7842,#7843,#7851,#7857));
#7842 = ORIENTED_EDGE('',*,*,#7464,.F.);
#7843 = ORIENTED_EDGE('',*,*,#7844,.T.);
#7844 = EDGE_CURVE('',#7457,#7845,#7847,.T.);
#7845 = VERTEX_POINT('',#7846);
#7846 = CARTESIAN_POINT('',(-0.6,0.105,-0.5));
#7847 = LINE('',#7848,#7849);
#7848 = CARTESIAN_POINT('',(-0.6,0.,-0.5));
#7849 = VECTOR('',#7850,1.);
#7850 = DIRECTION('',(0.,1.,0.));
#7851 = ORIENTED_EDGE('',*,*,#7852,.F.);
#7852 = EDGE_CURVE('',#7759,#7845,#7853,.T.);
#7853 = LINE('',#7854,#7855);
#7854 = CARTESIAN_POINT('',(-0.6,0.105,-0.59081369033));
#7855 = VECTOR('',#7856,1.);
#7856 = DIRECTION('',(0.,0.,1.));
#7857 = ORIENTED_EDGE('',*,*,#7758,.F.);
#7858 = PLANE('',#7859);
#7859 = AXIS2_PLACEMENT_3D('',#7860,#7861,#7862);
#7860 = CARTESIAN_POINT('',(-0.6,-2.5E-02,-0.8));
#7861 = DIRECTION('',(-1.,0.,0.));
#7862 = DIRECTION('',(0.,0.,1.));
#7863 = ADVANCED_FACE('',(#7864),#7882,.F.);
#7864 = FACE_BOUND('',#7865,.F.);
#7865 = EDGE_LOOP('',(#7866,#7867,#7875,#7881));
#7866 = ORIENTED_EDGE('',*,*,#7456,.T.);
#7867 = ORIENTED_EDGE('',*,*,#7868,.T.);
#7868 = EDGE_CURVE('',#7449,#7869,#7871,.T.);
#7869 = VERTEX_POINT('',#7870);
#7870 = CARTESIAN_POINT('',(-0.4,0.105,-0.5));
#7871 = LINE('',#7872,#7873);
#7872 = CARTESIAN_POINT('',(-0.4,0.,-0.5));
#7873 = VECTOR('',#7874,1.);
#7874 = DIRECTION('',(0.,1.,0.));
#7875 = ORIENTED_EDGE('',*,*,#7876,.F.);
#7876 = EDGE_CURVE('',#7845,#7869,#7877,.T.);
#7877 = LINE('',#7878,#7879);
#7878 = CARTESIAN_POINT('',(-0.6,0.105,-0.5));
#7879 = VECTOR('',#7880,1.);
#7880 = DIRECTION('',(1.,0.,0.));
#7881 = ORIENTED_EDGE('',*,*,#7844,.F.);
#7882 = PLANE('',#7883);
#7883 = AXIS2_PLACEMENT_3D('',#7884,#7885,#7886);
#7884 = CARTESIAN_POINT('',(-0.6,-2.5E-02,-0.5));
#7885 = DIRECTION('',(0.,0.,1.));
#7886 = DIRECTION('',(1.,0.,-0.));
#7887 = ADVANCED_FACE('',(#7888),#7899,.F.);
#7888 = FACE_BOUND('',#7889,.F.);
#7889 = EDGE_LOOP('',(#7890,#7891,#7892,#7898));
#7890 = ORIENTED_EDGE('',*,*,#7448,.T.);
#7891 = ORIENTED_EDGE('',*,*,#7774,.T.);
#7892 = ORIENTED_EDGE('',*,*,#7893,.F.);
#7893 = EDGE_CURVE('',#7869,#7767,#7894,.T.);
#7894 = LINE('',#7895,#7896);
#7895 = CARTESIAN_POINT('',(-0.4,0.105,-0.5));
#7896 = VECTOR('',#7897,1.);
#7897 = DIRECTION('',(0.,0.,-1.));
#7898 = ORIENTED_EDGE('',*,*,#7868,.F.);
#7899 = PLANE('',#7900);
#7900 = AXIS2_PLACEMENT_3D('',#7901,#7902,#7903);
#7901 = CARTESIAN_POINT('',(-0.4,-2.5E-02,-0.5));
#7902 = DIRECTION('',(1.,0.,0.));
#7903 = DIRECTION('',(0.,0.,-1.));
#7904 = ADVANCED_FACE('',(#7905),#7911,.F.);
#7905 = FACE_BOUND('',#7906,.F.);
#7906 = EDGE_LOOP('',(#7907,#7908,#7909,#7910));
#7907 = ORIENTED_EDGE('',*,*,#7852,.T.);
#7908 = ORIENTED_EDGE('',*,*,#7876,.T.);
#7909 = ORIENTED_EDGE('',*,*,#7893,.T.);
#7910 = ORIENTED_EDGE('',*,*,#7766,.F.);
#7911 = PLANE('',#7912);
#7912 = AXIS2_PLACEMENT_3D('',#7913,#7914,#7915);
#7913 = CARTESIAN_POINT('',(0.,0.105,0.));
#7914 = DIRECTION('',(0.,1.,0.));
#7915 = DIRECTION('',(1.,0.,0.));
#7916 = ADVANCED_FACE('',(#7917),#7935,.F.);
#7917 = FACE_BOUND('',#7918,.F.);
#7918 = EDGE_LOOP('',(#7919,#7920,#7928,#7934));
#7919 = ORIENTED_EDGE('',*,*,#7432,.F.);
#7920 = ORIENTED_EDGE('',*,*,#7921,.T.);
#7921 = EDGE_CURVE('',#7425,#7922,#7924,.T.);
#7922 = VERTEX_POINT('',#7923);
#7923 = CARTESIAN_POINT('',(-0.1,0.105,-0.5));
#7924 = LINE('',#7925,#7926);
#7925 = CARTESIAN_POINT('',(-0.1,0.,-0.5));
#7926 = VECTOR('',#7927,1.);
#7927 = DIRECTION('',(0.,1.,0.));
#7928 = ORIENTED_EDGE('',*,*,#7929,.F.);
#7929 = EDGE_CURVE('',#7782,#7922,#7930,.T.);
#7930 = LINE('',#7931,#7932);
#7931 = CARTESIAN_POINT('',(-0.1,0.105,-0.59081369033));
#7932 = VECTOR('',#7933,1.);
#7933 = DIRECTION('',(0.,0.,1.));
#7934 = ORIENTED_EDGE('',*,*,#7781,.F.);
#7935 = PLANE('',#7936);
#7936 = AXIS2_PLACEMENT_3D('',#7937,#7938,#7939);
#7937 = CARTESIAN_POINT('',(-0.1,-2.5E-02,-0.8));
#7938 = DIRECTION('',(-1.,0.,0.));
#7939 = DIRECTION('',(0.,0.,1.));
#7940 = ADVANCED_FACE('',(#7941),#7959,.F.);
#7941 = FACE_BOUND('',#7942,.F.);
#7942 = EDGE_LOOP('',(#7943,#7944,#7952,#7958));
#7943 = ORIENTED_EDGE('',*,*,#7424,.T.);
#7944 = ORIENTED_EDGE('',*,*,#7945,.T.);
#7945 = EDGE_CURVE('',#7417,#7946,#7948,.T.);
#7946 = VERTEX_POINT('',#7947);
#7947 = CARTESIAN_POINT('',(0.1,0.105,-0.5));
#7948 = LINE('',#7949,#7950);
#7949 = CARTESIAN_POINT('',(0.1,0.,-0.5));
#7950 = VECTOR('',#7951,1.);
#7951 = DIRECTION('',(0.,1.,0.));
#7952 = ORIENTED_EDGE('',*,*,#7953,.F.);
#7953 = EDGE_CURVE('',#7922,#7946,#7954,.T.);
#7954 = LINE('',#7955,#7956);
#7955 = CARTESIAN_POINT('',(-0.1,0.105,-0.5));
#7956 = VECTOR('',#7957,1.);
#7957 = DIRECTION('',(1.,0.,0.));
#7958 = ORIENTED_EDGE('',*,*,#7921,.F.);
#7959 = PLANE('',#7960);
#7960 = AXIS2_PLACEMENT_3D('',#7961,#7962,#7963);
#7961 = CARTESIAN_POINT('',(-0.1,-2.5E-02,-0.5));
#7962 = DIRECTION('',(0.,0.,1.));
#7963 = DIRECTION('',(1.,0.,-0.));
#7964 = ADVANCED_FACE('',(#7965),#7976,.F.);
#7965 = FACE_BOUND('',#7966,.F.);
#7966 = EDGE_LOOP('',(#7967,#7968,#7969,#7975));
#7967 = ORIENTED_EDGE('',*,*,#7416,.T.);
#7968 = ORIENTED_EDGE('',*,*,#7797,.T.);
#7969 = ORIENTED_EDGE('',*,*,#7970,.F.);
#7970 = EDGE_CURVE('',#7946,#7790,#7971,.T.);
#7971 = LINE('',#7972,#7973);
#7972 = CARTESIAN_POINT('',(0.1,0.105,-0.5));
#7973 = VECTOR('',#7974,1.);
#7974 = DIRECTION('',(0.,0.,-1.));
#7975 = ORIENTED_EDGE('',*,*,#7945,.F.);
#7976 = PLANE('',#7977);
#7977 = AXIS2_PLACEMENT_3D('',#7978,#7979,#7980);
#7978 = CARTESIAN_POINT('',(0.1,-2.5E-02,-0.5));
#7979 = DIRECTION('',(1.,0.,0.));
#7980 = DIRECTION('',(0.,0.,-1.));
#7981 = ADVANCED_FACE('',(#7982),#7988,.F.);
#7982 = FACE_BOUND('',#7983,.F.);
#7983 = EDGE_LOOP('',(#7984,#7985,#7986,#7987));
#7984 = ORIENTED_EDGE('',*,*,#7929,.T.);
#7985 = ORIENTED_EDGE('',*,*,#7953,.T.);
#7986 = ORIENTED_EDGE('',*,*,#7970,.T.);
#7987 = ORIENTED_EDGE('',*,*,#7789,.F.);
#7988 = PLANE('',#7989);
#7989 = AXIS2_PLACEMENT_3D('',#7990,#7991,#7992);
#7990 = CARTESIAN_POINT('',(0.,0.105,0.));
#7991 = DIRECTION('',(0.,1.,0.));
#7992 = DIRECTION('',(1.,0.,0.));
#7993 = ADVANCED_FACE('',(#7994),#8000,.F.);
#7994 = FACE_BOUND('',#7995,.F.);
#7995 = EDGE_LOOP('',(#7996,#7997,#7998,#7999));
#7996 = ORIENTED_EDGE('',*,*,#7687,.T.);
#7997 = ORIENTED_EDGE('',*,*,#7718,.T.);
#7998 = ORIENTED_EDGE('',*,*,#7742,.T.);
#7999 = ORIENTED_EDGE('',*,*,#7805,.F.);
#8000 = PLANE('',#8001);
#8001 = AXIS2_PLACEMENT_3D('',#8002,#8003,#8004);
#8002 = CARTESIAN_POINT('',(0.,0.105,0.));
#8003 = DIRECTION('',(0.,1.,0.));
#8004 = DIRECTION('',(1.,0.,0.));
#8005 = ADVANCED_FACE('',(#8006),#8025,.T.);
#8006 = FACE_BOUND('',#8007,.T.);
#8007 = EDGE_LOOP('',(#8008,#8009,#8018,#8024));
#8008 = ORIENTED_EDGE('',*,*,#7813,.F.);
#8009 = ORIENTED_EDGE('',*,*,#8010,.F.);
#8010 = EDGE_CURVE('',#8011,#7814,#8013,.T.);
#8011 = VERTEX_POINT('',#8012);
#8012 = CARTESIAN_POINT('',(0.753687194676,0.529357787137,
    -0.503877459772));
#8013 = CIRCLE('',#8014,5.E-02);
#8014 = AXIS2_PLACEMENT_3D('',#8015,#8016,#8017);
#8015 = CARTESIAN_POINT('',(0.703877459772,0.525,-0.503877459772));
#8016 = DIRECTION('',(-8.682659386425E-02,0.992432509139,
    8.682659386425E-02));
#8017 = DIRECTION('',(0.996194698092,8.715574274766E-02,
    -5.394990010288E-16));
#8018 = ORIENTED_EDGE('',*,*,#8019,.T.);
#8019 = EDGE_CURVE('',#8011,#7629,#8020,.T.);
#8020 = LINE('',#8021,#8022);
#8021 = CARTESIAN_POINT('',(0.753687194676,0.529357787137,
    -0.503877459772));
#8022 = VECTOR('',#8023,1.);
#8023 = DIRECTION('',(8.682659386425E-02,-0.992432509139,
    -8.682659386425E-02));
#8024 = ORIENTED_EDGE('',*,*,#7636,.F.);
#8025 = CYLINDRICAL_SURFACE('',#8026,5.E-02);
#8026 = AXIS2_PLACEMENT_3D('',#8027,#8028,#8029);
#8027 = CARTESIAN_POINT('',(0.633924149076,1.32457,-0.433924149076));
#8028 = DIRECTION('',(8.682659386425E-02,-0.992432509139,
    -8.682659386425E-02));
#8029 = DIRECTION('',(5.394990010288E-16,8.715574274766E-02,
    -0.996194698092));
#8030 = ADVANCED_FACE('',(#8031),#8049,.T.);
#8031 = FACE_BOUND('',#8032,.F.);
#8032 = EDGE_LOOP('',(#8033,#8034,#8035,#8043));
#8033 = ORIENTED_EDGE('',*,*,#8019,.T.);
#8034 = ORIENTED_EDGE('',*,*,#7628,.F.);
#8035 = ORIENTED_EDGE('',*,*,#8036,.F.);
#8036 = EDGE_CURVE('',#8037,#7617,#8039,.T.);
#8037 = VERTEX_POINT('',#8038);
#8038 = CARTESIAN_POINT('',(0.753687194676,0.529357787137,0.503877459772
    ));
#8039 = LINE('',#8040,#8041);
#8040 = CARTESIAN_POINT('',(0.753687194676,0.529357787137,0.503877459772
    ));
#8041 = VECTOR('',#8042,1.);
#8042 = DIRECTION('',(8.682659386425E-02,-0.992432509139,
    8.682659386425E-02));
#8043 = ORIENTED_EDGE('',*,*,#8044,.T.);
#8044 = EDGE_CURVE('',#8037,#8011,#8045,.T.);
#8045 = LINE('',#8046,#8047);
#8046 = CARTESIAN_POINT('',(0.753687194676,0.529357787137,0.503877459772
    ));
#8047 = VECTOR('',#8048,1.);
#8048 = DIRECTION('',(0.,0.,-1.));
#8049 = PLANE('',#8050);
#8050 = AXIS2_PLACEMENT_3D('',#8051,#8052,#8053);
#8051 = CARTESIAN_POINT('',(0.8,0.,1.6264));
#8052 = DIRECTION('',(0.996194698092,8.715574274766E-02,0.));
#8053 = DIRECTION('',(0.,-0.,1.));
#8054 = ADVANCED_FACE('',(#8055),#8074,.T.);
#8055 = FACE_BOUND('',#8056,.T.);
#8056 = EDGE_LOOP('',(#8057,#8058,#8067,#8073));
#8057 = ORIENTED_EDGE('',*,*,#8036,.F.);
#8058 = ORIENTED_EDGE('',*,*,#8059,.F.);
#8059 = EDGE_CURVE('',#8060,#8037,#8062,.T.);
#8060 = VERTEX_POINT('',#8061);
#8061 = CARTESIAN_POINT('',(0.703877459772,0.529357787137,0.553687194676
    ));
#8062 = CIRCLE('',#8063,5.E-02);
#8063 = AXIS2_PLACEMENT_3D('',#8064,#8065,#8066);
#8064 = CARTESIAN_POINT('',(0.703877459772,0.525,0.503877459772));
#8065 = DIRECTION('',(-8.682659386425E-02,0.992432509139,
    -8.682659386425E-02));
#8066 = DIRECTION('',(5.394990010288E-16,8.715574274766E-02,
    0.996194698092));
#8067 = ORIENTED_EDGE('',*,*,#8068,.T.);
#8068 = EDGE_CURVE('',#8060,#7609,#8069,.T.);
#8069 = LINE('',#8070,#8071);
#8070 = CARTESIAN_POINT('',(0.703877459772,0.529357787137,0.553687194676
    ));
#8071 = VECTOR('',#8072,1.);
#8072 = DIRECTION('',(8.682659386425E-02,-0.992432509139,
    8.682659386425E-02));
#8073 = ORIENTED_EDGE('',*,*,#7616,.F.);
#8074 = CYLINDRICAL_SURFACE('',#8075,5.E-02);
#8075 = AXIS2_PLACEMENT_3D('',#8076,#8077,#8078);
#8076 = CARTESIAN_POINT('',(0.633924149076,1.32457,0.433924149076));
#8077 = DIRECTION('',(8.682659386425E-02,-0.992432509139,
    8.682659386425E-02));
#8078 = DIRECTION('',(0.996194698092,8.715574274766E-02,
    5.394990010288E-16));
#8079 = ADVANCED_FACE('',(#8080),#8167,.T.);
#8080 = FACE_BOUND('',#8081,.F.);
#8081 = EDGE_LOOP('',(#8082,#8083,#8091,#8097,#8098,#8099,#8107,#8115,
    #8121,#8122,#8130,#8138,#8144,#8145,#8153,#8161));
#8082 = ORIENTED_EDGE('',*,*,#7512,.F.);
#8083 = ORIENTED_EDGE('',*,*,#8084,.F.);
#8084 = EDGE_CURVE('',#8085,#7501,#8087,.T.);
#8085 = VERTEX_POINT('',#8086);
#8086 = CARTESIAN_POINT('',(-0.703877459772,0.529357787137,
    0.553687194676));
#8087 = LINE('',#8088,#8089);
#8088 = CARTESIAN_POINT('',(-0.703877459772,0.529357787137,
    0.553687194676));
#8089 = VECTOR('',#8090,1.);
#8090 = DIRECTION('',(-8.682659386425E-02,-0.992432509139,
    8.682659386425E-02));
#8091 = ORIENTED_EDGE('',*,*,#8092,.T.);
#8092 = EDGE_CURVE('',#8085,#8060,#8093,.T.);
#8093 = LINE('',#8094,#8095);
#8094 = CARTESIAN_POINT('',(-0.703877459772,0.529357787137,
    0.553687194676));
#8095 = VECTOR('',#8096,1.);
#8096 = DIRECTION('',(1.,0.,0.));
#8097 = ORIENTED_EDGE('',*,*,#8068,.T.);
#8098 = ORIENTED_EDGE('',*,*,#7608,.F.);
#8099 = ORIENTED_EDGE('',*,*,#8100,.T.);
#8100 = EDGE_CURVE('',#7601,#8101,#8103,.T.);
#8101 = VERTEX_POINT('',#8102);
#8102 = CARTESIAN_POINT('',(0.6,0.105,0.59081369033));
#8103 = LINE('',#8104,#8105);
#8104 = CARTESIAN_POINT('',(0.6,0.,0.6));
#8105 = VECTOR('',#8106,1.);
#8106 = DIRECTION('',(0.,0.996194698092,-8.715574274766E-02));
#8107 = ORIENTED_EDGE('',*,*,#8108,.F.);
#8108 = EDGE_CURVE('',#8109,#8101,#8111,.T.);
#8109 = VERTEX_POINT('',#8110);
#8110 = CARTESIAN_POINT('',(0.4,0.105,0.59081369033));
#8111 = LINE('',#8112,#8113);
#8112 = CARTESIAN_POINT('',(0.4,0.105,0.59081369033));
#8113 = VECTOR('',#8114,1.);
#8114 = DIRECTION('',(1.,0.,0.));
#8115 = ORIENTED_EDGE('',*,*,#8116,.F.);
#8116 = EDGE_CURVE('',#7577,#8109,#8117,.T.);
#8117 = LINE('',#8118,#8119);
#8118 = CARTESIAN_POINT('',(0.4,0.,0.6));
#8119 = VECTOR('',#8120,1.);
#8120 = DIRECTION('',(0.,0.996194698092,-8.715574274766E-02));
#8121 = ORIENTED_EDGE('',*,*,#7576,.F.);
#8122 = ORIENTED_EDGE('',*,*,#8123,.T.);
#8123 = EDGE_CURVE('',#7569,#8124,#8126,.T.);
#8124 = VERTEX_POINT('',#8125);
#8125 = CARTESIAN_POINT('',(0.1,0.105,0.59081369033));
#8126 = LINE('',#8127,#8128);
#8127 = CARTESIAN_POINT('',(0.1,0.,0.6));
#8128 = VECTOR('',#8129,1.);
#8129 = DIRECTION('',(0.,0.996194698092,-8.715574274766E-02));
#8130 = ORIENTED_EDGE('',*,*,#8131,.F.);
#8131 = EDGE_CURVE('',#8132,#8124,#8134,.T.);
#8132 = VERTEX_POINT('',#8133);
#8133 = CARTESIAN_POINT('',(-0.1,0.105,0.59081369033));
#8134 = LINE('',#8135,#8136);
#8135 = CARTESIAN_POINT('',(-0.1,0.105,0.59081369033));
#8136 = VECTOR('',#8137,1.);
#8137 = DIRECTION('',(1.,0.,0.));
#8138 = ORIENTED_EDGE('',*,*,#8139,.F.);
#8139 = EDGE_CURVE('',#7545,#8132,#8140,.T.);
#8140 = LINE('',#8141,#8142);
#8141 = CARTESIAN_POINT('',(-0.1,0.,0.6));
#8142 = VECTOR('',#8143,1.);
#8143 = DIRECTION('',(0.,0.996194698092,-8.715574274766E-02));
#8144 = ORIENTED_EDGE('',*,*,#7544,.F.);
#8145 = ORIENTED_EDGE('',*,*,#8146,.T.);
#8146 = EDGE_CURVE('',#7537,#8147,#8149,.T.);
#8147 = VERTEX_POINT('',#8148);
#8148 = CARTESIAN_POINT('',(-0.4,0.105,0.59081369033));
#8149 = LINE('',#8150,#8151);
#8150 = CARTESIAN_POINT('',(-0.4,0.,0.6));
#8151 = VECTOR('',#8152,1.);
#8152 = DIRECTION('',(0.,0.996194698092,-8.715574274766E-02));
#8153 = ORIENTED_EDGE('',*,*,#8154,.F.);
#8154 = EDGE_CURVE('',#8155,#8147,#8157,.T.);
#8155 = VERTEX_POINT('',#8156);
#8156 = CARTESIAN_POINT('',(-0.6,0.105,0.59081369033));
#8157 = LINE('',#8158,#8159);
#8158 = CARTESIAN_POINT('',(-0.6,0.105,0.59081369033));
#8159 = VECTOR('',#8160,1.);
#8160 = DIRECTION('',(1.,0.,0.));
#8161 = ORIENTED_EDGE('',*,*,#8162,.F.);
#8162 = EDGE_CURVE('',#7513,#8155,#8163,.T.);
#8163 = LINE('',#8164,#8165);
#8164 = CARTESIAN_POINT('',(-0.6,0.,0.6));
#8165 = VECTOR('',#8166,1.);
#8166 = DIRECTION('',(0.,0.996194698092,-8.715574274766E-02));
#8167 = PLANE('',#8168);
#8168 = AXIS2_PLACEMENT_3D('',#8169,#8170,#8171);
#8169 = CARTESIAN_POINT('',(-1.8264,0.,0.6));
#8170 = DIRECTION('',(0.,8.715574274766E-02,0.996194698092));
#8171 = DIRECTION('',(-1.,0.,0.));
#8172 = ADVANCED_FACE('',(#8173),#8192,.T.);
#8173 = FACE_BOUND('',#8174,.T.);
#8174 = EDGE_LOOP('',(#8175,#8176,#8185,#8191));
#8175 = ORIENTED_EDGE('',*,*,#8084,.F.);
#8176 = ORIENTED_EDGE('',*,*,#8177,.F.);
#8177 = EDGE_CURVE('',#8178,#8085,#8180,.T.);
#8178 = VERTEX_POINT('',#8179);
#8179 = CARTESIAN_POINT('',(-0.753687194676,0.529357787137,
    0.503877459772));
#8180 = CIRCLE('',#8181,5.E-02);
#8181 = AXIS2_PLACEMENT_3D('',#8182,#8183,#8184);
#8182 = CARTESIAN_POINT('',(-0.703877459772,0.525,0.503877459772));
#8183 = DIRECTION('',(8.682659386425E-02,0.992432509139,
    -8.682659386425E-02));
#8184 = DIRECTION('',(-0.996194698092,8.715574274766E-02,
    5.394990010288E-16));
#8185 = ORIENTED_EDGE('',*,*,#8186,.T.);
#8186 = EDGE_CURVE('',#8178,#7493,#8187,.T.);
#8187 = LINE('',#8188,#8189);
#8188 = CARTESIAN_POINT('',(-0.753687194676,0.529357787137,
    0.503877459772));
#8189 = VECTOR('',#8190,1.);
#8190 = DIRECTION('',(-8.682659386425E-02,-0.992432509139,
    8.682659386425E-02));
#8191 = ORIENTED_EDGE('',*,*,#7500,.F.);
#8192 = CYLINDRICAL_SURFACE('',#8193,5.E-02);
#8193 = AXIS2_PLACEMENT_3D('',#8194,#8195,#8196);
#8194 = CARTESIAN_POINT('',(-0.633924149076,1.32457,0.433924149076));
#8195 = DIRECTION('',(-8.682659386425E-02,-0.992432509139,
    8.682659386425E-02));
#8196 = DIRECTION('',(-5.394990010288E-16,8.715574274766E-02,
    0.996194698092));
#8197 = ADVANCED_FACE('',(#8198),#8216,.T.);
#8198 = FACE_BOUND('',#8199,.F.);
#8199 = EDGE_LOOP('',(#8200,#8208,#8214,#8215));
#8200 = ORIENTED_EDGE('',*,*,#8201,.F.);
#8201 = EDGE_CURVE('',#8202,#7481,#8204,.T.);
#8202 = VERTEX_POINT('',#8203);
#8203 = CARTESIAN_POINT('',(-0.753687194676,0.529357787137,
    -0.503877459772));
#8204 = LINE('',#8205,#8206);
#8205 = CARTESIAN_POINT('',(-0.753687194676,0.529357787137,
    -0.503877459772));
#8206 = VECTOR('',#8207,1.);
#8207 = DIRECTION('',(-8.682659386425E-02,-0.992432509139,
    -8.682659386425E-02));
#8208 = ORIENTED_EDGE('',*,*,#8209,.T.);
#8209 = EDGE_CURVE('',#8202,#8178,#8210,.T.);
#8210 = LINE('',#8211,#8212);
#8211 = CARTESIAN_POINT('',(-0.753687194676,0.529357787137,
    -0.503877459772));
#8212 = VECTOR('',#8213,1.);
#8213 = DIRECTION('',(0.,0.,1.));
#8214 = ORIENTED_EDGE('',*,*,#8186,.T.);
#8215 = ORIENTED_EDGE('',*,*,#7492,.T.);
#8216 = PLANE('',#8217);
#8217 = AXIS2_PLACEMENT_3D('',#8218,#8219,#8220);
#8218 = CARTESIAN_POINT('',(-0.8,0.,-1.6264));
#8219 = DIRECTION('',(-0.996194698092,8.715574274766E-02,0.));
#8220 = DIRECTION('',(0.,0.,-1.));
#8221 = ADVANCED_FACE('',(#8222),#8234,.T.);
#8222 = FACE_BOUND('',#8223,.T.);
#8223 = EDGE_LOOP('',(#8224,#8225,#8232,#8233));
#8224 = ORIENTED_EDGE('',*,*,#8201,.F.);
#8225 = ORIENTED_EDGE('',*,*,#8226,.F.);
#8226 = EDGE_CURVE('',#7822,#8202,#8227,.T.);
#8227 = CIRCLE('',#8228,5.E-02);
#8228 = AXIS2_PLACEMENT_3D('',#8229,#8230,#8231);
#8229 = CARTESIAN_POINT('',(-0.703877459772,0.525,-0.503877459772));
#8230 = DIRECTION('',(8.682659386425E-02,0.992432509139,
    8.682659386425E-02));
#8231 = DIRECTION('',(-5.394990010288E-16,8.715574274766E-02,
    -0.996194698092));
#8232 = ORIENTED_EDGE('',*,*,#7829,.T.);
#8233 = ORIENTED_EDGE('',*,*,#7480,.F.);
#8234 = CYLINDRICAL_SURFACE('',#8235,5.E-02);
#8235 = AXIS2_PLACEMENT_3D('',#8236,#8237,#8238);
#8236 = CARTESIAN_POINT('',(-0.633924149076,1.32457,-0.433924149076));
#8237 = DIRECTION('',(-8.682659386425E-02,-0.992432509139,
    -8.682659386425E-02));
#8238 = DIRECTION('',(-0.996194698092,8.715574274766E-02,
    -5.394990010288E-16));
#8239 = ADVANCED_FACE('',(#8240),#8259,.T.);
#8240 = FACE_BOUND('',#8241,.T.);
#8241 = EDGE_LOOP('',(#8242,#8251,#8252));
#8242 = ORIENTED_EDGE('',*,*,#8243,.T.);
#8243 = EDGE_CURVE('',#8244,#7822,#8246,.T.);
#8244 = VERTEX_POINT('',#8245);
#8245 = CARTESIAN_POINT('',(-0.703877459772,0.575,-0.503877459772));
#8246 = CIRCLE('',#8247,5.E-02);
#8247 = AXIS2_PLACEMENT_3D('',#8248,#8249,#8250);
#8248 = CARTESIAN_POINT('',(-0.703877459772,0.525,-0.503877459772));
#8249 = DIRECTION('',(-1.,0.,0.));
#8250 = DIRECTION('',(0.,1.,0.));
#8251 = ORIENTED_EDGE('',*,*,#8226,.T.);
#8252 = ORIENTED_EDGE('',*,*,#8253,.T.);
#8253 = EDGE_CURVE('',#8202,#8244,#8254,.T.);
#8254 = CIRCLE('',#8255,5.E-02);
#8255 = AXIS2_PLACEMENT_3D('',#8256,#8257,#8258);
#8256 = CARTESIAN_POINT('',(-0.703877459772,0.525,-0.503877459772));
#8257 = DIRECTION('',(0.,0.,-1.));
#8258 = DIRECTION('',(-0.996194698092,8.715574274766E-02,0.));
#8259 = SPHERICAL_SURFACE('',#8260,5.E-02);
#8260 = AXIS2_PLACEMENT_3D('',#8261,#8262,#8263);
#8261 = CARTESIAN_POINT('',(-0.703877459772,0.525,-0.503877459772));
#8262 = DIRECTION('',(0.707106781187,0.,-0.707106781187));
#8263 = DIRECTION('',(-0.701755757082,0.122791346618,-0.701755757082));
#8264 = ADVANCED_FACE('',(#8265),#8284,.T.);
#8265 = FACE_BOUND('',#8266,.T.);
#8266 = EDGE_LOOP('',(#8267,#8276,#8282,#8283));
#8267 = ORIENTED_EDGE('',*,*,#8268,.F.);
#8268 = EDGE_CURVE('',#8269,#8178,#8271,.T.);
#8269 = VERTEX_POINT('',#8270);
#8270 = CARTESIAN_POINT('',(-0.703877459772,0.575,0.503877459772));
#8271 = CIRCLE('',#8272,5.E-02);
#8272 = AXIS2_PLACEMENT_3D('',#8273,#8274,#8275);
#8273 = CARTESIAN_POINT('',(-0.703877459772,0.525,0.503877459772));
#8274 = DIRECTION('',(0.,-0.,1.));
#8275 = DIRECTION('',(0.,1.,0.));
#8276 = ORIENTED_EDGE('',*,*,#8277,.F.);
#8277 = EDGE_CURVE('',#8244,#8269,#8278,.T.);
#8278 = LINE('',#8279,#8280);
#8279 = CARTESIAN_POINT('',(-0.703877459772,0.575,-0.503877459772));
#8280 = VECTOR('',#8281,1.);
#8281 = DIRECTION('',(0.,0.,1.));
#8282 = ORIENTED_EDGE('',*,*,#8253,.F.);
#8283 = ORIENTED_EDGE('',*,*,#8209,.T.);
#8284 = CYLINDRICAL_SURFACE('',#8285,5.E-02);
#8285 = AXIS2_PLACEMENT_3D('',#8286,#8287,#8288);
#8286 = CARTESIAN_POINT('',(-0.703877459772,0.525,-2.16432));
#8287 = DIRECTION('',(0.,0.,1.));
#8288 = DIRECTION('',(0.,1.,0.));
#8289 = ADVANCED_FACE('',(#8290),#8315,.T.);
#8290 = FACE_BOUND('',#8291,.F.);
#8291 = EDGE_LOOP('',(#8292,#8300,#8308,#8314));
#8292 = ORIENTED_EDGE('',*,*,#8293,.F.);
#8293 = EDGE_CURVE('',#8294,#8244,#8296,.T.);
#8294 = VERTEX_POINT('',#8295);
#8295 = CARTESIAN_POINT('',(0.703877459772,0.575,-0.503877459772));
#8296 = LINE('',#8297,#8298);
#8297 = CARTESIAN_POINT('',(0.703877459772,0.575,-0.503877459772));
#8298 = VECTOR('',#8299,1.);
#8299 = DIRECTION('',(-1.,0.,0.));
#8300 = ORIENTED_EDGE('',*,*,#8301,.F.);
#8301 = EDGE_CURVE('',#8302,#8294,#8304,.T.);
#8302 = VERTEX_POINT('',#8303);
#8303 = CARTESIAN_POINT('',(0.703877459772,0.575,0.503877459772));
#8304 = LINE('',#8305,#8306);
#8305 = CARTESIAN_POINT('',(0.703877459772,0.575,0.503877459772));
#8306 = VECTOR('',#8307,1.);
#8307 = DIRECTION('',(0.,0.,-1.));
#8308 = ORIENTED_EDGE('',*,*,#8309,.F.);
#8309 = EDGE_CURVE('',#8269,#8302,#8310,.T.);
#8310 = LINE('',#8311,#8312);
#8311 = CARTESIAN_POINT('',(-0.703877459772,0.575,0.503877459772));
#8312 = VECTOR('',#8313,1.);
#8313 = DIRECTION('',(1.,0.,0.));
#8314 = ORIENTED_EDGE('',*,*,#8277,.F.);
#8315 = PLANE('',#8316);
#8316 = AXIS2_PLACEMENT_3D('',#8317,#8318,#8319);
#8317 = CARTESIAN_POINT('',(0.,0.575,0.));
#8318 = DIRECTION('',(0.,1.,0.));
#8319 = DIRECTION('',(1.,0.,0.));
#8320 = ADVANCED_FACE('',(#8321),#8333,.T.);
#8321 = FACE_BOUND('',#8322,.T.);
#8322 = EDGE_LOOP('',(#8323,#8330,#8331,#8332));
#8323 = ORIENTED_EDGE('',*,*,#8324,.F.);
#8324 = EDGE_CURVE('',#7814,#8294,#8325,.T.);
#8325 = CIRCLE('',#8326,5.E-02);
#8326 = AXIS2_PLACEMENT_3D('',#8327,#8328,#8329);
#8327 = CARTESIAN_POINT('',(0.703877459772,0.525,-0.503877459772));
#8328 = DIRECTION('',(1.,0.,0.));
#8329 = DIRECTION('',(0.,8.715574274766E-02,-0.996194698092));
#8330 = ORIENTED_EDGE('',*,*,#7821,.T.);
#8331 = ORIENTED_EDGE('',*,*,#8243,.F.);
#8332 = ORIENTED_EDGE('',*,*,#8293,.F.);
#8333 = CYLINDRICAL_SURFACE('',#8334,5.E-02);
#8334 = AXIS2_PLACEMENT_3D('',#8335,#8336,#8337);
#8335 = CARTESIAN_POINT('',(2.88576,0.525,-0.503877459772));
#8336 = DIRECTION('',(-1.,0.,0.));
#8337 = DIRECTION('',(0.,1.,0.));
#8338 = ADVANCED_FACE('',(#8339),#8350,.T.);
#8339 = FACE_BOUND('',#8340,.T.);
#8340 = EDGE_LOOP('',(#8341,#8342,#8343));
#8341 = ORIENTED_EDGE('',*,*,#8010,.T.);
#8342 = ORIENTED_EDGE('',*,*,#8324,.T.);
#8343 = ORIENTED_EDGE('',*,*,#8344,.T.);
#8344 = EDGE_CURVE('',#8294,#8011,#8345,.T.);
#8345 = CIRCLE('',#8346,5.E-02);
#8346 = AXIS2_PLACEMENT_3D('',#8347,#8348,#8349);
#8347 = CARTESIAN_POINT('',(0.703877459772,0.525,-0.503877459772));
#8348 = DIRECTION('',(0.,0.,-1.));
#8349 = DIRECTION('',(0.,1.,0.));
#8350 = SPHERICAL_SURFACE('',#8351,5.E-02);
#8351 = AXIS2_PLACEMENT_3D('',#8352,#8353,#8354);
#8352 = CARTESIAN_POINT('',(0.703877459772,0.525,-0.503877459772));
#8353 = DIRECTION('',(0.,-0.675590207616,-0.73727733681));
#8354 = DIRECTION('',(0.,0.73727733681,-0.675590207616));
#8355 = ADVANCED_FACE('',(#8356),#8368,.T.);
#8356 = FACE_BOUND('',#8357,.T.);
#8357 = EDGE_LOOP('',(#8358,#8359,#8360,#8367));
#8358 = ORIENTED_EDGE('',*,*,#8344,.F.);
#8359 = ORIENTED_EDGE('',*,*,#8301,.F.);
#8360 = ORIENTED_EDGE('',*,*,#8361,.F.);
#8361 = EDGE_CURVE('',#8037,#8302,#8362,.T.);
#8362 = CIRCLE('',#8363,5.E-02);
#8363 = AXIS2_PLACEMENT_3D('',#8364,#8365,#8366);
#8364 = CARTESIAN_POINT('',(0.703877459772,0.525,0.503877459772));
#8365 = DIRECTION('',(0.,0.,1.));
#8366 = DIRECTION('',(0.996194698092,8.715574274766E-02,-0.));
#8367 = ORIENTED_EDGE('',*,*,#8044,.T.);
#8368 = CYLINDRICAL_SURFACE('',#8369,5.E-02);
#8369 = AXIS2_PLACEMENT_3D('',#8370,#8371,#8372);
#8370 = CARTESIAN_POINT('',(0.703877459772,0.525,2.16432));
#8371 = DIRECTION('',(0.,0.,-1.));
#8372 = DIRECTION('',(0.,1.,0.));
#8373 = ADVANCED_FACE('',(#8374),#8385,.T.);
#8374 = FACE_BOUND('',#8375,.T.);
#8375 = EDGE_LOOP('',(#8376,#8383,#8384));
#8376 = ORIENTED_EDGE('',*,*,#8377,.T.);
#8377 = EDGE_CURVE('',#8302,#8060,#8378,.T.);
#8378 = CIRCLE('',#8379,5.E-02);
#8379 = AXIS2_PLACEMENT_3D('',#8380,#8381,#8382);
#8380 = CARTESIAN_POINT('',(0.703877459772,0.525,0.503877459772));
#8381 = DIRECTION('',(1.,0.,0.));
#8382 = DIRECTION('',(-0.,1.,0.));
#8383 = ORIENTED_EDGE('',*,*,#8059,.T.);
#8384 = ORIENTED_EDGE('',*,*,#8361,.T.);
#8385 = SPHERICAL_SURFACE('',#8386,5.E-02);
#8386 = AXIS2_PLACEMENT_3D('',#8387,#8388,#8389);
#8387 = CARTESIAN_POINT('',(0.703877459772,0.525,0.503877459772));
#8388 = DIRECTION('',(0.73727733681,-0.675590207616,0.));
#8389 = DIRECTION('',(0.675590207616,0.73727733681,0.));
#8390 = ADVANCED_FACE('',(#8391),#8403,.T.);
#8391 = FACE_BOUND('',#8392,.T.);
#8392 = EDGE_LOOP('',(#8393,#8394,#8395,#8402));
#8393 = ORIENTED_EDGE('',*,*,#8377,.F.);
#8394 = ORIENTED_EDGE('',*,*,#8309,.F.);
#8395 = ORIENTED_EDGE('',*,*,#8396,.F.);
#8396 = EDGE_CURVE('',#8085,#8269,#8397,.T.);
#8397 = CIRCLE('',#8398,5.E-02);
#8398 = AXIS2_PLACEMENT_3D('',#8399,#8400,#8401);
#8399 = CARTESIAN_POINT('',(-0.703877459772,0.525,0.503877459772));
#8400 = DIRECTION('',(-1.,0.,0.));
#8401 = DIRECTION('',(0.,8.715574274766E-02,0.996194698092));
#8402 = ORIENTED_EDGE('',*,*,#8092,.T.);
#8403 = CYLINDRICAL_SURFACE('',#8404,5.E-02);
#8404 = AXIS2_PLACEMENT_3D('',#8405,#8406,#8407);
#8405 = CARTESIAN_POINT('',(-2.88576,0.525,0.503877459772));
#8406 = DIRECTION('',(1.,0.,0.));
#8407 = DIRECTION('',(-0.,1.,0.));
#8408 = ADVANCED_FACE('',(#8409),#8414,.T.);
#8409 = FACE_BOUND('',#8410,.T.);
#8410 = EDGE_LOOP('',(#8411,#8412,#8413));
#8411 = ORIENTED_EDGE('',*,*,#8268,.T.);
#8412 = ORIENTED_EDGE('',*,*,#8177,.T.);
#8413 = ORIENTED_EDGE('',*,*,#8396,.T.);
#8414 = SPHERICAL_SURFACE('',#8415,5.E-02);
#8415 = AXIS2_PLACEMENT_3D('',#8416,#8417,#8418);
#8416 = CARTESIAN_POINT('',(-0.703877459772,0.525,0.503877459772));
#8417 = DIRECTION('',(0.,-0.675590207616,0.73727733681));
#8418 = DIRECTION('',(0.,0.73727733681,0.675590207616));
#8419 = ADVANCED_FACE('',(#8420),#8438,.T.);
#8420 = FACE_BOUND('',#8421,.F.);
#8421 = EDGE_LOOP('',(#8422,#8423,#8431,#8437));
#8422 = ORIENTED_EDGE('',*,*,#7600,.T.);
#8423 = ORIENTED_EDGE('',*,*,#8424,.T.);
#8424 = EDGE_CURVE('',#7593,#8425,#8427,.T.);
#8425 = VERTEX_POINT('',#8426);
#8426 = CARTESIAN_POINT('',(0.6,0.105,0.5));
#8427 = LINE('',#8428,#8429);
#8428 = CARTESIAN_POINT('',(0.6,0.,0.5));
#8429 = VECTOR('',#8430,1.);
#8430 = DIRECTION('',(0.,1.,0.));
#8431 = ORIENTED_EDGE('',*,*,#8432,.T.);
#8432 = EDGE_CURVE('',#8425,#8101,#8433,.T.);
#8433 = LINE('',#8434,#8435);
#8434 = CARTESIAN_POINT('',(0.6,0.105,0.5));
#8435 = VECTOR('',#8436,1.);
#8436 = DIRECTION('',(0.,0.,1.));
#8437 = ORIENTED_EDGE('',*,*,#8100,.F.);
#8438 = PLANE('',#8439);
#8439 = AXIS2_PLACEMENT_3D('',#8440,#8441,#8442);
#8440 = CARTESIAN_POINT('',(0.6,-2.5E-02,0.5));
#8441 = DIRECTION('',(-1.,0.,0.));
#8442 = DIRECTION('',(0.,0.,1.));
#8443 = ADVANCED_FACE('',(#8444),#8462,.T.);
#8444 = FACE_BOUND('',#8445,.F.);
#8445 = EDGE_LOOP('',(#8446,#8447,#8455,#8461));
#8446 = ORIENTED_EDGE('',*,*,#7592,.F.);
#8447 = ORIENTED_EDGE('',*,*,#8448,.T.);
#8448 = EDGE_CURVE('',#7585,#8449,#8451,.T.);
#8449 = VERTEX_POINT('',#8450);
#8450 = CARTESIAN_POINT('',(0.4,0.105,0.5));
#8451 = LINE('',#8452,#8453);
#8452 = CARTESIAN_POINT('',(0.4,0.,0.5));
#8453 = VECTOR('',#8454,1.);
#8454 = DIRECTION('',(0.,1.,0.));
#8455 = ORIENTED_EDGE('',*,*,#8456,.T.);
#8456 = EDGE_CURVE('',#8449,#8425,#8457,.T.);
#8457 = LINE('',#8458,#8459);
#8458 = CARTESIAN_POINT('',(0.4,0.105,0.5));
#8459 = VECTOR('',#8460,1.);
#8460 = DIRECTION('',(1.,0.,0.));
#8461 = ORIENTED_EDGE('',*,*,#8424,.F.);
#8462 = PLANE('',#8463);
#8463 = AXIS2_PLACEMENT_3D('',#8464,#8465,#8466);
#8464 = CARTESIAN_POINT('',(0.4,-2.5E-02,0.5));
#8465 = DIRECTION('',(0.,0.,1.));
#8466 = DIRECTION('',(1.,0.,-0.));
#8467 = ADVANCED_FACE('',(#8468),#8479,.T.);
#8468 = FACE_BOUND('',#8469,.F.);
#8469 = EDGE_LOOP('',(#8470,#8471,#8472,#8478));
#8470 = ORIENTED_EDGE('',*,*,#7584,.F.);
#8471 = ORIENTED_EDGE('',*,*,#8116,.T.);
#8472 = ORIENTED_EDGE('',*,*,#8473,.T.);
#8473 = EDGE_CURVE('',#8109,#8449,#8474,.T.);
#8474 = LINE('',#8475,#8476);
#8475 = CARTESIAN_POINT('',(0.4,0.105,0.59081369033));
#8476 = VECTOR('',#8477,1.);
#8477 = DIRECTION('',(0.,0.,-1.));
#8478 = ORIENTED_EDGE('',*,*,#8448,.F.);
#8479 = PLANE('',#8480);
#8480 = AXIS2_PLACEMENT_3D('',#8481,#8482,#8483);
#8481 = CARTESIAN_POINT('',(0.4,-2.5E-02,0.8));
#8482 = DIRECTION('',(1.,0.,0.));
#8483 = DIRECTION('',(0.,0.,-1.));
#8484 = ADVANCED_FACE('',(#8485),#8491,.T.);
#8485 = FACE_BOUND('',#8486,.F.);
#8486 = EDGE_LOOP('',(#8487,#8488,#8489,#8490));
#8487 = ORIENTED_EDGE('',*,*,#8108,.T.);
#8488 = ORIENTED_EDGE('',*,*,#8432,.F.);
#8489 = ORIENTED_EDGE('',*,*,#8456,.F.);
#8490 = ORIENTED_EDGE('',*,*,#8473,.F.);
#8491 = PLANE('',#8492);
#8492 = AXIS2_PLACEMENT_3D('',#8493,#8494,#8495);
#8493 = CARTESIAN_POINT('',(0.,0.105,0.));
#8494 = DIRECTION('',(0.,-1.,0.));
#8495 = DIRECTION('',(1.,0.,0.));
#8496 = ADVANCED_FACE('',(#8497),#8515,.T.);
#8497 = FACE_BOUND('',#8498,.F.);
#8498 = EDGE_LOOP('',(#8499,#8500,#8508,#8514));
#8499 = ORIENTED_EDGE('',*,*,#7568,.T.);
#8500 = ORIENTED_EDGE('',*,*,#8501,.T.);
#8501 = EDGE_CURVE('',#7561,#8502,#8504,.T.);
#8502 = VERTEX_POINT('',#8503);
#8503 = CARTESIAN_POINT('',(0.1,0.105,0.5));
#8504 = LINE('',#8505,#8506);
#8505 = CARTESIAN_POINT('',(0.1,0.,0.5));
#8506 = VECTOR('',#8507,1.);
#8507 = DIRECTION('',(0.,1.,0.));
#8508 = ORIENTED_EDGE('',*,*,#8509,.T.);
#8509 = EDGE_CURVE('',#8502,#8124,#8510,.T.);
#8510 = LINE('',#8511,#8512);
#8511 = CARTESIAN_POINT('',(0.1,0.105,0.5));
#8512 = VECTOR('',#8513,1.);
#8513 = DIRECTION('',(0.,0.,1.));
#8514 = ORIENTED_EDGE('',*,*,#8123,.F.);
#8515 = PLANE('',#8516);
#8516 = AXIS2_PLACEMENT_3D('',#8517,#8518,#8519);
#8517 = CARTESIAN_POINT('',(0.1,-2.5E-02,0.5));
#8518 = DIRECTION('',(-1.,0.,0.));
#8519 = DIRECTION('',(0.,0.,1.));
#8520 = ADVANCED_FACE('',(#8521),#8539,.T.);
#8521 = FACE_BOUND('',#8522,.F.);
#8522 = EDGE_LOOP('',(#8523,#8524,#8532,#8538));
#8523 = ORIENTED_EDGE('',*,*,#7560,.F.);
#8524 = ORIENTED_EDGE('',*,*,#8525,.T.);
#8525 = EDGE_CURVE('',#7553,#8526,#8528,.T.);
#8526 = VERTEX_POINT('',#8527);
#8527 = CARTESIAN_POINT('',(-0.1,0.105,0.5));
#8528 = LINE('',#8529,#8530);
#8529 = CARTESIAN_POINT('',(-0.1,0.,0.5));
#8530 = VECTOR('',#8531,1.);
#8531 = DIRECTION('',(0.,1.,0.));
#8532 = ORIENTED_EDGE('',*,*,#8533,.T.);
#8533 = EDGE_CURVE('',#8526,#8502,#8534,.T.);
#8534 = LINE('',#8535,#8536);
#8535 = CARTESIAN_POINT('',(-0.1,0.105,0.5));
#8536 = VECTOR('',#8537,1.);
#8537 = DIRECTION('',(1.,0.,0.));
#8538 = ORIENTED_EDGE('',*,*,#8501,.F.);
#8539 = PLANE('',#8540);
#8540 = AXIS2_PLACEMENT_3D('',#8541,#8542,#8543);
#8541 = CARTESIAN_POINT('',(-0.1,-2.5E-02,0.5));
#8542 = DIRECTION('',(0.,0.,1.));
#8543 = DIRECTION('',(1.,0.,-0.));
#8544 = ADVANCED_FACE('',(#8545),#8556,.T.);
#8545 = FACE_BOUND('',#8546,.F.);
#8546 = EDGE_LOOP('',(#8547,#8548,#8549,#8555));
#8547 = ORIENTED_EDGE('',*,*,#7552,.F.);
#8548 = ORIENTED_EDGE('',*,*,#8139,.T.);
#8549 = ORIENTED_EDGE('',*,*,#8550,.T.);
#8550 = EDGE_CURVE('',#8132,#8526,#8551,.T.);
#8551 = LINE('',#8552,#8553);
#8552 = CARTESIAN_POINT('',(-0.1,0.105,0.59081369033));
#8553 = VECTOR('',#8554,1.);
#8554 = DIRECTION('',(0.,0.,-1.));
#8555 = ORIENTED_EDGE('',*,*,#8525,.F.);
#8556 = PLANE('',#8557);
#8557 = AXIS2_PLACEMENT_3D('',#8558,#8559,#8560);
#8558 = CARTESIAN_POINT('',(-0.1,-2.5E-02,0.8));
#8559 = DIRECTION('',(1.,0.,0.));
#8560 = DIRECTION('',(0.,0.,-1.));
#8561 = ADVANCED_FACE('',(#8562),#8568,.T.);
#8562 = FACE_BOUND('',#8563,.F.);
#8563 = EDGE_LOOP('',(#8564,#8565,#8566,#8567));
#8564 = ORIENTED_EDGE('',*,*,#8131,.T.);
#8565 = ORIENTED_EDGE('',*,*,#8509,.F.);
#8566 = ORIENTED_EDGE('',*,*,#8533,.F.);
#8567 = ORIENTED_EDGE('',*,*,#8550,.F.);
#8568 = PLANE('',#8569);
#8569 = AXIS2_PLACEMENT_3D('',#8570,#8571,#8572);
#8570 = CARTESIAN_POINT('',(0.,0.105,0.));
#8571 = DIRECTION('',(0.,-1.,0.));
#8572 = DIRECTION('',(1.,0.,0.));
#8573 = ADVANCED_FACE('',(#8574),#8592,.T.);
#8574 = FACE_BOUND('',#8575,.F.);
#8575 = EDGE_LOOP('',(#8576,#8577,#8585,#8591));
#8576 = ORIENTED_EDGE('',*,*,#7536,.T.);
#8577 = ORIENTED_EDGE('',*,*,#8578,.T.);
#8578 = EDGE_CURVE('',#7529,#8579,#8581,.T.);
#8579 = VERTEX_POINT('',#8580);
#8580 = CARTESIAN_POINT('',(-0.4,0.105,0.5));
#8581 = LINE('',#8582,#8583);
#8582 = CARTESIAN_POINT('',(-0.4,0.,0.5));
#8583 = VECTOR('',#8584,1.);
#8584 = DIRECTION('',(0.,1.,0.));
#8585 = ORIENTED_EDGE('',*,*,#8586,.T.);
#8586 = EDGE_CURVE('',#8579,#8147,#8587,.T.);
#8587 = LINE('',#8588,#8589);
#8588 = CARTESIAN_POINT('',(-0.4,0.105,0.5));
#8589 = VECTOR('',#8590,1.);
#8590 = DIRECTION('',(0.,0.,1.));
#8591 = ORIENTED_EDGE('',*,*,#8146,.F.);
#8592 = PLANE('',#8593);
#8593 = AXIS2_PLACEMENT_3D('',#8594,#8595,#8596);
#8594 = CARTESIAN_POINT('',(-0.4,-2.5E-02,0.5));
#8595 = DIRECTION('',(-1.,0.,0.));
#8596 = DIRECTION('',(0.,0.,1.));
#8597 = ADVANCED_FACE('',(#8598),#8616,.T.);
#8598 = FACE_BOUND('',#8599,.F.);
#8599 = EDGE_LOOP('',(#8600,#8601,#8609,#8615));
#8600 = ORIENTED_EDGE('',*,*,#7528,.F.);
#8601 = ORIENTED_EDGE('',*,*,#8602,.T.);
#8602 = EDGE_CURVE('',#7521,#8603,#8605,.T.);
#8603 = VERTEX_POINT('',#8604);
#8604 = CARTESIAN_POINT('',(-0.6,0.105,0.5));
#8605 = LINE('',#8606,#8607);
#8606 = CARTESIAN_POINT('',(-0.6,0.,0.5));
#8607 = VECTOR('',#8608,1.);
#8608 = DIRECTION('',(0.,1.,0.));
#8609 = ORIENTED_EDGE('',*,*,#8610,.T.);
#8610 = EDGE_CURVE('',#8603,#8579,#8611,.T.);
#8611 = LINE('',#8612,#8613);
#8612 = CARTESIAN_POINT('',(-0.6,0.105,0.5));
#8613 = VECTOR('',#8614,1.);
#8614 = DIRECTION('',(1.,0.,0.));
#8615 = ORIENTED_EDGE('',*,*,#8578,.F.);
#8616 = PLANE('',#8617);
#8617 = AXIS2_PLACEMENT_3D('',#8618,#8619,#8620);
#8618 = CARTESIAN_POINT('',(-0.6,-2.5E-02,0.5));
#8619 = DIRECTION('',(0.,0.,1.));
#8620 = DIRECTION('',(1.,0.,-0.));
#8621 = ADVANCED_FACE('',(#8622),#8633,.T.);
#8622 = FACE_BOUND('',#8623,.F.);
#8623 = EDGE_LOOP('',(#8624,#8625,#8626,#8632));
#8624 = ORIENTED_EDGE('',*,*,#7520,.F.);
#8625 = ORIENTED_EDGE('',*,*,#8162,.T.);
#8626 = ORIENTED_EDGE('',*,*,#8627,.T.);
#8627 = EDGE_CURVE('',#8155,#8603,#8628,.T.);
#8628 = LINE('',#8629,#8630);
#8629 = CARTESIAN_POINT('',(-0.6,0.105,0.59081369033));
#8630 = VECTOR('',#8631,1.);
#8631 = DIRECTION('',(0.,0.,-1.));
#8632 = ORIENTED_EDGE('',*,*,#8602,.F.);
#8633 = PLANE('',#8634);
#8634 = AXIS2_PLACEMENT_3D('',#8635,#8636,#8637);
#8635 = CARTESIAN_POINT('',(-0.6,-2.5E-02,0.8));
#8636 = DIRECTION('',(1.,0.,0.));
#8637 = DIRECTION('',(0.,0.,-1.));
#8638 = ADVANCED_FACE('',(#8639),#8645,.T.);
#8639 = FACE_BOUND('',#8640,.F.);
#8640 = EDGE_LOOP('',(#8641,#8642,#8643,#8644));
#8641 = ORIENTED_EDGE('',*,*,#8154,.T.);
#8642 = ORIENTED_EDGE('',*,*,#8586,.F.);
#8643 = ORIENTED_EDGE('',*,*,#8610,.F.);
#8644 = ORIENTED_EDGE('',*,*,#8627,.F.);
#8645 = PLANE('',#8646);
#8646 = AXIS2_PLACEMENT_3D('',#8647,#8648,#8649);
#8647 = CARTESIAN_POINT('',(0.,0.105,0.));
#8648 = DIRECTION('',(0.,-1.,0.));
#8649 = DIRECTION('',(1.,0.,0.));
#8650 = ( GEOMETRIC_REPRESENTATION_CONTEXT(3) 
GLOBAL_UNCERTAINTY_ASSIGNED_CONTEXT((#8654)) 
GLOBAL_UNIT_ASSIGNED_CONTEXT((#8651,#8652,#8653)) REPRESENTATION_CONTEXT
('Context #1','3D Context with UNIT and UNCERTAINTY') );
#8651 = ( LENGTH_UNIT() NAMED_UNIT(*) SI_UNIT(.MILLI.,.METRE.) );
#8652 = ( NAMED_UNIT(*) PLANE_ANGLE_UNIT() SI_UNIT($,.RADIAN.) );
#8653 = ( NAMED_UNIT(*) SI_UNIT($,.STERADIAN.) SOLID_ANGLE_UNIT() );
#8654 = UNCERTAINTY_MEASURE_WITH_UNIT(LENGTH_MEASURE(5.E-06),#8651,
  'distance_accuracy_value','confusion accuracy');
#8655 = CONTEXT_DEPENDENT_SHAPE_REPRESENTATION(#8656,#8658);
#8656 = ( REPRESENTATION_RELATIONSHIP('','',#7391,#6303) 
REPRESENTATION_RELATIONSHIP_WITH_TRANSFORMATION(#8657) 
SHAPE_REPRESENTATION_RELATIONSHIP() );
#8657 = ITEM_DEFINED_TRANSFORMATION('','',#11,#6308);
#8658 = PRODUCT_DEFINITION_SHAPE('Placement','Placement of an item',
  #8659);
#8659 = NEXT_ASSEMBLY_USAGE_OCCURRENCE('27','BODY-SOT','',#6298,#7386,$
  );
#8660 = PRODUCT_RELATED_PRODUCT_CATEGORY('part',$,(#7388));
#8661 = SHAPE_DEFINITION_REPRESENTATION(#8662,#8668);
#8662 = PRODUCT_DEFINITION_SHAPE('','',#8663);
#8663 = PRODUCT_DEFINITION('design','',#8664,#8667);
#8664 = PRODUCT_DEFINITION_FORMATION('','',#8665);
#8665 = PRODUCT('PIN1-ID','PIN1-ID','',(#8666));
#8666 = PRODUCT_CONTEXT('',#2,'mechanical');
#8667 = PRODUCT_DEFINITION_CONTEXT('part definition',#2,'design');
#8668 = SHAPE_REPRESENTATION('',(#11),#8669);
#8669 = ( GEOMETRIC_REPRESENTATION_CONTEXT(3) 
GLOBAL_UNCERTAINTY_ASSIGNED_CONTEXT((#8673)) 
GLOBAL_UNIT_ASSIGNED_CONTEXT((#8670,#8671,#8672)) REPRESENTATION_CONTEXT
('Context #1','3D Context with UNIT and UNCERTAINTY') );
#8670 = ( LENGTH_UNIT() NAMED_UNIT(*) SI_UNIT(.MILLI.,.METRE.) );
#8671 = ( NAMED_UNIT(*) PLANE_ANGLE_UNIT() SI_UNIT($,.RADIAN.) );
#8672 = ( NAMED_UNIT(*) SI_UNIT($,.STERADIAN.) SOLID_ANGLE_UNIT() );
#8673 = UNCERTAINTY_MEASURE_WITH_UNIT(LENGTH_MEASURE(1.E-07),#8670,
  'distance_accuracy_value','confusion accuracy');
#8674 = CONTEXT_DEPENDENT_SHAPE_REPRESENTATION(#8675,#8677);
#8675 = ( REPRESENTATION_RELATIONSHIP('','',#8668,#6303) 
REPRESENTATION_RELATIONSHIP_WITH_TRANSFORMATION(#8676) 
SHAPE_REPRESENTATION_RELATIONSHIP() );
#8676 = ITEM_DEFINED_TRANSFORMATION('','',#11,#6312);
#8677 = PRODUCT_DEFINITION_SHAPE('Placement','Placement of an item',
  #8678);
#8678 = NEXT_ASSEMBLY_USAGE_OCCURRENCE('28','PIN1-ID','',#6298,#8663,$);
#8679 = PRODUCT_RELATED_PRODUCT_CATEGORY('part',$,(#8665));
#8680 = SHAPE_DEFINITION_REPRESENTATION(#8681,#8687);
#8681 = PRODUCT_DEFINITION_SHAPE('','',#8682);
#8682 = PRODUCT_DEFINITION('design','',#8683,#8686);
#8683 = PRODUCT_DEFINITION_FORMATION('','',#8684);
#8684 = PRODUCT('C4','C4','',(#8685));
#8685 = PRODUCT_CONTEXT('',#2,'mechanical');
#8686 = PRODUCT_DEFINITION_CONTEXT('part definition',#2,'design');
#8687 = SHAPE_REPRESENTATION('',(#11,#8688),#8692);
#8688 = AXIS2_PLACEMENT_3D('',#8689,#8690,#8691);
#8689 = CARTESIAN_POINT('',(0.,0.,0.));
#8690 = DIRECTION('',(0.,0.,1.));
#8691 = DIRECTION('',(1.,0.,-0.));
#8692 = ( GEOMETRIC_REPRESENTATION_CONTEXT(3) 
GLOBAL_UNCERTAINTY_ASSIGNED_CONTEXT((#8696)) 
GLOBAL_UNIT_ASSIGNED_CONTEXT((#8693,#8694,#8695)) REPRESENTATION_CONTEXT
('Context #1','3D Context with UNIT and UNCERTAINTY') );
#8693 = ( LENGTH_UNIT() NAMED_UNIT(*) SI_UNIT(.MILLI.,.METRE.) );
#8694 = ( NAMED_UNIT(*) PLANE_ANGLE_UNIT() SI_UNIT($,.RADIAN.) );
#8695 = ( NAMED_UNIT(*) SI_UNIT($,.STERADIAN.) SOLID_ANGLE_UNIT() );
#8696 = UNCERTAINTY_MEASURE_WITH_UNIT(LENGTH_MEASURE(1.E-07),#8693,
  'distance_accuracy_value','confusion accuracy');
#8697 = CONTEXT_DEPENDENT_SHAPE_REPRESENTATION(#8698,#8700);
#8698 = ( REPRESENTATION_RELATIONSHIP('','',#8687,#10) 
REPRESENTATION_RELATIONSHIP_WITH_TRANSFORMATION(#8699) 
SHAPE_REPRESENTATION_RELATIONSHIP() );
#8699 = ITEM_DEFINED_TRANSFORMATION('','',#11,#35);
#8700 = PRODUCT_DEFINITION_SHAPE('Placement','Placement of an item',
  #8701);
#8701 = NEXT_ASSEMBLY_USAGE_OCCURRENCE('37','C4','',#5,#8682,$);
#8702 = PRODUCT_RELATED_PRODUCT_CATEGORY('part',$,(#8684));
#8703 = SHAPE_DEFINITION_REPRESENTATION(#8704,#8710);
#8704 = PRODUCT_DEFINITION_SHAPE('','',#8705);
#8705 = PRODUCT_DEFINITION('design','',#8706,#8709);
#8706 = PRODUCT_DEFINITION_FORMATION('','',#8707);
#8707 = PRODUCT('Package','Package','',(#8708));
#8708 = PRODUCT_CONTEXT('',#2,'mechanical');
#8709 = PRODUCT_DEFINITION_CONTEXT('part definition',#2,'design');
#8710 = SHAPE_REPRESENTATION('',(#11,#8711),#8715);
#8711 = AXIS2_PLACEMENT_3D('',#8712,#8713,#8714);
#8712 = CARTESIAN_POINT('',(1.,0.,0.));
#8713 = DIRECTION('',(0.,0.,1.));
#8714 = DIRECTION('',(1.,0.,0.));
#8715 = ( GEOMETRIC_REPRESENTATION_CONTEXT(3) 
GLOBAL_UNCERTAINTY_ASSIGNED_CONTEXT((#8719)) 
GLOBAL_UNIT_ASSIGNED_CONTEXT((#8716,#8717,#8718)) REPRESENTATION_CONTEXT
('Context #1','3D Context with UNIT and UNCERTAINTY') );
#8716 = ( LENGTH_UNIT() NAMED_UNIT(*) SI_UNIT(.MILLI.,.METRE.) );
#8717 = ( NAMED_UNIT(*) PLANE_ANGLE_UNIT() SI_UNIT($,.RADIAN.) );
#8718 = ( NAMED_UNIT(*) SI_UNIT($,.STERADIAN.) SOLID_ANGLE_UNIT() );
#8719 = UNCERTAINTY_MEASURE_WITH_UNIT(LENGTH_MEASURE(1.E-07),#8716,
  'distance_accuracy_value','confusion accuracy');
#8720 = CONTEXT_DEPENDENT_SHAPE_REPRESENTATION(#8721,#8723);
#8721 = ( REPRESENTATION_RELATIONSHIP('','',#8710,#8687) 
REPRESENTATION_RELATIONSHIP_WITH_TRANSFORMATION(#8722) 
SHAPE_REPRESENTATION_RELATIONSHIP() );
#8722 = ITEM_DEFINED_TRANSFORMATION('','',#11,#8688);
#8723 = PRODUCT_DEFINITION_SHAPE('Placement','Placement of an item',
  #8724);
#8724 = NEXT_ASSEMBLY_USAGE_OCCURRENCE('36','Package','',#8682,#8705,$);
#8725 = PRODUCT_RELATED_PRODUCT_CATEGORY('part',$,(#8707));
#8726 = SHAPE_DEFINITION_REPRESENTATION(#8727,#8733);
#8727 = PRODUCT_DEFINITION_SHAPE('','',#8728);
#8728 = PRODUCT_DEFINITION('design','',#8729,#8732);
#8729 = PRODUCT_DEFINITION_FORMATION('','',#8730);
#8730 = PRODUCT('Body_1','Body_1','',(#8731));
#8731 = PRODUCT_CONTEXT('',#2,'mechanical');
#8732 = PRODUCT_DEFINITION_CONTEXT('part definition',#2,'design');
#8733 = SHAPE_REPRESENTATION('',(#11,#8734,#8738,#8742),#8746);
#8734 = AXIS2_PLACEMENT_3D('',#8735,#8736,#8737);
#8735 = CARTESIAN_POINT('',(0.,0.,0.));
#8736 = DIRECTION('',(0.,0.,1.));
#8737 = DIRECTION('',(1.,0.,-0.));
#8738 = AXIS2_PLACEMENT_3D('',#8739,#8740,#8741);
#8739 = CARTESIAN_POINT('',(0.,0.,0.));
#8740 = DIRECTION('',(0.,0.,1.));
#8741 = DIRECTION('',(1.,0.,-0.));
#8742 = AXIS2_PLACEMENT_3D('',#8743,#8744,#8745);
#8743 = CARTESIAN_POINT('',(0.,0.,0.));
#8744 = DIRECTION('',(0.,0.,1.));
#8745 = DIRECTION('',(1.,0.,-0.));
#8746 = ( GEOMETRIC_REPRESENTATION_CONTEXT(3) 
GLOBAL_UNCERTAINTY_ASSIGNED_CONTEXT((#8750)) 
GLOBAL_UNIT_ASSIGNED_CONTEXT((#8747,#8748,#8749)) REPRESENTATION_CONTEXT
('Context #1','3D Context with UNIT and UNCERTAINTY') );
#8747 = ( LENGTH_UNIT() NAMED_UNIT(*) SI_UNIT(.MILLI.,.METRE.) );
#8748 = ( NAMED_UNIT(*) PLANE_ANGLE_UNIT() SI_UNIT($,.RADIAN.) );
#8749 = ( NAMED_UNIT(*) SI_UNIT($,.STERADIAN.) SOLID_ANGLE_UNIT() );
#8750 = UNCERTAINTY_MEASURE_WITH_UNIT(LENGTH_MEASURE(1.E-07),#8747,
  'distance_accuracy_value','confusion accuracy');
#8751 = CONTEXT_DEPENDENT_SHAPE_REPRESENTATION(#8752,#8754);
#8752 = ( REPRESENTATION_RELATIONSHIP('','',#8733,#8710) 
REPRESENTATION_RELATIONSHIP_WITH_TRANSFORMATION(#8753) 
SHAPE_REPRESENTATION_RELATIONSHIP() );
#8753 = ITEM_DEFINED_TRANSFORMATION('','',#11,#8711);
#8754 = PRODUCT_DEFINITION_SHAPE('Placement','Placement of an item',
  #8755);
#8755 = NEXT_ASSEMBLY_USAGE_OCCURRENCE('35','Body_1','',#8705,#8728,$);
#8756 = PRODUCT_RELATED_PRODUCT_CATEGORY('part',$,(#8730));
#8757 = CONTEXT_DEPENDENT_SHAPE_REPRESENTATION(#8758,#8760);
#8758 = ( REPRESENTATION_RELATIONSHIP('','',#4910,#8733) 
REPRESENTATION_RELATIONSHIP_WITH_TRANSFORMATION(#8759) 
SHAPE_REPRESENTATION_RELATIONSHIP() );
#8759 = ITEM_DEFINED_TRANSFORMATION('','',#11,#8734);
#8760 = PRODUCT_DEFINITION_SHAPE('Placement','Placement of an item',
  #8761);
#8761 = NEXT_ASSEMBLY_USAGE_OCCURRENCE('32','Part 3','',#8728,#4905,$);
#8762 = CONTEXT_DEPENDENT_SHAPE_REPRESENTATION(#8763,#8765);
#8763 = ( REPRESENTATION_RELATIONSHIP('','',#5219,#8733) 
REPRESENTATION_RELATIONSHIP_WITH_TRANSFORMATION(#8764) 
SHAPE_REPRESENTATION_RELATIONSHIP() );
#8764 = ITEM_DEFINED_TRANSFORMATION('','',#11,#8738);
#8765 = PRODUCT_DEFINITION_SHAPE('Placement','Placement of an item',
  #8766);
#8766 = NEXT_ASSEMBLY_USAGE_OCCURRENCE('33','Part 2','',#8728,#5214,$);
#8767 = CONTEXT_DEPENDENT_SHAPE_REPRESENTATION(#8768,#8770);
#8768 = ( REPRESENTATION_RELATIONSHIP('','',#5692,#8733) 
REPRESENTATION_RELATIONSHIP_WITH_TRANSFORMATION(#8769) 
SHAPE_REPRESENTATION_RELATIONSHIP() );
#8769 = ITEM_DEFINED_TRANSFORMATION('','',#11,#8742);
#8770 = PRODUCT_DEFINITION_SHAPE('Placement','Placement of an item',
  #8771);
#8771 = NEXT_ASSEMBLY_USAGE_OCCURRENCE('34','Part 1','',#8728,#5687,$);
#8772 = SHAPE_DEFINITION_REPRESENTATION(#8773,#8779);
#8773 = PRODUCT_DEFINITION_SHAPE('','',#8774);
#8774 = PRODUCT_DEFINITION('design','',#8775,#8778);
#8775 = PRODUCT_DEFINITION_FORMATION('','',#8776);
#8776 = PRODUCT('R1','R1','',(#8777));
#8777 = PRODUCT_CONTEXT('',#2,'mechanical');
#8778 = PRODUCT_DEFINITION_CONTEXT('part definition',#2,'design');
#8779 = SHAPE_REPRESENTATION('',(#11,#8780),#8784);
#8780 = AXIS2_PLACEMENT_3D('',#8781,#8782,#8783);
#8781 = CARTESIAN_POINT('',(0.,0.,0.));
#8782 = DIRECTION('',(0.,0.,1.));
#8783 = DIRECTION('',(1.,0.,-0.));
#8784 = ( GEOMETRIC_REPRESENTATION_CONTEXT(3) 
GLOBAL_UNCERTAINTY_ASSIGNED_CONTEXT((#8788)) 
GLOBAL_UNIT_ASSIGNED_CONTEXT((#8785,#8786,#8787)) REPRESENTATION_CONTEXT
('Context #1','3D Context with UNIT and UNCERTAINTY') );
#8785 = ( LENGTH_UNIT() NAMED_UNIT(*) SI_UNIT(.MILLI.,.METRE.) );
#8786 = ( NAMED_UNIT(*) PLANE_ANGLE_UNIT() SI_UNIT($,.RADIAN.) );
#8787 = ( NAMED_UNIT(*) SI_UNIT($,.STERADIAN.) SOLID_ANGLE_UNIT() );
#8788 = UNCERTAINTY_MEASURE_WITH_UNIT(LENGTH_MEASURE(1.E-07),#8785,
  'distance_accuracy_value','confusion accuracy');
#8789 = CONTEXT_DEPENDENT_SHAPE_REPRESENTATION(#8790,#8792);
#8790 = ( REPRESENTATION_RELATIONSHIP('','',#8779,#10) 
REPRESENTATION_RELATIONSHIP_WITH_TRANSFORMATION(#8791) 
SHAPE_REPRESENTATION_RELATIONSHIP() );
#8791 = ITEM_DEFINED_TRANSFORMATION('','',#11,#39);
#8792 = PRODUCT_DEFINITION_SHAPE('Placement','Placement of an item',
  #8793);
#8793 = NEXT_ASSEMBLY_USAGE_OCCURRENCE('44','R1','',#5,#8774,$);
#8794 = PRODUCT_RELATED_PRODUCT_CATEGORY('part',$,(#8776));
#8795 = SHAPE_DEFINITION_REPRESENTATION(#8796,#8802);
#8796 = PRODUCT_DEFINITION_SHAPE('','',#8797);
#8797 = PRODUCT_DEFINITION('design','',#8798,#8801);
#8798 = PRODUCT_DEFINITION_FORMATION('','',#8799);
#8799 = PRODUCT('Package','Package','',(#8800));
#8800 = PRODUCT_CONTEXT('',#2,'mechanical');
#8801 = PRODUCT_DEFINITION_CONTEXT('part definition',#2,'design');
#8802 = SHAPE_REPRESENTATION('',(#11,#8803),#8807);
#8803 = AXIS2_PLACEMENT_3D('',#8804,#8805,#8806);
#8804 = CARTESIAN_POINT('',(0.8,0.,0.));
#8805 = DIRECTION('',(0.,-1.,-2.22044604925E-16));
#8806 = DIRECTION('',(1.,0.,0.));
#8807 = ( GEOMETRIC_REPRESENTATION_CONTEXT(3) 
GLOBAL_UNCERTAINTY_ASSIGNED_CONTEXT((#8811)) 
GLOBAL_UNIT_ASSIGNED_CONTEXT((#8808,#8809,#8810)) REPRESENTATION_CONTEXT
('Context #1','3D Context with UNIT and UNCERTAINTY') );
#8808 = ( LENGTH_UNIT() NAMED_UNIT(*) SI_UNIT(.MILLI.,.METRE.) );
#8809 = ( NAMED_UNIT(*) PLANE_ANGLE_UNIT() SI_UNIT($,.RADIAN.) );
#8810 = ( NAMED_UNIT(*) SI_UNIT($,.STERADIAN.) SOLID_ANGLE_UNIT() );
#8811 = UNCERTAINTY_MEASURE_WITH_UNIT(LENGTH_MEASURE(1.E-07),#8808,
  'distance_accuracy_value','confusion accuracy');
#8812 = CONTEXT_DEPENDENT_SHAPE_REPRESENTATION(#8813,#8815);
#8813 = ( REPRESENTATION_RELATIONSHIP('','',#8802,#8779) 
REPRESENTATION_RELATIONSHIP_WITH_TRANSFORMATION(#8814) 
SHAPE_REPRESENTATION_RELATIONSHIP() );
#8814 = ITEM_DEFINED_TRANSFORMATION('','',#11,#8780);
#8815 = PRODUCT_DEFINITION_SHAPE('Placement','Placement of an item',
  #8816);
#8816 = NEXT_ASSEMBLY_USAGE_OCCURRENCE('43','Package','',#8774,#8797,$);
#8817 = PRODUCT_RELATED_PRODUCT_CATEGORY('part',$,(#8799));
#8818 = SHAPE_DEFINITION_REPRESENTATION(#8819,#8825);
#8819 = PRODUCT_DEFINITION_SHAPE('','',#8820);
#8820 = PRODUCT_DEFINITION('design','',#8821,#8824);
#8821 = PRODUCT_DEFINITION_FORMATION('','',#8822);
#8822 = PRODUCT('Body_1','Body_1','',(#8823));
#8823 = PRODUCT_CONTEXT('',#2,'mechanical');
#8824 = PRODUCT_DEFINITION_CONTEXT('part definition',#2,'design');
#8825 = SHAPE_REPRESENTATION('',(#11,#8826,#8830,#8834,#8838),#8842);
#8826 = AXIS2_PLACEMENT_3D('',#8827,#8828,#8829);
#8827 = CARTESIAN_POINT('',(0.,0.,0.));
#8828 = DIRECTION('',(0.,0.,1.));
#8829 = DIRECTION('',(1.,0.,-0.));
#8830 = AXIS2_PLACEMENT_3D('',#8831,#8832,#8833);
#8831 = CARTESIAN_POINT('',(0.,0.,0.));
#8832 = DIRECTION('',(0.,0.,1.));
#8833 = DIRECTION('',(1.,0.,-0.));
#8834 = AXIS2_PLACEMENT_3D('',#8835,#8836,#8837);
#8835 = CARTESIAN_POINT('',(0.,0.,0.));
#8836 = DIRECTION('',(0.,0.,1.));
#8837 = DIRECTION('',(1.,0.,-0.));
#8838 = AXIS2_PLACEMENT_3D('',#8839,#8840,#8841);
#8839 = CARTESIAN_POINT('',(0.,0.,0.));
#8840 = DIRECTION('',(0.,0.,1.));
#8841 = DIRECTION('',(1.,0.,-0.));
#8842 = ( GEOMETRIC_REPRESENTATION_CONTEXT(3) 
GLOBAL_UNCERTAINTY_ASSIGNED_CONTEXT((#8846)) 
GLOBAL_UNIT_ASSIGNED_CONTEXT((#8843,#8844,#8845)) REPRESENTATION_CONTEXT
('Context #1','3D Context with UNIT and UNCERTAINTY') );
#8843 = ( LENGTH_UNIT() NAMED_UNIT(*) SI_UNIT(.MILLI.,.METRE.) );
#8844 = ( NAMED_UNIT(*) PLANE_ANGLE_UNIT() SI_UNIT($,.RADIAN.) );
#8845 = ( NAMED_UNIT(*) SI_UNIT($,.STERADIAN.) SOLID_ANGLE_UNIT() );
#8846 = UNCERTAINTY_MEASURE_WITH_UNIT(LENGTH_MEASURE(1.E-07),#8843,
  'distance_accuracy_value','confusion accuracy');
#8847 = CONTEXT_DEPENDENT_SHAPE_REPRESENTATION(#8848,#8850);
#8848 = ( REPRESENTATION_RELATIONSHIP('','',#8825,#8802) 
REPRESENTATION_RELATIONSHIP_WITH_TRANSFORMATION(#8849) 
SHAPE_REPRESENTATION_RELATIONSHIP() );
#8849 = ITEM_DEFINED_TRANSFORMATION('','',#11,#8803);
#8850 = PRODUCT_DEFINITION_SHAPE('Placement','Placement of an item',
  #8851);
#8851 = NEXT_ASSEMBLY_USAGE_OCCURRENCE('42','Body_1','',#8797,#8820,$);
#8852 = PRODUCT_RELATED_PRODUCT_CATEGORY('part',$,(#8822));
#8853 = SHAPE_DEFINITION_REPRESENTATION(#8854,#8860);
#8854 = PRODUCT_DEFINITION_SHAPE('','',#8855);
#8855 = PRODUCT_DEFINITION('design','',#8856,#8859);
#8856 = PRODUCT_DEFINITION_FORMATION('','',#8857);
#8857 = PRODUCT('=>[0:1:1:3]','=>[0:1:1:3]','',(#8858));
#8858 = PRODUCT_CONTEXT('',#2,'mechanical');
#8859 = PRODUCT_DEFINITION_CONTEXT('part definition',#2,'design');
#8860 = ADVANCED_BREP_SHAPE_REPRESENTATION('',(#11,#8861),#9011);
#8861 = MANIFOLD_SOLID_BREP('',#8862);
#8862 = CLOSED_SHELL('',(#8863,#8903,#8934,#8965,#8987,#8999));
#8863 = ADVANCED_FACE('',(#8864),#8898,.F.);
#8864 = FACE_BOUND('',#8865,.T.);
#8865 = EDGE_LOOP('',(#8866,#8876,#8884,#8892));
#8866 = ORIENTED_EDGE('',*,*,#8867,.T.);
#8867 = EDGE_CURVE('',#8868,#8870,#8872,.T.);
#8868 = VERTEX_POINT('',#8869);
#8869 = CARTESIAN_POINT('',(-0.8,0.5,-0.4));
#8870 = VERTEX_POINT('',#8871);
#8871 = CARTESIAN_POINT('',(-0.8,5.E-02,-0.4));
#8872 = LINE('',#8873,#8874);
#8873 = CARTESIAN_POINT('',(-0.8,0.5,-0.4));
#8874 = VECTOR('',#8875,1.);
#8875 = DIRECTION('',(-0.,-1.,-0.));
#8876 = ORIENTED_EDGE('',*,*,#8877,.T.);
#8877 = EDGE_CURVE('',#8870,#8878,#8880,.T.);
#8878 = VERTEX_POINT('',#8879);
#8879 = CARTESIAN_POINT('',(-0.8,5.E-02,0.4));
#8880 = LINE('',#8881,#8882);
#8881 = CARTESIAN_POINT('',(-0.8,5.E-02,-0.4));
#8882 = VECTOR('',#8883,1.);
#8883 = DIRECTION('',(-0.,-0.,1.));
#8884 = ORIENTED_EDGE('',*,*,#8885,.F.);
#8885 = EDGE_CURVE('',#8886,#8878,#8888,.T.);
#8886 = VERTEX_POINT('',#8887);
#8887 = CARTESIAN_POINT('',(-0.8,0.5,0.4));
#8888 = LINE('',#8889,#8890);
#8889 = CARTESIAN_POINT('',(-0.8,0.5,0.4));
#8890 = VECTOR('',#8891,1.);
#8891 = DIRECTION('',(-0.,-1.,-0.));
#8892 = ORIENTED_EDGE('',*,*,#8893,.F.);
#8893 = EDGE_CURVE('',#8868,#8886,#8894,.T.);
#8894 = LINE('',#8895,#8896);
#8895 = CARTESIAN_POINT('',(-0.8,0.5,-0.4));
#8896 = VECTOR('',#8897,1.);
#8897 = DIRECTION('',(1.355252715607E-16,0.,1.));
#8898 = PLANE('',#8899);
#8899 = AXIS2_PLACEMENT_3D('',#8900,#8901,#8902);
#8900 = CARTESIAN_POINT('',(-0.8,0.5,-0.4));
#8901 = DIRECTION('',(1.,0.,-1.355252715607E-16));
#8902 = DIRECTION('',(-1.355252715607E-16,0.,-1.));
#8903 = ADVANCED_FACE('',(#8904),#8929,.F.);
#8904 = FACE_BOUND('',#8905,.T.);
#8905 = EDGE_LOOP('',(#8906,#8907,#8915,#8923));
#8906 = ORIENTED_EDGE('',*,*,#8885,.T.);
#8907 = ORIENTED_EDGE('',*,*,#8908,.F.);
#8908 = EDGE_CURVE('',#8909,#8878,#8911,.T.);
#8909 = VERTEX_POINT('',#8910);
#8910 = CARTESIAN_POINT('',(0.8,5.E-02,0.4));
#8911 = LINE('',#8912,#8913);
#8912 = CARTESIAN_POINT('',(-0.8,5.E-02,0.4));
#8913 = VECTOR('',#8914,1.);
#8914 = DIRECTION('',(-1.,-4.235164736272E-18,-0.));
#8915 = ORIENTED_EDGE('',*,*,#8916,.F.);
#8916 = EDGE_CURVE('',#8917,#8909,#8919,.T.);
#8917 = VERTEX_POINT('',#8918);
#8918 = CARTESIAN_POINT('',(0.8,0.5,0.4));
#8919 = LINE('',#8920,#8921);
#8920 = CARTESIAN_POINT('',(0.8,0.5,0.4));
#8921 = VECTOR('',#8922,1.);
#8922 = DIRECTION('',(-0.,-1.,-0.));
#8923 = ORIENTED_EDGE('',*,*,#8924,.F.);
#8924 = EDGE_CURVE('',#8886,#8917,#8925,.T.);
#8925 = LINE('',#8926,#8927);
#8926 = CARTESIAN_POINT('',(0.8,0.5,0.4));
#8927 = VECTOR('',#8928,1.);
#8928 = DIRECTION('',(1.,-0.,-1.355252715607E-16));
#8929 = PLANE('',#8930);
#8930 = AXIS2_PLACEMENT_3D('',#8931,#8932,#8933);
#8931 = CARTESIAN_POINT('',(0.8,0.5,0.4));
#8932 = DIRECTION('',(-1.355252715607E-16,0.,-1.));
#8933 = DIRECTION('',(-1.,0.,1.355252715607E-16));
#8934 = ADVANCED_FACE('',(#8935),#8960,.F.);
#8935 = FACE_BOUND('',#8936,.T.);
#8936 = EDGE_LOOP('',(#8937,#8938,#8946,#8954));
#8937 = ORIENTED_EDGE('',*,*,#8916,.T.);
#8938 = ORIENTED_EDGE('',*,*,#8939,.F.);
#8939 = EDGE_CURVE('',#8940,#8909,#8942,.T.);
#8940 = VERTEX_POINT('',#8941);
#8941 = CARTESIAN_POINT('',(0.8,5.E-02,-0.4));
#8942 = LINE('',#8943,#8944);
#8943 = CARTESIAN_POINT('',(0.8,5.E-02,-0.4));
#8944 = VECTOR('',#8945,1.);
#8945 = DIRECTION('',(-0.,-0.,1.));
#8946 = ORIENTED_EDGE('',*,*,#8947,.F.);
#8947 = EDGE_CURVE('',#8948,#8940,#8950,.T.);
#8948 = VERTEX_POINT('',#8949);
#8949 = CARTESIAN_POINT('',(0.8,0.5,-0.4));
#8950 = LINE('',#8951,#8952);
#8951 = CARTESIAN_POINT('',(0.8,0.5,-0.4));
#8952 = VECTOR('',#8953,1.);
#8953 = DIRECTION('',(-0.,-1.,-0.));
#8954 = ORIENTED_EDGE('',*,*,#8955,.F.);
#8955 = EDGE_CURVE('',#8917,#8948,#8956,.T.);
#8956 = LINE('',#8957,#8958);
#8957 = CARTESIAN_POINT('',(0.8,0.5,-0.4));
#8958 = VECTOR('',#8959,1.);
#8959 = DIRECTION('',(-1.355252715607E-16,-0.,-1.));
#8960 = PLANE('',#8961);
#8961 = AXIS2_PLACEMENT_3D('',#8962,#8963,#8964);
#8962 = CARTESIAN_POINT('',(0.8,0.5,-0.4));
#8963 = DIRECTION('',(-1.,0.,1.355252715607E-16));
#8964 = DIRECTION('',(1.355252715607E-16,0.,1.));
#8965 = ADVANCED_FACE('',(#8966),#8982,.F.);
#8966 = FACE_BOUND('',#8967,.T.);
#8967 = EDGE_LOOP('',(#8968,#8969,#8975,#8976));
#8968 = ORIENTED_EDGE('',*,*,#8947,.T.);
#8969 = ORIENTED_EDGE('',*,*,#8970,.T.);
#8970 = EDGE_CURVE('',#8940,#8870,#8971,.T.);
#8971 = LINE('',#8972,#8973);
#8972 = CARTESIAN_POINT('',(-0.8,5.E-02,-0.4));
#8973 = VECTOR('',#8974,1.);
#8974 = DIRECTION('',(-1.,-4.235164736272E-18,-0.));
#8975 = ORIENTED_EDGE('',*,*,#8867,.F.);
#8976 = ORIENTED_EDGE('',*,*,#8977,.F.);
#8977 = EDGE_CURVE('',#8948,#8868,#8978,.T.);
#8978 = LINE('',#8979,#8980);
#8979 = CARTESIAN_POINT('',(0.8,0.5,-0.4));
#8980 = VECTOR('',#8981,1.);
#8981 = DIRECTION('',(-1.,0.,1.355252715607E-16));
#8982 = PLANE('',#8983);
#8983 = AXIS2_PLACEMENT_3D('',#8984,#8985,#8986);
#8984 = CARTESIAN_POINT('',(0.8,0.5,-0.4));
#8985 = DIRECTION('',(1.355252715607E-16,-0.,1.));
#8986 = DIRECTION('',(1.,0.,-1.355252715607E-16));
#8987 = ADVANCED_FACE('',(#8988),#8994,.F.);
#8988 = FACE_BOUND('',#8989,.T.);
#8989 = EDGE_LOOP('',(#8990,#8991,#8992,#8993));
#8990 = ORIENTED_EDGE('',*,*,#8893,.T.);
#8991 = ORIENTED_EDGE('',*,*,#8924,.T.);
#8992 = ORIENTED_EDGE('',*,*,#8955,.T.);
#8993 = ORIENTED_EDGE('',*,*,#8977,.T.);
#8994 = PLANE('',#8995);
#8995 = AXIS2_PLACEMENT_3D('',#8996,#8997,#8998);
#8996 = CARTESIAN_POINT('',(-0.8,0.5,0.4));
#8997 = DIRECTION('',(0.,-1.,0.));
#8998 = DIRECTION('',(0.,-0.,-1.));
#8999 = ADVANCED_FACE('',(#9000),#9006,.F.);
#9000 = FACE_BOUND('',#9001,.T.);
#9001 = EDGE_LOOP('',(#9002,#9003,#9004,#9005));
#9002 = ORIENTED_EDGE('',*,*,#8908,.T.);
#9003 = ORIENTED_EDGE('',*,*,#8877,.F.);
#9004 = ORIENTED_EDGE('',*,*,#8970,.F.);
#9005 = ORIENTED_EDGE('',*,*,#8939,.T.);
#9006 = PLANE('',#9007);
#9007 = AXIS2_PLACEMENT_3D('',#9008,#9009,#9010);
#9008 = CARTESIAN_POINT('',(-0.8,5.E-02,-0.4));
#9009 = DIRECTION('',(-4.235164736272E-18,1.,0.));
#9010 = DIRECTION('',(-1.,-4.235164736272E-18,0.));
#9011 = ( GEOMETRIC_REPRESENTATION_CONTEXT(3) 
GLOBAL_UNCERTAINTY_ASSIGNED_CONTEXT((#9015)) 
GLOBAL_UNIT_ASSIGNED_CONTEXT((#9012,#9013,#9014)) REPRESENTATION_CONTEXT
('Context #1','3D Context with UNIT and UNCERTAINTY') );
#9012 = ( LENGTH_UNIT() NAMED_UNIT(*) SI_UNIT(.MILLI.,.METRE.) );
#9013 = ( NAMED_UNIT(*) PLANE_ANGLE_UNIT() SI_UNIT($,.RADIAN.) );
#9014 = ( NAMED_UNIT(*) SI_UNIT($,.STERADIAN.) SOLID_ANGLE_UNIT() );
#9015 = UNCERTAINTY_MEASURE_WITH_UNIT(LENGTH_MEASURE(1.E-07),#9012,
  'distance_accuracy_value','confusion accuracy');
#9016 = CONTEXT_DEPENDENT_SHAPE_REPRESENTATION(#9017,#9019);
#9017 = ( REPRESENTATION_RELATIONSHIP('','',#8860,#8825) 
REPRESENTATION_RELATIONSHIP_WITH_TRANSFORMATION(#9018) 
SHAPE_REPRESENTATION_RELATIONSHIP() );
#9018 = ITEM_DEFINED_TRANSFORMATION('','',#11,#8826);
#9019 = PRODUCT_DEFINITION_SHAPE('Placement','Placement of an item',
  #9020);
#9020 = NEXT_ASSEMBLY_USAGE_OCCURRENCE('38','=>[0:1:1:3]','',#8820,#8855
  ,$);
#9021 = PRODUCT_RELATED_PRODUCT_CATEGORY('part',$,(#8857));
#9022 = SHAPE_DEFINITION_REPRESENTATION(#9023,#9029);
#9023 = PRODUCT_DEFINITION_SHAPE('','',#9024);
#9024 = PRODUCT_DEFINITION('design','',#9025,#9028);
#9025 = PRODUCT_DEFINITION_FORMATION('','',#9026);
#9026 = PRODUCT('=>[0:1:1:4]','=>[0:1:1:4]','',(#9027));
#9027 = PRODUCT_CONTEXT('',#2,'mechanical');
#9028 = PRODUCT_DEFINITION_CONTEXT('part definition',#2,'design');
#9029 = ADVANCED_BREP_SHAPE_REPRESENTATION('',(#11,#9030),#9444);
#9030 = MANIFOLD_SOLID_BREP('',#9031);
#9031 = CLOSED_SHELL('',(#9032,#9072,#9112,#9143,#9174,#9237,#9270,#9326
    ,#9352,#9374,#9386,#9403,#9415,#9432));
#9032 = ADVANCED_FACE('',(#9033),#9067,.F.);
#9033 = FACE_BOUND('',#9034,.T.);
#9034 = EDGE_LOOP('',(#9035,#9045,#9053,#9061));
#9035 = ORIENTED_EDGE('',*,*,#9036,.F.);
#9036 = EDGE_CURVE('',#9037,#9039,#9041,.T.);
#9037 = VERTEX_POINT('',#9038);
#9038 = CARTESIAN_POINT('',(-0.55,5.E-02,-0.4));
#9039 = VERTEX_POINT('',#9040);
#9040 = CARTESIAN_POINT('',(-0.55,5.E-02,0.4));
#9041 = LINE('',#9042,#9043);
#9042 = CARTESIAN_POINT('',(-0.55,5.E-02,-0.4));
#9043 = VECTOR('',#9044,1.);
#9044 = DIRECTION('',(0.,0.,1.));
#9045 = ORIENTED_EDGE('',*,*,#9046,.F.);
#9046 = EDGE_CURVE('',#9047,#9037,#9049,.T.);
#9047 = VERTEX_POINT('',#9048);
#9048 = CARTESIAN_POINT('',(-0.8,5.E-02,-0.4));
#9049 = LINE('',#9050,#9051);
#9050 = CARTESIAN_POINT('',(-0.8,5.E-02,-0.4));
#9051 = VECTOR('',#9052,1.);
#9052 = DIRECTION('',(1.,0.,0.));
#9053 = ORIENTED_EDGE('',*,*,#9054,.F.);
#9054 = EDGE_CURVE('',#9055,#9047,#9057,.T.);
#9055 = VERTEX_POINT('',#9056);
#9056 = CARTESIAN_POINT('',(-0.8,5.E-02,0.4));
#9057 = LINE('',#9058,#9059);
#9058 = CARTESIAN_POINT('',(-0.8,5.E-02,-0.4));
#9059 = VECTOR('',#9060,1.);
#9060 = DIRECTION('',(0.,0.,-1.));
#9061 = ORIENTED_EDGE('',*,*,#9062,.T.);
#9062 = EDGE_CURVE('',#9055,#9039,#9063,.T.);
#9063 = LINE('',#9064,#9065);
#9064 = CARTESIAN_POINT('',(-0.8,5.E-02,0.4));
#9065 = VECTOR('',#9066,1.);
#9066 = DIRECTION('',(1.,0.,0.));
#9067 = PLANE('',#9068);
#9068 = AXIS2_PLACEMENT_3D('',#9069,#9070,#9071);
#9069 = CARTESIAN_POINT('',(-0.8,5.E-02,-0.4));
#9070 = DIRECTION('',(0.,-1.,0.));
#9071 = DIRECTION('',(0.,-0.,-1.));
#9072 = ADVANCED_FACE('',(#9073),#9107,.F.);
#9073 = FACE_BOUND('',#9074,.T.);
#9074 = EDGE_LOOP('',(#9075,#9085,#9093,#9101));
#9075 = ORIENTED_EDGE('',*,*,#9076,.F.);
#9076 = EDGE_CURVE('',#9077,#9079,#9081,.T.);
#9077 = VERTEX_POINT('',#9078);
#9078 = CARTESIAN_POINT('',(-0.55,0.,0.4));
#9079 = VERTEX_POINT('',#9080);
#9080 = CARTESIAN_POINT('',(-0.55,2.168404344971E-16,-0.4));
#9081 = LINE('',#9082,#9083);
#9082 = CARTESIAN_POINT('',(-0.55,2.168404344971E-16,0.4));
#9083 = VECTOR('',#9084,1.);
#9084 = DIRECTION('',(0.,0.,-1.));
#9085 = ORIENTED_EDGE('',*,*,#9086,.F.);
#9086 = EDGE_CURVE('',#9087,#9077,#9089,.T.);
#9087 = VERTEX_POINT('',#9088);
#9088 = CARTESIAN_POINT('',(-0.85,0.,0.4));
#9089 = LINE('',#9090,#9091);
#9090 = CARTESIAN_POINT('',(-0.85,0.,0.4));
#9091 = VECTOR('',#9092,1.);
#9092 = DIRECTION('',(1.,0.,0.));
#9093 = ORIENTED_EDGE('',*,*,#9094,.F.);
#9094 = EDGE_CURVE('',#9095,#9087,#9097,.T.);
#9095 = VERTEX_POINT('',#9096);
#9096 = CARTESIAN_POINT('',(-0.85,2.168404344971E-16,-0.4));
#9097 = LINE('',#9098,#9099);
#9098 = CARTESIAN_POINT('',(-0.85,2.168404344971E-16,0.4));
#9099 = VECTOR('',#9100,1.);
#9100 = DIRECTION('',(0.,0.,1.));
#9101 = ORIENTED_EDGE('',*,*,#9102,.T.);
#9102 = EDGE_CURVE('',#9095,#9079,#9103,.T.);
#9103 = LINE('',#9104,#9105);
#9104 = CARTESIAN_POINT('',(-0.85,2.168404344971E-16,-0.4));
#9105 = VECTOR('',#9106,1.);
#9106 = DIRECTION('',(1.,0.,0.));
#9107 = PLANE('',#9108);
#9108 = AXIS2_PLACEMENT_3D('',#9109,#9110,#9111);
#9109 = CARTESIAN_POINT('',(-0.85,2.168404344971E-16,0.4));
#9110 = DIRECTION('',(0.,1.,0.));
#9111 = DIRECTION('',(0.,-0.,1.));
#9112 = ADVANCED_FACE('',(#9113),#9138,.T.);
#9113 = FACE_BOUND('',#9114,.T.);
#9114 = EDGE_LOOP('',(#9115,#9123,#9124,#9132));
#9115 = ORIENTED_EDGE('',*,*,#9116,.T.);
#9116 = EDGE_CURVE('',#9117,#9055,#9119,.T.);
#9117 = VERTEX_POINT('',#9118);
#9118 = CARTESIAN_POINT('',(-0.8,0.5,0.4));
#9119 = LINE('',#9120,#9121);
#9120 = CARTESIAN_POINT('',(-0.8,0.5,0.4));
#9121 = VECTOR('',#9122,1.);
#9122 = DIRECTION('',(1.971276677246E-16,-1.,0.));
#9123 = ORIENTED_EDGE('',*,*,#9054,.T.);
#9124 = ORIENTED_EDGE('',*,*,#9125,.F.);
#9125 = EDGE_CURVE('',#9126,#9047,#9128,.T.);
#9126 = VERTEX_POINT('',#9127);
#9127 = CARTESIAN_POINT('',(-0.8,0.5,-0.4));
#9128 = LINE('',#9129,#9130);
#9129 = CARTESIAN_POINT('',(-0.8,0.5,-0.4));
#9130 = VECTOR('',#9131,1.);
#9131 = DIRECTION('',(1.971276677246E-16,-1.,0.));
#9132 = ORIENTED_EDGE('',*,*,#9133,.T.);
#9133 = EDGE_CURVE('',#9126,#9117,#9134,.T.);
#9134 = LINE('',#9135,#9136);
#9135 = CARTESIAN_POINT('',(-0.8,0.5,-0.4));
#9136 = VECTOR('',#9137,1.);
#9137 = DIRECTION('',(0.,0.,1.));
#9138 = PLANE('',#9139);
#9139 = AXIS2_PLACEMENT_3D('',#9140,#9141,#9142);
#9140 = CARTESIAN_POINT('',(-0.8,0.5,-0.4));
#9141 = DIRECTION('',(1.,1.971276677246E-16,-0.));
#9142 = DIRECTION('',(-1.971276677246E-16,1.,0.));
#9143 = ADVANCED_FACE('',(#9144),#9169,.T.);
#9144 = FACE_BOUND('',#9145,.T.);
#9145 = EDGE_LOOP('',(#9146,#9154,#9155,#9163));
#9146 = ORIENTED_EDGE('',*,*,#9147,.T.);
#9147 = EDGE_CURVE('',#9148,#9095,#9150,.T.);
#9148 = VERTEX_POINT('',#9149);
#9149 = CARTESIAN_POINT('',(-0.85,0.55,-0.4));
#9150 = LINE('',#9151,#9152);
#9151 = CARTESIAN_POINT('',(-0.85,0.55,-0.4));
#9152 = VECTOR('',#9153,1.);
#9153 = DIRECTION('',(1.971276677246E-16,-1.,0.));
#9154 = ORIENTED_EDGE('',*,*,#9094,.T.);
#9155 = ORIENTED_EDGE('',*,*,#9156,.F.);
#9156 = EDGE_CURVE('',#9157,#9087,#9159,.T.);
#9157 = VERTEX_POINT('',#9158);
#9158 = CARTESIAN_POINT('',(-0.85,0.55,0.4));
#9159 = LINE('',#9160,#9161);
#9160 = CARTESIAN_POINT('',(-0.85,0.55,0.4));
#9161 = VECTOR('',#9162,1.);
#9162 = DIRECTION('',(1.971276677246E-16,-1.,0.));
#9163 = ORIENTED_EDGE('',*,*,#9164,.T.);
#9164 = EDGE_CURVE('',#9157,#9148,#9165,.T.);
#9165 = LINE('',#9166,#9167);
#9166 = CARTESIAN_POINT('',(-0.85,0.55,0.4));
#9167 = VECTOR('',#9168,1.);
#9168 = DIRECTION('',(0.,0.,-1.));
#9169 = PLANE('',#9170);
#9170 = AXIS2_PLACEMENT_3D('',#9171,#9172,#9173);
#9171 = CARTESIAN_POINT('',(-0.85,0.55,0.4));
#9172 = DIRECTION('',(-1.,-1.971276677246E-16,0.));
#9173 = DIRECTION('',(1.971276677246E-16,-1.,0.));
#9174 = ADVANCED_FACE('',(#9175),#9232,.F.);
#9175 = FACE_BOUND('',#9176,.T.);
#9176 = EDGE_LOOP('',(#9177,#9187,#9195,#9203,#9209,#9210,#9218,#9226));
#9177 = ORIENTED_EDGE('',*,*,#9178,.T.);
#9178 = EDGE_CURVE('',#9179,#9181,#9183,.T.);
#9179 = VERTEX_POINT('',#9180);
#9180 = CARTESIAN_POINT('',(-0.55,0.5,-0.25));
#9181 = VERTEX_POINT('',#9182);
#9182 = CARTESIAN_POINT('',(-0.55,0.5,0.25));
#9183 = LINE('',#9184,#9185);
#9184 = CARTESIAN_POINT('',(-0.55,0.5,-0.4));
#9185 = VECTOR('',#9186,1.);
#9186 = DIRECTION('',(0.,0.,1.));
#9187 = ORIENTED_EDGE('',*,*,#9188,.F.);
#9188 = EDGE_CURVE('',#9189,#9181,#9191,.T.);
#9189 = VERTEX_POINT('',#9190);
#9190 = CARTESIAN_POINT('',(-0.675,0.5,0.25));
#9191 = LINE('',#9192,#9193);
#9192 = CARTESIAN_POINT('',(-0.55,0.5,0.25));
#9193 = VECTOR('',#9194,1.);
#9194 = DIRECTION('',(1.,3.614007241618E-16,5.77761333104E-47));
#9195 = ORIENTED_EDGE('',*,*,#9196,.F.);
#9196 = EDGE_CURVE('',#9197,#9189,#9199,.T.);
#9197 = VERTEX_POINT('',#9198);
#9198 = CARTESIAN_POINT('',(-0.675,0.5,0.4));
#9199 = LINE('',#9200,#9201);
#9200 = CARTESIAN_POINT('',(-0.675,0.5,0.4));
#9201 = VECTOR('',#9202,1.);
#9202 = DIRECTION('',(0.,0.,-1.));
#9203 = ORIENTED_EDGE('',*,*,#9204,.F.);
#9204 = EDGE_CURVE('',#9117,#9197,#9205,.T.);
#9205 = LINE('',#9206,#9207);
#9206 = CARTESIAN_POINT('',(-1.626560977094,0.5,0.4));
#9207 = VECTOR('',#9208,1.);
#9208 = DIRECTION('',(1.,3.614007241618E-16,-0.));
#9209 = ORIENTED_EDGE('',*,*,#9133,.F.);
#9210 = ORIENTED_EDGE('',*,*,#9211,.T.);
#9211 = EDGE_CURVE('',#9126,#9212,#9214,.T.);
#9212 = VERTEX_POINT('',#9213);
#9213 = CARTESIAN_POINT('',(-0.675,0.5,-0.4));
#9214 = LINE('',#9215,#9216);
#9215 = CARTESIAN_POINT('',(-1.626560977094,0.5,-0.4));
#9216 = VECTOR('',#9217,1.);
#9217 = DIRECTION('',(1.,3.614007241618E-16,-0.));
#9218 = ORIENTED_EDGE('',*,*,#9219,.F.);
#9219 = EDGE_CURVE('',#9220,#9212,#9222,.T.);
#9220 = VERTEX_POINT('',#9221);
#9221 = CARTESIAN_POINT('',(-0.675,0.5,-0.25));
#9222 = LINE('',#9223,#9224);
#9223 = CARTESIAN_POINT('',(-0.675,0.5,-0.4));
#9224 = VECTOR('',#9225,1.);
#9225 = DIRECTION('',(0.,0.,-1.));
#9226 = ORIENTED_EDGE('',*,*,#9227,.F.);
#9227 = EDGE_CURVE('',#9179,#9220,#9228,.T.);
#9228 = LINE('',#9229,#9230);
#9229 = CARTESIAN_POINT('',(-0.55,0.5,-0.25));
#9230 = VECTOR('',#9231,1.);
#9231 = DIRECTION('',(-1.,-3.614007241618E-16,-5.77761333104E-47));
#9232 = PLANE('',#9233);
#9233 = AXIS2_PLACEMENT_3D('',#9234,#9235,#9236);
#9234 = CARTESIAN_POINT('',(-1.626560977094,0.5,-0.4));
#9235 = DIRECTION('',(-3.614007241618E-16,1.,0.));
#9236 = DIRECTION('',(-1.,-3.614007241618E-16,0.));
#9237 = ADVANCED_FACE('',(#9238),#9265,.F.);
#9238 = FACE_BOUND('',#9239,.T.);
#9239 = EDGE_LOOP('',(#9240,#9248,#9254,#9255,#9256,#9257,#9263,#9264));
#9240 = ORIENTED_EDGE('',*,*,#9241,.T.);
#9241 = EDGE_CURVE('',#9148,#9242,#9244,.T.);
#9242 = VERTEX_POINT('',#9243);
#9243 = CARTESIAN_POINT('',(-0.675,0.55,-0.4));
#9244 = LINE('',#9245,#9246);
#9245 = CARTESIAN_POINT('',(-1.626560977094,0.55,-0.4));
#9246 = VECTOR('',#9247,1.);
#9247 = DIRECTION('',(1.,3.614007241618E-16,-0.));
#9248 = ORIENTED_EDGE('',*,*,#9249,.F.);
#9249 = EDGE_CURVE('',#9212,#9242,#9250,.T.);
#9250 = LINE('',#9251,#9252);
#9251 = CARTESIAN_POINT('',(-0.675,-1.E-03,-0.4));
#9252 = VECTOR('',#9253,1.);
#9253 = DIRECTION('',(2.710505431214E-16,1.,4.701977403289E-32));
#9254 = ORIENTED_EDGE('',*,*,#9211,.F.);
#9255 = ORIENTED_EDGE('',*,*,#9125,.T.);
#9256 = ORIENTED_EDGE('',*,*,#9046,.T.);
#9257 = ORIENTED_EDGE('',*,*,#9258,.F.);
#9258 = EDGE_CURVE('',#9079,#9037,#9259,.T.);
#9259 = LINE('',#9260,#9261);
#9260 = CARTESIAN_POINT('',(-0.55,0.275,-0.4));
#9261 = VECTOR('',#9262,1.);
#9262 = DIRECTION('',(0.,1.,1.084202172486E-15));
#9263 = ORIENTED_EDGE('',*,*,#9102,.F.);
#9264 = ORIENTED_EDGE('',*,*,#9147,.F.);
#9265 = PLANE('',#9266);
#9266 = AXIS2_PLACEMENT_3D('',#9267,#9268,#9269);
#9267 = CARTESIAN_POINT('',(-1.626560977094,0.55,-0.4));
#9268 = DIRECTION('',(-3.918314502741E-31,1.084202172486E-15,1.));
#9269 = DIRECTION('',(0.,-1.,1.084202172486E-15));
#9270 = ADVANCED_FACE('',(#9271),#9321,.F.);
#9271 = FACE_BOUND('',#9272,.T.);
#9272 = EDGE_LOOP('',(#9273,#9283,#9291,#9299,#9307,#9313,#9314,#9315));
#9273 = ORIENTED_EDGE('',*,*,#9274,.F.);
#9274 = EDGE_CURVE('',#9275,#9277,#9279,.T.);
#9275 = VERTEX_POINT('',#9276);
#9276 = CARTESIAN_POINT('',(-0.675,0.55,0.25));
#9277 = VERTEX_POINT('',#9278);
#9278 = CARTESIAN_POINT('',(-0.675,0.55,0.4));
#9279 = LINE('',#9280,#9281);
#9280 = CARTESIAN_POINT('',(-0.675,0.55,0.4));
#9281 = VECTOR('',#9282,1.);
#9282 = DIRECTION('',(-0.,-0.,1.));
#9283 = ORIENTED_EDGE('',*,*,#9284,.F.);
#9284 = EDGE_CURVE('',#9285,#9275,#9287,.T.);
#9285 = VERTEX_POINT('',#9286);
#9286 = CARTESIAN_POINT('',(-0.55,0.55,0.25));
#9287 = LINE('',#9288,#9289);
#9288 = CARTESIAN_POINT('',(-0.55,0.55,0.25));
#9289 = VECTOR('',#9290,1.);
#9290 = DIRECTION('',(-1.,8.673617379884E-16,0.));
#9291 = ORIENTED_EDGE('',*,*,#9292,.T.);
#9292 = EDGE_CURVE('',#9285,#9293,#9295,.T.);
#9293 = VERTEX_POINT('',#9294);
#9294 = CARTESIAN_POINT('',(-0.55,0.55,-0.25));
#9295 = LINE('',#9296,#9297);
#9296 = CARTESIAN_POINT('',(-0.55,0.55,0.4));
#9297 = VECTOR('',#9298,1.);
#9298 = DIRECTION('',(0.,0.,-1.));
#9299 = ORIENTED_EDGE('',*,*,#9300,.F.);
#9300 = EDGE_CURVE('',#9301,#9293,#9303,.T.);
#9301 = VERTEX_POINT('',#9302);
#9302 = CARTESIAN_POINT('',(-0.675,0.55,-0.25));
#9303 = LINE('',#9304,#9305);
#9304 = CARTESIAN_POINT('',(-0.55,0.55,-0.25));
#9305 = VECTOR('',#9306,1.);
#9306 = DIRECTION('',(1.,-8.673617379884E-16,-0.));
#9307 = ORIENTED_EDGE('',*,*,#9308,.F.);
#9308 = EDGE_CURVE('',#9242,#9301,#9309,.T.);
#9309 = LINE('',#9310,#9311);
#9310 = CARTESIAN_POINT('',(-0.675,0.55,-0.4));
#9311 = VECTOR('',#9312,1.);
#9312 = DIRECTION('',(0.,0.,1.));
#9313 = ORIENTED_EDGE('',*,*,#9241,.F.);
#9314 = ORIENTED_EDGE('',*,*,#9164,.F.);
#9315 = ORIENTED_EDGE('',*,*,#9316,.T.);
#9316 = EDGE_CURVE('',#9157,#9277,#9317,.T.);
#9317 = LINE('',#9318,#9319);
#9318 = CARTESIAN_POINT('',(-1.626560977094,0.55,0.4));
#9319 = VECTOR('',#9320,1.);
#9320 = DIRECTION('',(1.,3.614007241618E-16,-0.));
#9321 = PLANE('',#9322);
#9322 = AXIS2_PLACEMENT_3D('',#9323,#9324,#9325);
#9323 = CARTESIAN_POINT('',(-1.626560977094,0.55,0.4));
#9324 = DIRECTION('',(3.614007241618E-16,-1.,0.));
#9325 = DIRECTION('',(1.,3.614007241618E-16,0.));
#9326 = ADVANCED_FACE('',(#9327),#9347,.F.);
#9327 = FACE_BOUND('',#9328,.T.);
#9328 = EDGE_LOOP('',(#9329,#9330,#9336,#9337,#9338,#9339,#9345,#9346));
#9329 = ORIENTED_EDGE('',*,*,#9204,.T.);
#9330 = ORIENTED_EDGE('',*,*,#9331,.T.);
#9331 = EDGE_CURVE('',#9197,#9277,#9332,.T.);
#9332 = LINE('',#9333,#9334);
#9333 = CARTESIAN_POINT('',(-0.675,-1.E-03,0.4));
#9334 = VECTOR('',#9335,1.);
#9335 = DIRECTION('',(2.710505431214E-16,1.,4.701977403289E-32));
#9336 = ORIENTED_EDGE('',*,*,#9316,.F.);
#9337 = ORIENTED_EDGE('',*,*,#9156,.T.);
#9338 = ORIENTED_EDGE('',*,*,#9086,.T.);
#9339 = ORIENTED_EDGE('',*,*,#9340,.F.);
#9340 = EDGE_CURVE('',#9039,#9077,#9341,.T.);
#9341 = LINE('',#9342,#9343);
#9342 = CARTESIAN_POINT('',(-0.55,0.275,0.4));
#9343 = VECTOR('',#9344,1.);
#9344 = DIRECTION('',(0.,-1.,0.));
#9345 = ORIENTED_EDGE('',*,*,#9062,.F.);
#9346 = ORIENTED_EDGE('',*,*,#9116,.F.);
#9347 = PLANE('',#9348);
#9348 = AXIS2_PLACEMENT_3D('',#9349,#9350,#9351);
#9349 = CARTESIAN_POINT('',(-1.626560977094,0.5,0.4));
#9350 = DIRECTION('',(0.,0.,-1.));
#9351 = DIRECTION('',(-1.,0.,0.));
#9352 = ADVANCED_FACE('',(#9353),#9369,.F.);
#9353 = FACE_BOUND('',#9354,.T.);
#9354 = EDGE_LOOP('',(#9355,#9356,#9362,#9363));
#9355 = ORIENTED_EDGE('',*,*,#9292,.F.);
#9356 = ORIENTED_EDGE('',*,*,#9357,.F.);
#9357 = EDGE_CURVE('',#9181,#9285,#9358,.T.);
#9358 = LINE('',#9359,#9360);
#9359 = CARTESIAN_POINT('',(-0.55,-1.E-03,0.25));
#9360 = VECTOR('',#9361,1.);
#9361 = DIRECTION('',(2.710505431214E-16,1.,4.701977403289E-32));
#9362 = ORIENTED_EDGE('',*,*,#9178,.F.);
#9363 = ORIENTED_EDGE('',*,*,#9364,.T.);
#9364 = EDGE_CURVE('',#9179,#9293,#9365,.T.);
#9365 = LINE('',#9366,#9367);
#9366 = CARTESIAN_POINT('',(-0.55,-1.E-03,-0.25));
#9367 = VECTOR('',#9368,1.);
#9368 = DIRECTION('',(2.710505431214E-16,1.,4.701977403289E-32));
#9369 = PLANE('',#9370);
#9370 = AXIS2_PLACEMENT_3D('',#9371,#9372,#9373);
#9371 = CARTESIAN_POINT('',(-0.55,0.55,0.4));
#9372 = DIRECTION('',(-1.,0.,0.));
#9373 = DIRECTION('',(0.,0.,1.));
#9374 = ADVANCED_FACE('',(#9375),#9381,.T.);
#9375 = FACE_BOUND('',#9376,.T.);
#9376 = EDGE_LOOP('',(#9377,#9378,#9379,#9380));
#9377 = ORIENTED_EDGE('',*,*,#9340,.T.);
#9378 = ORIENTED_EDGE('',*,*,#9076,.T.);
#9379 = ORIENTED_EDGE('',*,*,#9258,.T.);
#9380 = ORIENTED_EDGE('',*,*,#9036,.T.);
#9381 = PLANE('',#9382);
#9382 = AXIS2_PLACEMENT_3D('',#9383,#9384,#9385);
#9383 = CARTESIAN_POINT('',(-0.55,2.5E-02,-1.626303258728E-16));
#9384 = DIRECTION('',(1.,0.,0.));
#9385 = DIRECTION('',(0.,0.,-1.));
#9386 = ADVANCED_FACE('',(#9387),#9398,.F.);
#9387 = FACE_BOUND('',#9388,.T.);
#9388 = EDGE_LOOP('',(#9389,#9390,#9391,#9392));
#9389 = ORIENTED_EDGE('',*,*,#9219,.T.);
#9390 = ORIENTED_EDGE('',*,*,#9249,.T.);
#9391 = ORIENTED_EDGE('',*,*,#9308,.T.);
#9392 = ORIENTED_EDGE('',*,*,#9393,.F.);
#9393 = EDGE_CURVE('',#9220,#9301,#9394,.T.);
#9394 = LINE('',#9395,#9396);
#9395 = CARTESIAN_POINT('',(-0.675,-1.E-03,-0.25));
#9396 = VECTOR('',#9397,1.);
#9397 = DIRECTION('',(2.710505431214E-16,1.,4.701977403289E-32));
#9398 = PLANE('',#9399);
#9399 = AXIS2_PLACEMENT_3D('',#9400,#9401,#9402);
#9400 = CARTESIAN_POINT('',(-0.675,-1.E-03,-0.4));
#9401 = DIRECTION('',(-1.,2.710505431214E-16,0.));
#9402 = DIRECTION('',(-2.710505431214E-16,-1.,0.));
#9403 = ADVANCED_FACE('',(#9404),#9410,.F.);
#9404 = FACE_BOUND('',#9405,.T.);
#9405 = EDGE_LOOP('',(#9406,#9407,#9408,#9409));
#9406 = ORIENTED_EDGE('',*,*,#9227,.T.);
#9407 = ORIENTED_EDGE('',*,*,#9393,.T.);
#9408 = ORIENTED_EDGE('',*,*,#9300,.T.);
#9409 = ORIENTED_EDGE('',*,*,#9364,.F.);
#9410 = PLANE('',#9411);
#9411 = AXIS2_PLACEMENT_3D('',#9412,#9413,#9414);
#9412 = CARTESIAN_POINT('',(-0.55,-1.E-03,-0.25));
#9413 = DIRECTION('',(-4.078315292499E-47,-4.701977403289E-32,1.));
#9414 = DIRECTION('',(0.,-1.,-4.701977403289E-32));
#9415 = ADVANCED_FACE('',(#9416),#9427,.F.);
#9416 = FACE_BOUND('',#9417,.T.);
#9417 = EDGE_LOOP('',(#9418,#9419,#9420,#9421));
#9418 = ORIENTED_EDGE('',*,*,#9188,.T.);
#9419 = ORIENTED_EDGE('',*,*,#9357,.T.);
#9420 = ORIENTED_EDGE('',*,*,#9284,.T.);
#9421 = ORIENTED_EDGE('',*,*,#9422,.F.);
#9422 = EDGE_CURVE('',#9189,#9275,#9423,.T.);
#9423 = LINE('',#9424,#9425);
#9424 = CARTESIAN_POINT('',(-0.675,-1.E-03,0.25));
#9425 = VECTOR('',#9426,1.);
#9426 = DIRECTION('',(2.710505431214E-16,1.,4.701977403289E-32));
#9427 = PLANE('',#9428);
#9428 = AXIS2_PLACEMENT_3D('',#9429,#9430,#9431);
#9429 = CARTESIAN_POINT('',(-0.55,-1.E-03,0.25));
#9430 = DIRECTION('',(4.078315292499E-47,4.701977403289E-32,-1.));
#9431 = DIRECTION('',(0.,1.,4.701977403289E-32));
#9432 = ADVANCED_FACE('',(#9433),#9439,.F.);
#9433 = FACE_BOUND('',#9434,.T.);
#9434 = EDGE_LOOP('',(#9435,#9436,#9437,#9438));
#9435 = ORIENTED_EDGE('',*,*,#9196,.T.);
#9436 = ORIENTED_EDGE('',*,*,#9422,.T.);
#9437 = ORIENTED_EDGE('',*,*,#9274,.T.);
#9438 = ORIENTED_EDGE('',*,*,#9331,.F.);
#9439 = PLANE('',#9440);
#9440 = AXIS2_PLACEMENT_3D('',#9441,#9442,#9443);
#9441 = CARTESIAN_POINT('',(-0.675,-1.E-03,0.4));
#9442 = DIRECTION('',(-1.,2.710505431214E-16,0.));
#9443 = DIRECTION('',(-2.710505431214E-16,-1.,0.));
#9444 = ( GEOMETRIC_REPRESENTATION_CONTEXT(3) 
GLOBAL_UNCERTAINTY_ASSIGNED_CONTEXT((#9448)) 
GLOBAL_UNIT_ASSIGNED_CONTEXT((#9445,#9446,#9447)) REPRESENTATION_CONTEXT
('Context #1','3D Context with UNIT and UNCERTAINTY') );
#9445 = ( LENGTH_UNIT() NAMED_UNIT(*) SI_UNIT(.MILLI.,.METRE.) );
#9446 = ( NAMED_UNIT(*) PLANE_ANGLE_UNIT() SI_UNIT($,.RADIAN.) );
#9447 = ( NAMED_UNIT(*) SI_UNIT($,.STERADIAN.) SOLID_ANGLE_UNIT() );
#9448 = UNCERTAINTY_MEASURE_WITH_UNIT(LENGTH_MEASURE(1.E-07),#9445,
  'distance_accuracy_value','confusion accuracy');
#9449 = CONTEXT_DEPENDENT_SHAPE_REPRESENTATION(#9450,#9452);
#9450 = ( REPRESENTATION_RELATIONSHIP('','',#9029,#8825) 
REPRESENTATION_RELATIONSHIP_WITH_TRANSFORMATION(#9451) 
SHAPE_REPRESENTATION_RELATIONSHIP() );
#9451 = ITEM_DEFINED_TRANSFORMATION('','',#11,#8830);
#9452 = PRODUCT_DEFINITION_SHAPE('Placement','Placement of an item',
  #9453);
#9453 = NEXT_ASSEMBLY_USAGE_OCCURRENCE('39','=>[0:1:1:4]','',#8820,#9024
  ,$);
#9454 = PRODUCT_RELATED_PRODUCT_CATEGORY('part',$,(#9026));
#9455 = SHAPE_DEFINITION_REPRESENTATION(#9456,#9462);
#9456 = PRODUCT_DEFINITION_SHAPE('','',#9457);
#9457 = PRODUCT_DEFINITION('design','',#9458,#9461);
#9458 = PRODUCT_DEFINITION_FORMATION('','',#9459);
#9459 = PRODUCT('=>[0:1:1:5]','=>[0:1:1:5]','',(#9460));
#9460 = PRODUCT_CONTEXT('',#2,'mechanical');
#9461 = PRODUCT_DEFINITION_CONTEXT('part definition',#2,'design');
#9462 = ADVANCED_BREP_SHAPE_REPRESENTATION('',(#11,#9463),#9877);
#9463 = MANIFOLD_SOLID_BREP('',#9464);
#9464 = CLOSED_SHELL('',(#9465,#9505,#9545,#9576,#9607,#9670,#9703,#9759
    ,#9785,#9807,#9819,#9836,#9848,#9865));
#9465 = ADVANCED_FACE('',(#9466),#9500,.F.);
#9466 = FACE_BOUND('',#9467,.T.);
#9467 = EDGE_LOOP('',(#9468,#9478,#9486,#9494));
#9468 = ORIENTED_EDGE('',*,*,#9469,.T.);
#9469 = EDGE_CURVE('',#9470,#9472,#9474,.T.);
#9470 = VERTEX_POINT('',#9471);
#9471 = CARTESIAN_POINT('',(0.55,5.E-02,-0.4));
#9472 = VERTEX_POINT('',#9473);
#9473 = CARTESIAN_POINT('',(0.55,5.E-02,0.4));
#9474 = LINE('',#9475,#9476);
#9475 = CARTESIAN_POINT('',(0.55,5.E-02,-0.4));
#9476 = VECTOR('',#9477,1.);
#9477 = DIRECTION('',(2.282530889443E-16,0.,1.));
#9478 = ORIENTED_EDGE('',*,*,#9479,.F.);
#9479 = EDGE_CURVE('',#9480,#9472,#9482,.T.);
#9480 = VERTEX_POINT('',#9481);
#9481 = CARTESIAN_POINT('',(0.8,5.E-02,0.4));
#9482 = LINE('',#9483,#9484);
#9483 = CARTESIAN_POINT('',(0.8,5.E-02,0.4));
#9484 = VECTOR('',#9485,1.);
#9485 = DIRECTION('',(-1.,0.,2.282530889443E-16));
#9486 = ORIENTED_EDGE('',*,*,#9487,.T.);
#9487 = EDGE_CURVE('',#9480,#9488,#9490,.T.);
#9488 = VERTEX_POINT('',#9489);
#9489 = CARTESIAN_POINT('',(0.8,5.E-02,-0.4));
#9490 = LINE('',#9491,#9492);
#9491 = CARTESIAN_POINT('',(0.8,5.E-02,-0.4));
#9492 = VECTOR('',#9493,1.);
#9493 = DIRECTION('',(-2.282530889443E-16,0.,-1.));
#9494 = ORIENTED_EDGE('',*,*,#9495,.T.);
#9495 = EDGE_CURVE('',#9488,#9470,#9496,.T.);
#9496 = LINE('',#9497,#9498);
#9497 = CARTESIAN_POINT('',(0.8,5.E-02,-0.4));
#9498 = VECTOR('',#9499,1.);
#9499 = DIRECTION('',(-1.,0.,2.282530889443E-16));
#9500 = PLANE('',#9501);
#9501 = AXIS2_PLACEMENT_3D('',#9502,#9503,#9504);
#9502 = CARTESIAN_POINT('',(0.8,5.E-02,-0.4));
#9503 = DIRECTION('',(0.,-1.,-0.));
#9504 = DIRECTION('',(-2.282530889443E-16,0.,-1.));
#9505 = ADVANCED_FACE('',(#9506),#9540,.F.);
#9506 = FACE_BOUND('',#9507,.T.);
#9507 = EDGE_LOOP('',(#9508,#9518,#9526,#9534));
#9508 = ORIENTED_EDGE('',*,*,#9509,.T.);
#9509 = EDGE_CURVE('',#9510,#9512,#9514,.T.);
#9510 = VERTEX_POINT('',#9511);
#9511 = CARTESIAN_POINT('',(0.55,0.,0.4));
#9512 = VERTEX_POINT('',#9513);
#9513 = CARTESIAN_POINT('',(0.55,2.168404344971E-16,-0.4));
#9514 = LINE('',#9515,#9516);
#9515 = CARTESIAN_POINT('',(0.55,2.168404344971E-16,0.4));
#9516 = VECTOR('',#9517,1.);
#9517 = DIRECTION('',(-2.282530889443E-16,0.,-1.));
#9518 = ORIENTED_EDGE('',*,*,#9519,.F.);
#9519 = EDGE_CURVE('',#9520,#9512,#9522,.T.);
#9520 = VERTEX_POINT('',#9521);
#9521 = CARTESIAN_POINT('',(0.85,2.168404344971E-16,-0.4));
#9522 = LINE('',#9523,#9524);
#9523 = CARTESIAN_POINT('',(0.85,2.168404344971E-16,-0.4));
#9524 = VECTOR('',#9525,1.);
#9525 = DIRECTION('',(-1.,0.,2.282530889443E-16));
#9526 = ORIENTED_EDGE('',*,*,#9527,.T.);
#9527 = EDGE_CURVE('',#9520,#9528,#9530,.T.);
#9528 = VERTEX_POINT('',#9529);
#9529 = CARTESIAN_POINT('',(0.85,0.,0.4));
#9530 = LINE('',#9531,#9532);
#9531 = CARTESIAN_POINT('',(0.85,2.168404344971E-16,0.4));
#9532 = VECTOR('',#9533,1.);
#9533 = DIRECTION('',(2.282530889443E-16,0.,1.));
#9534 = ORIENTED_EDGE('',*,*,#9535,.T.);
#9535 = EDGE_CURVE('',#9528,#9510,#9536,.T.);
#9536 = LINE('',#9537,#9538);
#9537 = CARTESIAN_POINT('',(0.85,0.,0.4));
#9538 = VECTOR('',#9539,1.);
#9539 = DIRECTION('',(-1.,0.,2.282530889443E-16));
#9540 = PLANE('',#9541);
#9541 = AXIS2_PLACEMENT_3D('',#9542,#9543,#9544);
#9542 = CARTESIAN_POINT('',(0.85,2.168404344971E-16,0.4));
#9543 = DIRECTION('',(-0.,1.,0.));
#9544 = DIRECTION('',(2.282530889443E-16,0.,1.));
#9545 = ADVANCED_FACE('',(#9546),#9571,.T.);
#9546 = FACE_BOUND('',#9547,.T.);
#9547 = EDGE_LOOP('',(#9548,#9556,#9564,#9570));
#9548 = ORIENTED_EDGE('',*,*,#9549,.F.);
#9549 = EDGE_CURVE('',#9550,#9480,#9552,.T.);
#9550 = VERTEX_POINT('',#9551);
#9551 = CARTESIAN_POINT('',(0.8,0.5,0.4));
#9552 = LINE('',#9553,#9554);
#9553 = CARTESIAN_POINT('',(0.8,0.5,0.4));
#9554 = VECTOR('',#9555,1.);
#9555 = DIRECTION('',(-1.971276677246E-16,-1.,4.499499907454E-32));
#9556 = ORIENTED_EDGE('',*,*,#9557,.F.);
#9557 = EDGE_CURVE('',#9558,#9550,#9560,.T.);
#9558 = VERTEX_POINT('',#9559);
#9559 = CARTESIAN_POINT('',(0.8,0.5,-0.4));
#9560 = LINE('',#9561,#9562);
#9561 = CARTESIAN_POINT('',(0.8,0.5,-0.4));
#9562 = VECTOR('',#9563,1.);
#9563 = DIRECTION('',(2.282530889443E-16,0.,1.));
#9564 = ORIENTED_EDGE('',*,*,#9565,.T.);
#9565 = EDGE_CURVE('',#9558,#9488,#9566,.T.);
#9566 = LINE('',#9567,#9568);
#9567 = CARTESIAN_POINT('',(0.8,0.5,-0.4));
#9568 = VECTOR('',#9569,1.);
#9569 = DIRECTION('',(-1.971276677246E-16,-1.,4.499499907454E-32));
#9570 = ORIENTED_EDGE('',*,*,#9487,.F.);
#9571 = PLANE('',#9572);
#9572 = AXIS2_PLACEMENT_3D('',#9573,#9574,#9575);
#9573 = CARTESIAN_POINT('',(0.8,0.5,-0.4));
#9574 = DIRECTION('',(-1.,1.971276677246E-16,2.282530889443E-16));
#9575 = DIRECTION('',(1.971276677246E-16,1.,-4.499499907454E-32));
#9576 = ADVANCED_FACE('',(#9577),#9602,.T.);
#9577 = FACE_BOUND('',#9578,.T.);
#9578 = EDGE_LOOP('',(#9579,#9587,#9595,#9601));
#9579 = ORIENTED_EDGE('',*,*,#9580,.F.);
#9580 = EDGE_CURVE('',#9581,#9520,#9583,.T.);
#9581 = VERTEX_POINT('',#9582);
#9582 = CARTESIAN_POINT('',(0.85,0.55,-0.4));
#9583 = LINE('',#9584,#9585);
#9584 = CARTESIAN_POINT('',(0.85,0.55,-0.4));
#9585 = VECTOR('',#9586,1.);
#9586 = DIRECTION('',(-1.971276677246E-16,-1.,4.499499907454E-32));
#9587 = ORIENTED_EDGE('',*,*,#9588,.F.);
#9588 = EDGE_CURVE('',#9589,#9581,#9591,.T.);
#9589 = VERTEX_POINT('',#9590);
#9590 = CARTESIAN_POINT('',(0.85,0.55,0.4));
#9591 = LINE('',#9592,#9593);
#9592 = CARTESIAN_POINT('',(0.85,0.55,0.4));
#9593 = VECTOR('',#9594,1.);
#9594 = DIRECTION('',(-2.282530889443E-16,0.,-1.));
#9595 = ORIENTED_EDGE('',*,*,#9596,.T.);
#9596 = EDGE_CURVE('',#9589,#9528,#9597,.T.);
#9597 = LINE('',#9598,#9599);
#9598 = CARTESIAN_POINT('',(0.85,0.55,0.4));
#9599 = VECTOR('',#9600,1.);
#9600 = DIRECTION('',(-1.971276677246E-16,-1.,4.499499907454E-32));
#9601 = ORIENTED_EDGE('',*,*,#9527,.F.);
#9602 = PLANE('',#9603);
#9603 = AXIS2_PLACEMENT_3D('',#9604,#9605,#9606);
#9604 = CARTESIAN_POINT('',(0.85,0.55,0.4));
#9605 = DIRECTION('',(1.,-1.971276677246E-16,-2.282530889443E-16));
#9606 = DIRECTION('',(-1.971276677246E-16,-1.,4.499499907454E-32));
#9607 = ADVANCED_FACE('',(#9608),#9665,.F.);
#9608 = FACE_BOUND('',#9609,.T.);
#9609 = EDGE_LOOP('',(#9610,#9620,#9628,#9636,#9642,#9643,#9651,#9659));
#9610 = ORIENTED_EDGE('',*,*,#9611,.F.);
#9611 = EDGE_CURVE('',#9612,#9614,#9616,.T.);
#9612 = VERTEX_POINT('',#9613);
#9613 = CARTESIAN_POINT('',(0.55,0.5,-0.25));
#9614 = VERTEX_POINT('',#9615);
#9615 = CARTESIAN_POINT('',(0.55,0.5,0.25));
#9616 = LINE('',#9617,#9618);
#9617 = CARTESIAN_POINT('',(0.55,0.5,-0.4));
#9618 = VECTOR('',#9619,1.);
#9619 = DIRECTION('',(2.282530889443E-16,0.,1.));
#9620 = ORIENTED_EDGE('',*,*,#9621,.F.);
#9621 = EDGE_CURVE('',#9622,#9612,#9624,.T.);
#9622 = VERTEX_POINT('',#9623);
#9623 = CARTESIAN_POINT('',(0.675,0.5,-0.25));
#9624 = LINE('',#9625,#9626);
#9625 = CARTESIAN_POINT('',(0.55,0.5,-0.25));
#9626 = VECTOR('',#9627,1.);
#9627 = DIRECTION('',(-1.,3.614007241618E-16,-2.379017253958E-47));
#9628 = ORIENTED_EDGE('',*,*,#9629,.F.);
#9629 = EDGE_CURVE('',#9630,#9622,#9632,.T.);
#9630 = VERTEX_POINT('',#9631);
#9631 = CARTESIAN_POINT('',(0.675,0.5,-0.4));
#9632 = LINE('',#9633,#9634);
#9633 = CARTESIAN_POINT('',(0.675,0.5,-0.4));
#9634 = VECTOR('',#9635,1.);
#9635 = DIRECTION('',(2.235918471765E-47,8.249083163665E-32,1.));
#9636 = ORIENTED_EDGE('',*,*,#9637,.F.);
#9637 = EDGE_CURVE('',#9558,#9630,#9638,.T.);
#9638 = LINE('',#9639,#9640);
#9639 = CARTESIAN_POINT('',(1.626560977094,0.5,-0.4));
#9640 = VECTOR('',#9641,1.);
#9641 = DIRECTION('',(-1.,3.614007241618E-16,2.282530889443E-16));
#9642 = ORIENTED_EDGE('',*,*,#9557,.T.);
#9643 = ORIENTED_EDGE('',*,*,#9644,.T.);
#9644 = EDGE_CURVE('',#9550,#9645,#9647,.T.);
#9645 = VERTEX_POINT('',#9646);
#9646 = CARTESIAN_POINT('',(0.675,0.5,0.4));
#9647 = LINE('',#9648,#9649);
#9648 = CARTESIAN_POINT('',(1.626560977094,0.5,0.4));
#9649 = VECTOR('',#9650,1.);
#9650 = DIRECTION('',(-1.,3.614007241618E-16,2.282530889443E-16));
#9651 = ORIENTED_EDGE('',*,*,#9652,.F.);
#9652 = EDGE_CURVE('',#9653,#9645,#9655,.T.);
#9653 = VERTEX_POINT('',#9654);
#9654 = CARTESIAN_POINT('',(0.675,0.5,0.25));
#9655 = LINE('',#9656,#9657);
#9656 = CARTESIAN_POINT('',(0.675,0.5,0.4));
#9657 = VECTOR('',#9658,1.);
#9658 = DIRECTION('',(2.235918471765E-47,8.249083163665E-32,1.));
#9659 = ORIENTED_EDGE('',*,*,#9660,.F.);
#9660 = EDGE_CURVE('',#9614,#9653,#9661,.T.);
#9661 = LINE('',#9662,#9663);
#9662 = CARTESIAN_POINT('',(0.55,0.5,0.25));
#9663 = VECTOR('',#9664,1.);
#9664 = DIRECTION('',(1.,-3.614007241618E-16,2.379017253958E-47));
#9665 = PLANE('',#9666);
#9666 = AXIS2_PLACEMENT_3D('',#9667,#9668,#9669);
#9667 = CARTESIAN_POINT('',(1.626560977094,0.5,-0.4));
#9668 = DIRECTION('',(3.614007241618E-16,1.,-8.249083163665E-32));
#9669 = DIRECTION('',(1.,-3.614007241618E-16,-2.282530889443E-16));
#9670 = ADVANCED_FACE('',(#9671),#9698,.F.);
#9671 = FACE_BOUND('',#9672,.T.);
#9672 = EDGE_LOOP('',(#9673,#9674,#9682,#9688,#9689,#9690,#9696,#9697));
#9673 = ORIENTED_EDGE('',*,*,#9637,.T.);
#9674 = ORIENTED_EDGE('',*,*,#9675,.T.);
#9675 = EDGE_CURVE('',#9630,#9676,#9678,.T.);
#9676 = VERTEX_POINT('',#9677);
#9677 = CARTESIAN_POINT('',(0.675,0.55,-0.4));
#9678 = LINE('',#9679,#9680);
#9679 = CARTESIAN_POINT('',(0.675,-1.E-03,-0.4));
#9680 = VECTOR('',#9681,1.);
#9681 = DIRECTION('',(2.710505431214E-16,1.,4.701977403289E-32));
#9682 = ORIENTED_EDGE('',*,*,#9683,.F.);
#9683 = EDGE_CURVE('',#9581,#9676,#9684,.T.);
#9684 = LINE('',#9685,#9686);
#9685 = CARTESIAN_POINT('',(1.626560977094,0.55,-0.4));
#9686 = VECTOR('',#9687,1.);
#9687 = DIRECTION('',(-1.,3.614007241618E-16,2.282530889443E-16));
#9688 = ORIENTED_EDGE('',*,*,#9580,.T.);
#9689 = ORIENTED_EDGE('',*,*,#9519,.T.);
#9690 = ORIENTED_EDGE('',*,*,#9691,.T.);
#9691 = EDGE_CURVE('',#9512,#9470,#9692,.T.);
#9692 = LINE('',#9693,#9694);
#9693 = CARTESIAN_POINT('',(0.55,0.275,-0.4));
#9694 = VECTOR('',#9695,1.);
#9695 = DIRECTION('',(2.4747249491E-31,1.,1.084202172486E-15));
#9696 = ORIENTED_EDGE('',*,*,#9495,.F.);
#9697 = ORIENTED_EDGE('',*,*,#9565,.F.);
#9698 = PLANE('',#9699);
#9699 = AXIS2_PLACEMENT_3D('',#9700,#9701,#9702);
#9700 = CARTESIAN_POINT('',(1.626560977094,0.55,-0.4));
#9701 = DIRECTION('',(2.282530889443E-16,1.084202172486E-15,1.));
#9702 = DIRECTION('',(2.4747249491E-31,-1.,1.084202172486E-15));
#9703 = ADVANCED_FACE('',(#9704),#9754,.F.);
#9704 = FACE_BOUND('',#9705,.T.);
#9705 = EDGE_LOOP('',(#9706,#9714,#9722,#9730,#9738,#9746,#9752,#9753));
#9706 = ORIENTED_EDGE('',*,*,#9707,.F.);
#9707 = EDGE_CURVE('',#9708,#9676,#9710,.T.);
#9708 = VERTEX_POINT('',#9709);
#9709 = CARTESIAN_POINT('',(0.675,0.55,-0.25));
#9710 = LINE('',#9711,#9712);
#9711 = CARTESIAN_POINT('',(0.675,0.55,-0.4));
#9712 = VECTOR('',#9713,1.);
#9713 = DIRECTION('',(-0.,-0.,-1.));
#9714 = ORIENTED_EDGE('',*,*,#9715,.F.);
#9715 = EDGE_CURVE('',#9716,#9708,#9718,.T.);
#9716 = VERTEX_POINT('',#9717);
#9717 = CARTESIAN_POINT('',(0.55,0.55,-0.25));
#9718 = LINE('',#9719,#9720);
#9719 = CARTESIAN_POINT('',(0.55,0.55,-0.25));
#9720 = VECTOR('',#9721,1.);
#9721 = DIRECTION('',(1.,-8.673617379884E-16,0.));
#9722 = ORIENTED_EDGE('',*,*,#9723,.F.);
#9723 = EDGE_CURVE('',#9724,#9716,#9726,.T.);
#9724 = VERTEX_POINT('',#9725);
#9725 = CARTESIAN_POINT('',(0.55,0.55,0.25));
#9726 = LINE('',#9727,#9728);
#9727 = CARTESIAN_POINT('',(0.55,0.55,0.4));
#9728 = VECTOR('',#9729,1.);
#9729 = DIRECTION('',(-2.282530889443E-16,0.,-1.));
#9730 = ORIENTED_EDGE('',*,*,#9731,.F.);
#9731 = EDGE_CURVE('',#9732,#9724,#9734,.T.);
#9732 = VERTEX_POINT('',#9733);
#9733 = CARTESIAN_POINT('',(0.675,0.55,0.25));
#9734 = LINE('',#9735,#9736);
#9735 = CARTESIAN_POINT('',(0.55,0.55,0.25));
#9736 = VECTOR('',#9737,1.);
#9737 = DIRECTION('',(-1.,8.673617379884E-16,-0.));
#9738 = ORIENTED_EDGE('',*,*,#9739,.F.);
#9739 = EDGE_CURVE('',#9740,#9732,#9742,.T.);
#9740 = VERTEX_POINT('',#9741);
#9741 = CARTESIAN_POINT('',(0.675,0.55,0.4));
#9742 = LINE('',#9743,#9744);
#9743 = CARTESIAN_POINT('',(0.675,0.55,0.4));
#9744 = VECTOR('',#9745,1.);
#9745 = DIRECTION('',(0.,0.,-1.));
#9746 = ORIENTED_EDGE('',*,*,#9747,.F.);
#9747 = EDGE_CURVE('',#9589,#9740,#9748,.T.);
#9748 = LINE('',#9749,#9750);
#9749 = CARTESIAN_POINT('',(1.626560977094,0.55,0.4));
#9750 = VECTOR('',#9751,1.);
#9751 = DIRECTION('',(-1.,3.614007241618E-16,2.282530889443E-16));
#9752 = ORIENTED_EDGE('',*,*,#9588,.T.);
#9753 = ORIENTED_EDGE('',*,*,#9683,.T.);
#9754 = PLANE('',#9755);
#9755 = AXIS2_PLACEMENT_3D('',#9756,#9757,#9758);
#9756 = CARTESIAN_POINT('',(1.626560977094,0.55,0.4));
#9757 = DIRECTION('',(-3.614007241618E-16,-1.,8.249083163665E-32));
#9758 = DIRECTION('',(-1.,3.614007241618E-16,2.282530889443E-16));
#9759 = ADVANCED_FACE('',(#9760),#9780,.F.);
#9760 = FACE_BOUND('',#9761,.T.);
#9761 = EDGE_LOOP('',(#9762,#9763,#9769,#9770,#9771,#9772,#9778,#9779));
#9762 = ORIENTED_EDGE('',*,*,#9747,.T.);
#9763 = ORIENTED_EDGE('',*,*,#9764,.F.);
#9764 = EDGE_CURVE('',#9645,#9740,#9765,.T.);
#9765 = LINE('',#9766,#9767);
#9766 = CARTESIAN_POINT('',(0.675,-1.E-03,0.4));
#9767 = VECTOR('',#9768,1.);
#9768 = DIRECTION('',(2.710505431214E-16,1.,4.701977403289E-32));
#9769 = ORIENTED_EDGE('',*,*,#9644,.F.);
#9770 = ORIENTED_EDGE('',*,*,#9549,.T.);
#9771 = ORIENTED_EDGE('',*,*,#9479,.T.);
#9772 = ORIENTED_EDGE('',*,*,#9773,.T.);
#9773 = EDGE_CURVE('',#9472,#9510,#9774,.T.);
#9774 = LINE('',#9775,#9776);
#9775 = CARTESIAN_POINT('',(0.55,0.275,0.4));
#9776 = VECTOR('',#9777,1.);
#9777 = DIRECTION('',(0.,-1.,0.));
#9778 = ORIENTED_EDGE('',*,*,#9535,.F.);
#9779 = ORIENTED_EDGE('',*,*,#9596,.F.);
#9780 = PLANE('',#9781);
#9781 = AXIS2_PLACEMENT_3D('',#9782,#9783,#9784);
#9782 = CARTESIAN_POINT('',(1.626560977094,0.5,0.4));
#9783 = DIRECTION('',(-2.282530889443E-16,0.,-1.));
#9784 = DIRECTION('',(1.,0.,-2.282530889443E-16));
#9785 = ADVANCED_FACE('',(#9786),#9802,.F.);
#9786 = FACE_BOUND('',#9787,.T.);
#9787 = EDGE_LOOP('',(#9788,#9789,#9795,#9796));
#9788 = ORIENTED_EDGE('',*,*,#9723,.T.);
#9789 = ORIENTED_EDGE('',*,*,#9790,.F.);
#9790 = EDGE_CURVE('',#9612,#9716,#9791,.T.);
#9791 = LINE('',#9792,#9793);
#9792 = CARTESIAN_POINT('',(0.55,-1.E-03,-0.25));
#9793 = VECTOR('',#9794,1.);
#9794 = DIRECTION('',(2.710505431214E-16,1.,4.701977403289E-32));
#9795 = ORIENTED_EDGE('',*,*,#9611,.T.);
#9796 = ORIENTED_EDGE('',*,*,#9797,.T.);
#9797 = EDGE_CURVE('',#9614,#9724,#9798,.T.);
#9798 = LINE('',#9799,#9800);
#9799 = CARTESIAN_POINT('',(0.55,-1.E-03,0.25));
#9800 = VECTOR('',#9801,1.);
#9801 = DIRECTION('',(2.710505431214E-16,1.,4.701977403289E-32));
#9802 = PLANE('',#9803);
#9803 = AXIS2_PLACEMENT_3D('',#9804,#9805,#9806);
#9804 = CARTESIAN_POINT('',(0.55,0.55,0.4));
#9805 = DIRECTION('',(1.,0.,-2.282530889443E-16));
#9806 = DIRECTION('',(2.282530889443E-16,0.,1.));
#9807 = ADVANCED_FACE('',(#9808),#9814,.T.);
#9808 = FACE_BOUND('',#9809,.T.);
#9809 = EDGE_LOOP('',(#9810,#9811,#9812,#9813));
#9810 = ORIENTED_EDGE('',*,*,#9773,.F.);
#9811 = ORIENTED_EDGE('',*,*,#9469,.F.);
#9812 = ORIENTED_EDGE('',*,*,#9691,.F.);
#9813 = ORIENTED_EDGE('',*,*,#9509,.F.);
#9814 = PLANE('',#9815);
#9815 = AXIS2_PLACEMENT_3D('',#9816,#9817,#9818);
#9816 = CARTESIAN_POINT('',(0.55,2.5E-02,-2.881695247922E-16));
#9817 = DIRECTION('',(-1.,0.,2.282530889443E-16));
#9818 = DIRECTION('',(-2.282530889443E-16,0.,-1.));
#9819 = ADVANCED_FACE('',(#9820),#9831,.F.);
#9820 = FACE_BOUND('',#9821,.T.);
#9821 = EDGE_LOOP('',(#9822,#9823,#9824,#9825));
#9822 = ORIENTED_EDGE('',*,*,#9652,.T.);
#9823 = ORIENTED_EDGE('',*,*,#9764,.T.);
#9824 = ORIENTED_EDGE('',*,*,#9739,.T.);
#9825 = ORIENTED_EDGE('',*,*,#9826,.F.);
#9826 = EDGE_CURVE('',#9653,#9732,#9827,.T.);
#9827 = LINE('',#9828,#9829);
#9828 = CARTESIAN_POINT('',(0.675,-1.E-03,0.25));
#9829 = VECTOR('',#9830,1.);
#9830 = DIRECTION('',(2.710505431214E-16,1.,4.701977403289E-32));
#9831 = PLANE('',#9832);
#9832 = AXIS2_PLACEMENT_3D('',#9833,#9834,#9835);
#9833 = CARTESIAN_POINT('',(0.675,-1.E-03,0.4));
#9834 = DIRECTION('',(1.,-2.710505431214E-16,0.));
#9835 = DIRECTION('',(2.710505431214E-16,1.,0.));
#9836 = ADVANCED_FACE('',(#9837),#9843,.F.);
#9837 = FACE_BOUND('',#9838,.T.);
#9838 = EDGE_LOOP('',(#9839,#9840,#9841,#9842));
#9839 = ORIENTED_EDGE('',*,*,#9660,.T.);
#9840 = ORIENTED_EDGE('',*,*,#9826,.T.);
#9841 = ORIENTED_EDGE('',*,*,#9731,.T.);
#9842 = ORIENTED_EDGE('',*,*,#9797,.F.);
#9843 = PLANE('',#9844);
#9844 = AXIS2_PLACEMENT_3D('',#9845,#9846,#9847);
#9845 = CARTESIAN_POINT('',(0.55,-1.E-03,0.25));
#9846 = DIRECTION('',(4.078315292499E-47,4.701977403289E-32,-1.));
#9847 = DIRECTION('',(0.,1.,4.701977403289E-32));
#9848 = ADVANCED_FACE('',(#9849),#9860,.F.);
#9849 = FACE_BOUND('',#9850,.T.);
#9850 = EDGE_LOOP('',(#9851,#9852,#9853,#9854));
#9851 = ORIENTED_EDGE('',*,*,#9621,.T.);
#9852 = ORIENTED_EDGE('',*,*,#9790,.T.);
#9853 = ORIENTED_EDGE('',*,*,#9715,.T.);
#9854 = ORIENTED_EDGE('',*,*,#9855,.F.);
#9855 = EDGE_CURVE('',#9622,#9708,#9856,.T.);
#9856 = LINE('',#9857,#9858);
#9857 = CARTESIAN_POINT('',(0.675,-1.E-03,-0.25));
#9858 = VECTOR('',#9859,1.);
#9859 = DIRECTION('',(2.710505431214E-16,1.,4.701977403289E-32));
#9860 = PLANE('',#9861);
#9861 = AXIS2_PLACEMENT_3D('',#9862,#9863,#9864);
#9862 = CARTESIAN_POINT('',(0.55,-1.E-03,-0.25));
#9863 = DIRECTION('',(-4.078315292499E-47,-4.701977403289E-32,1.));
#9864 = DIRECTION('',(0.,-1.,-4.701977403289E-32));
#9865 = ADVANCED_FACE('',(#9866),#9872,.F.);
#9866 = FACE_BOUND('',#9867,.T.);
#9867 = EDGE_LOOP('',(#9868,#9869,#9870,#9871));
#9868 = ORIENTED_EDGE('',*,*,#9629,.T.);
#9869 = ORIENTED_EDGE('',*,*,#9855,.T.);
#9870 = ORIENTED_EDGE('',*,*,#9707,.T.);
#9871 = ORIENTED_EDGE('',*,*,#9675,.F.);
#9872 = PLANE('',#9873);
#9873 = AXIS2_PLACEMENT_3D('',#9874,#9875,#9876);
#9874 = CARTESIAN_POINT('',(0.675,-1.E-03,-0.4));
#9875 = DIRECTION('',(1.,-2.710505431214E-16,0.));
#9876 = DIRECTION('',(2.710505431214E-16,1.,0.));
#9877 = ( GEOMETRIC_REPRESENTATION_CONTEXT(3) 
GLOBAL_UNCERTAINTY_ASSIGNED_CONTEXT((#9881)) 
GLOBAL_UNIT_ASSIGNED_CONTEXT((#9878,#9879,#9880)) REPRESENTATION_CONTEXT
('Context #1','3D Context with UNIT and UNCERTAINTY') );
#9878 = ( LENGTH_UNIT() NAMED_UNIT(*) SI_UNIT(.MILLI.,.METRE.) );
#9879 = ( NAMED_UNIT(*) PLANE_ANGLE_UNIT() SI_UNIT($,.RADIAN.) );
#9880 = ( NAMED_UNIT(*) SI_UNIT($,.STERADIAN.) SOLID_ANGLE_UNIT() );
#9881 = UNCERTAINTY_MEASURE_WITH_UNIT(LENGTH_MEASURE(1.E-07),#9878,
  'distance_accuracy_value','confusion accuracy');
#9882 = CONTEXT_DEPENDENT_SHAPE_REPRESENTATION(#9883,#9885);
#9883 = ( REPRESENTATION_RELATIONSHIP('','',#9462,#8825) 
REPRESENTATION_RELATIONSHIP_WITH_TRANSFORMATION(#9884) 
SHAPE_REPRESENTATION_RELATIONSHIP() );
#9884 = ITEM_DEFINED_TRANSFORMATION('','',#11,#8834);
#9885 = PRODUCT_DEFINITION_SHAPE('Placement','Placement of an item',
  #9886);
#9886 = NEXT_ASSEMBLY_USAGE_OCCURRENCE('40','=>[0:1:1:5]','',#8820,#9457
  ,$);
#9887 = PRODUCT_RELATED_PRODUCT_CATEGORY('part',$,(#9459));
#9888 = SHAPE_DEFINITION_REPRESENTATION(#9889,#9895);
#9889 = PRODUCT_DEFINITION_SHAPE('','',#9890);
#9890 = PRODUCT_DEFINITION('design','',#9891,#9894);
#9891 = PRODUCT_DEFINITION_FORMATION('','',#9892);
#9892 = PRODUCT('=>[0:1:1:6]','=>[0:1:1:6]','',(#9893));
#9893 = PRODUCT_CONTEXT('',#2,'mechanical');
#9894 = PRODUCT_DEFINITION_CONTEXT('part definition',#2,'design');
#9895 = ADVANCED_BREP_SHAPE_REPRESENTATION('',(#11,#9896),#14285);
#9896 = MANIFOLD_SOLID_BREP('',#9897);
#9897 = CLOSED_SHELL('',(#9898,#10620,#10651,#10682,#10704,#10716,#10728
    ,#10986,#11058,#11125,#11192,#11254,#11347,#11433,#11495,#11545,
    #11624,#11637,#11861,#11883,#11926,#11969,#12012,#12063,#12086,
    #12103,#12115,#12196,#12270,#12344,#12411,#12423,#12681,#12753,
    #12820,#12887,#12949,#13042,#13128,#13190,#13240,#13319,#13332,
    #13401,#13475,#13537,#13561,#13635,#13709,#13759,#13809,#13833,
    #13907,#13969,#14019,#14057,#14107,#14169,#14243,#14260));
#9898 = ADVANCED_FACE('',(#9899,#10201,#10331,#10461,#10495),#10615,.F.
  );
#9899 = FACE_BOUND('',#9900,.T.);
#9900 = EDGE_LOOP('',(#9901,#9927,#9947,#9955,#9979,#9999,#10015,#10027,
    #10043,#10063,#10087,#10095,#10111,#10127,#10151,#10175,#10183));
#9901 = ORIENTED_EDGE('',*,*,#9902,.T.);
#9902 = EDGE_CURVE('',#9903,#9905,#9907,.T.);
#9903 = VERTEX_POINT('',#9904);
#9904 = CARTESIAN_POINT('',(0.478273426848,0.55,-0.106928921418));
#9905 = VERTEX_POINT('',#9906);
#9906 = CARTESIAN_POINT('',(0.407880798643,0.55,-0.161826757956));
#9907 = B_SPLINE_CURVE_WITH_KNOTS('',3,(#9908,#9909,#9910,#9911,#9912,
    #9913,#9914,#9915,#9916,#9917,#9918,#9919,#9920,#9921,#9922,#9923,
    #9924,#9925,#9926),.UNSPECIFIED.,.F.,.F.,(4,1,1,1,1,1,1,1,1,1,1,1,1,
    1,1,1,4),(0.,5.527454908753E-02,0.109966093882,0.163247442852,
    0.218076185482,0.273300874374,0.330909300011,0.390994523365,
    0.454175953431,0.518861540849,0.583310532011,0.648516681864,
    0.715030887097,0.782502072854,0.852322685077,0.924928489784,1.),
  .UNSPECIFIED.);
#9908 = CARTESIAN_POINT('',(0.478273426848,0.55,-0.106928921418));
#9909 = CARTESIAN_POINT('',(0.478231985752,0.55,-0.108756695932));
#9910 = CARTESIAN_POINT('',(0.478149540656,0.55,-0.112392966641));
#9911 = CARTESIAN_POINT('',(0.477109812878,0.55,-0.11770547351));
#9912 = CARTESIAN_POINT('',(0.47554740878,0.55,-0.122855568103));
#9913 = CARTESIAN_POINT('',(0.473399435849,0.55,-0.127821349128));
#9914 = CARTESIAN_POINT('',(0.470524415978,0.55,-0.132568376518));
#9915 = CARTESIAN_POINT('',(0.467083817326,0.55,-0.137137121412));
#9916 = CARTESIAN_POINT('',(0.462987007298,0.55,-0.141501499313));
#9917 = CARTESIAN_POINT('',(0.458292462597,0.55,-0.145569531268));
#9918 = CARTESIAN_POINT('',(0.4532512821,0.55,-0.149446454985));
#9919 = CARTESIAN_POINT('',(0.447726304595,0.55,-0.152737818683));
#9920 = CARTESIAN_POINT('',(0.441884117124,0.55,-0.15555232489));
#9921 = CARTESIAN_POINT('',(0.435718251639,0.55,-0.157873275101));
#9922 = CARTESIAN_POINT('',(0.429208698607,0.55,-0.159619203922));
#9923 = CARTESIAN_POINT('',(0.422386042842,0.55,-0.160872788062));
#9924 = CARTESIAN_POINT('',(0.41523727449,0.55,-0.161656553536));
#9925 = CARTESIAN_POINT('',(0.41036010129,0.55,-0.161769395126));
#9926 = CARTESIAN_POINT('',(0.407880798643,0.55,-0.161826757956));
#9927 = ORIENTED_EDGE('',*,*,#9928,.T.);
#9928 = EDGE_CURVE('',#9905,#9929,#9931,.T.);
#9929 = VERTEX_POINT('',#9930);
#9930 = CARTESIAN_POINT('',(0.334683683258,0.55,-0.10798060411));
#9931 = B_SPLINE_CURVE_WITH_KNOTS('',3,(#9932,#9933,#9934,#9935,#9936,
    #9937,#9938,#9939,#9940,#9941,#9942,#9943,#9944,#9945,#9946),
  .UNSPECIFIED.,.F.,.F.,(4,1,1,1,1,1,1,1,1,1,1,1,4),(0.,0.122711942366,
    0.239684964017,0.351815855256,0.463766132862,0.520817793161,
    0.579448291448,0.64060414512,0.705297511806,0.773633880713,
    0.844669381886,0.920056508021,1.),.UNSPECIFIED.);
#9932 = CARTESIAN_POINT('',(0.407880798643,0.55,-0.161826757956));
#9933 = CARTESIAN_POINT('',(0.403895631842,0.55,-0.161687621756));
#9934 = CARTESIAN_POINT('',(0.396111674204,0.55,-0.161415856396));
#9935 = CARTESIAN_POINT('',(0.384890182513,0.55,-0.159035555051));
#9936 = CARTESIAN_POINT('',(0.374458249113,0.55,-0.155237746702));
#9937 = CARTESIAN_POINT('',(0.366484382454,0.55,-0.150704444758));
#9938 = CARTESIAN_POINT('',(0.360596125038,0.55,-0.146229401373));
#9939 = CARTESIAN_POINT('',(0.356388431218,0.55,-0.142321162736));
#9940 = CARTESIAN_POINT('',(0.352256380178,0.55,-0.13797788037));
#9941 = CARTESIAN_POINT('',(0.348471812493,0.55,-0.132932042842));
#9942 = CARTESIAN_POINT('',(0.344644414825,0.55,-0.127525363823));
#9943 = CARTESIAN_POINT('',(0.341159958672,0.55,-0.121482995669));
#9944 = CARTESIAN_POINT('',(0.337773989447,0.55,-0.114962556239));
#9945 = CARTESIAN_POINT('',(0.335733734485,0.55,-0.110352992784));
#9946 = CARTESIAN_POINT('',(0.334683683258,0.55,-0.10798060411));
#9947 = ORIENTED_EDGE('',*,*,#9948,.T.);
#9948 = EDGE_CURVE('',#9929,#9949,#9951,.T.);
#9949 = VERTEX_POINT('',#9950);
#9950 = CARTESIAN_POINT('',(0.303273426848,0.55,-0.10798060411));
#9951 = LINE('',#9952,#9953);
#9952 = CARTESIAN_POINT('',(0.334683683258,0.55,-0.10798060411));
#9953 = VECTOR('',#9954,1.);
#9954 = DIRECTION('',(-1.,0.,0.));
#9955 = ORIENTED_EDGE('',*,*,#9956,.T.);
#9956 = EDGE_CURVE('',#9949,#9957,#9959,.T.);
#9957 = VERTEX_POINT('',#9958);
#9958 = CARTESIAN_POINT('',(0.407460125566,0.55,-0.197724193853));
#9959 = B_SPLINE_CURVE_WITH_KNOTS('',3,(#9960,#9961,#9962,#9963,#9964,
    #9965,#9966,#9967,#9968,#9969,#9970,#9971,#9972,#9973,#9974,#9975,
    #9976,#9977,#9978),.UNSPECIFIED.,.F.,.F.,(4,1,1,1,1,1,1,1,1,1,1,1,1,
    1,1,1,4),(0.,7.262534608344E-02,0.141976611326,0.208984928419,
    0.273956870364,0.336889347397,0.398744953495,0.460115885279,
    0.52082492259,0.580994458632,0.640151927601,0.698622450756,
    0.757271080927,0.816426694005,0.876254048203,0.937165293063,1.),
  .UNSPECIFIED.);
#9960 = CARTESIAN_POINT('',(0.303273426848,0.55,-0.10798060411));
#9961 = CARTESIAN_POINT('',(0.304124381916,0.55,-0.111503852507));
#9962 = CARTESIAN_POINT('',(0.305787929472,0.55,-0.118391514946));
#9963 = CARTESIAN_POINT('',(0.309257686819,0.55,-0.128232241031));
#9964 = CARTESIAN_POINT('',(0.313037612338,0.55,-0.13754459317));
#9965 = CARTESIAN_POINT('',(0.317576522795,0.55,-0.14615420054));
#9966 = CARTESIAN_POINT('',(0.322527398217,0.55,-0.154234090813));
#9967 = CARTESIAN_POINT('',(0.328199670371,0.55,-0.16160100326));
#9968 = CARTESIAN_POINT('',(0.334331642627,0.55,-0.168442299807));
#9969 = CARTESIAN_POINT('',(0.341114137557,0.55,-0.174513623562));
#9970 = CARTESIAN_POINT('',(0.348227003722,0.55,-0.180011396483));
#9971 = CARTESIAN_POINT('',(0.355770465697,0.55,-0.184698902217));
#9972 = CARTESIAN_POINT('',(0.363592755064,0.55,-0.188731317504));
#9973 = CARTESIAN_POINT('',(0.371748068359,0.55,-0.192053340691));
#9974 = CARTESIAN_POINT('',(0.380260685528,0.55,-0.194555893058));
#9975 = CARTESIAN_POINT('',(0.38905364786,0.55,-0.196371573617));
#9976 = CARTESIAN_POINT('',(0.398149997871,0.55,-0.197550685038));
#9977 = CARTESIAN_POINT('',(0.404324756931,0.55,-0.197665761347));
#9978 = CARTESIAN_POINT('',(0.407460125566,0.55,-0.197724193853));
#9979 = ORIENTED_EDGE('',*,*,#9980,.T.);
#9980 = EDGE_CURVE('',#9957,#9981,#9983,.T.);
#9981 = VERTEX_POINT('',#9982);
#9982 = CARTESIAN_POINT('',(0.509683683258,0.55,-0.106788697059));
#9983 = B_SPLINE_CURVE_WITH_KNOTS('',3,(#9984,#9985,#9986,#9987,#9988,
    #9989,#9990,#9991,#9992,#9993,#9994,#9995,#9996,#9997,#9998),
  .UNSPECIFIED.,.F.,.F.,(4,1,1,1,1,1,1,1,1,1,1,1,4),(0.,
    9.025424934268E-02,0.178539791529,0.266093033854,0.354630977957,
    0.441886153351,0.525746915164,0.608113633604,0.690197272828,
    0.77082148433,0.848326181255,0.924011740025,1.),.UNSPECIFIED.);
#9984 = CARTESIAN_POINT('',(0.407460125566,0.55,-0.197724193853));
#9985 = CARTESIAN_POINT('',(0.412028399773,0.55,-0.197586270829));
#9986 = CARTESIAN_POINT('',(0.421065300868,0.55,-0.197313433281));
#9987 = CARTESIAN_POINT('',(0.434341605563,0.55,-0.194821989634));
#9988 = CARTESIAN_POINT('',(0.447144287473,0.55,-0.190879476398));
#9989 = CARTESIAN_POINT('',(0.459333212255,0.55,-0.185432103684));
#9990 = CARTESIAN_POINT('',(0.470655055514,0.55,-0.178713372368));
#9991 = CARTESIAN_POINT('',(0.480728674189,0.55,-0.170716898679));
#9992 = CARTESIAN_POINT('',(0.489417525269,0.55,-0.16159696853));
#9993 = CARTESIAN_POINT('',(0.496706963035,0.55,-0.151523712098));
#9994 = CARTESIAN_POINT('',(0.502414462941,0.55,-0.140758161159));
#9995 = CARTESIAN_POINT('',(0.506623100289,0.55,-0.129678145445));
#9996 = CARTESIAN_POINT('',(0.509185268389,0.55,-0.118309948306));
#9997 = CARTESIAN_POINT('',(0.50951732407,0.55,-0.110634220388));
#9998 = CARTESIAN_POINT('',(0.509683683258,0.55,-0.106788697059));
#9999 = ORIENTED_EDGE('',*,*,#10000,.T.);
#10000 = EDGE_CURVE('',#9981,#10001,#10003,.T.);
#10001 = VERTEX_POINT('',#10002);
#10002 = CARTESIAN_POINT('',(0.468808282617,0.55,-3.478348872524E-02));
#10003 = B_SPLINE_CURVE_WITH_KNOTS('',3,(#10004,#10005,#10006,#10007,
    #10008,#10009,#10010,#10011,#10012,#10013,#10014),.UNSPECIFIED.,.F.,
  .F.,(4,1,1,1,1,1,1,1,4),(0.,0.128067548596,0.250608318868,
    0.370630165915,0.49007224673,0.610374764155,0.734313069912,
    0.863216504245,1.),.UNSPECIFIED.);
#10004 = CARTESIAN_POINT('',(0.509683683258,0.55,-0.106788697059));
#10005 = CARTESIAN_POINT('',(0.509567324153,0.55,-0.103088017588));
#10006 = CARTESIAN_POINT('',(0.509339627442,0.55,-9.58463621417E-02));
#10007 = CARTESIAN_POINT('',(0.507406256886,0.55,-8.527421242788E-02));
#10008 = CARTESIAN_POINT('',(0.504152630598,0.55,-7.531005239966E-02));
#10009 = CARTESIAN_POINT('',(0.499645654341,0.55,-6.591193618731E-02));
#10010 = CARTESIAN_POINT('',(0.493811499317,0.55,-5.7139452205E-02));
#10011 = CARTESIAN_POINT('',(0.486744229628,0.55,-4.897286311895E-02));
#10012 = CARTESIAN_POINT('',(0.47839396345,0.55,-4.137594730613E-02));
#10013 = CARTESIAN_POINT('',(0.472066069648,0.55,-3.702400000858E-02));
#10014 = CARTESIAN_POINT('',(0.468808282617,0.55,-3.478348872524E-02));
#10015 = ORIENTED_EDGE('',*,*,#10016,.T.);
#10016 = EDGE_CURVE('',#10001,#10017,#10019,.T.);
#10017 = VERTEX_POINT('',#10018);
#10018 = CARTESIAN_POINT('',(0.50673897172,0.55,-4.915700263697E-03));
#10019 = B_SPLINE_CURVE_WITH_KNOTS('',3,(#10020,#10021,#10022,#10023,
    #10024,#10025,#10026),.UNSPECIFIED.,.F.,.F.,(4,1,1,1,4),(0.,
    0.253879600327,0.503008917278,0.75029108069,1.),.UNSPECIFIED.);
#10020 = CARTESIAN_POINT('',(0.468808282617,0.55,-3.478348872524E-02));
#10021 = CARTESIAN_POINT('',(0.472531458074,0.55,-3.298567157109E-02));
#10022 = CARTESIAN_POINT('',(0.479908145501,0.55,-2.942367581007E-02));
#10023 = CARTESIAN_POINT('',(0.489963198454,0.55,-2.243810005834E-02));
#10024 = CARTESIAN_POINT('',(0.49909098599,0.55,-1.437246532295E-02));
#10025 = CARTESIAN_POINT('',(0.504181357891,0.55,-8.078200031596E-03));
#10026 = CARTESIAN_POINT('',(0.50673897172,0.55,-4.915700263697E-03));
#10027 = ORIENTED_EDGE('',*,*,#10028,.T.);
#10028 = EDGE_CURVE('',#10017,#10029,#10031,.T.);
#10029 = VERTEX_POINT('',#10030);
#10030 = CARTESIAN_POINT('',(0.527632401207,0.55,5.727380294143E-02));
#10031 = B_SPLINE_CURVE_WITH_KNOTS('',3,(#10032,#10033,#10034,#10035,
    #10036,#10037,#10038,#10039,#10040,#10041,#10042),.UNSPECIFIED.,.F.,
  .F.,(4,1,1,1,1,1,1,1,4),(0.,0.128135509797,0.254172711902,
    0.378111645139,0.501712263007,0.623986309368,0.747095613618,
    0.87287463665,1.),.UNSPECIFIED.);
#10032 = CARTESIAN_POINT('',(0.50673897172,0.55,-4.915700263697E-03));
#10033 = CARTESIAN_POINT('',(0.508423105955,0.55,-2.609925102831E-03));
#10034 = CARTESIAN_POINT('',(0.511763795561,0.55,1.963866554147E-03));
#10035 = CARTESIAN_POINT('',(0.515887348937,0.55,9.317509142551E-03));
#10036 = CARTESIAN_POINT('',(0.519628260367,0.55,1.675265807076E-02));
#10037 = CARTESIAN_POINT('',(0.5225432823,0.55,2.446859867336E-02));
#10038 = CARTESIAN_POINT('',(0.524800668983,0.55,3.237590004318E-02));
#10039 = CARTESIAN_POINT('',(0.526414272207,0.55,4.048813964901E-02));
#10040 = CARTESIAN_POINT('',(0.527416686296,0.55,4.881194189145E-02));
#10041 = CARTESIAN_POINT('',(0.527560241497,0.55,5.444318991349E-02));
#10042 = CARTESIAN_POINT('',(0.527632401207,0.55,5.727380294143E-02));
#10043 = ORIENTED_EDGE('',*,*,#10044,.T.);
#10044 = EDGE_CURVE('',#10029,#10045,#10047,.T.);
#10045 = VERTEX_POINT('',#10046);
#10046 = CARTESIAN_POINT('',(0.406548667233,0.55,0.170224524095));
#10047 = B_SPLINE_CURVE_WITH_KNOTS('',3,(#10048,#10049,#10050,#10051,
    #10052,#10053,#10054,#10055,#10056,#10057,#10058,#10059,#10060,
    #10061,#10062),.UNSPECIFIED.,.F.,.F.,(4,1,1,1,1,1,1,1,1,1,1,1,4),(0.
    ,7.964825118023E-02,0.158921676418,0.239619494737,0.322609429819,
    0.406034636618,0.487602095492,0.569684626596,0.653036145009,
    0.737435717722,0.822477815856,0.909747655118,1.),.UNSPECIFIED.);
#10048 = CARTESIAN_POINT('',(0.527632401207,0.55,5.727380294143E-02));
#10049 = CARTESIAN_POINT('',(0.527452949855,0.55,6.217477506016E-02));
#10050 = CARTESIAN_POINT('',(0.527094891652,0.55,7.195365524453E-02));
#10051 = CARTESIAN_POINT('',(0.523894484221,0.55,8.640112740787E-02));
#10052 = CARTESIAN_POINT('',(0.518933160152,0.55,0.100523677635));
#10053 = CARTESIAN_POINT('',(0.511887466555,0.55,0.11403116156));
#10054 = CARTESIAN_POINT('',(0.503300715672,0.55,0.12666919966));
#10055 = CARTESIAN_POINT('',(0.493084983255,0.55,0.137976830564));
#10056 = CARTESIAN_POINT('',(0.481356342414,0.55,0.147696690997));
#10057 = CARTESIAN_POINT('',(0.468275777529,0.55,0.155817713803));
#10058 = CARTESIAN_POINT('',(0.45410406468,0.55,0.162309506022));
#10059 = CARTESIAN_POINT('',(0.43894650548,0.55,0.166815250307));
#10060 = CARTESIAN_POINT('',(0.423021500084,0.55,0.169749850274));
#10061 = CARTESIAN_POINT('',(0.412100770329,0.55,0.170064537163));
#10062 = CARTESIAN_POINT('',(0.406548667233,0.55,0.170224524095));
#10063 = ORIENTED_EDGE('',*,*,#10064,.T.);
#10064 = EDGE_CURVE('',#10045,#10065,#10067,.T.);
#10065 = VERTEX_POINT('',#10066);
#10066 = CARTESIAN_POINT('',(0.289811888386,0.55,6.701939589015E-02));
#10067 = B_SPLINE_CURVE_WITH_KNOTS('',3,(#10068,#10069,#10070,#10071,
    #10072,#10073,#10074,#10075,#10076,#10077,#10078,#10079,#10080,
    #10081,#10082,#10083,#10084,#10085,#10086),.UNSPECIFIED.,.F.,.F.,(4,
    1,1,1,1,1,1,1,1,1,1,1,1,1,1,1,4),(0.,6.55411703374E-02,
    0.128963167783,0.190377136189,0.250092361669,0.308548432459,
    0.366397963055,0.424542189267,0.483169996423,0.542243399831,
    0.601739352017,0.66250600225,0.724855513449,0.789127829281,
    0.856346399879,0.926295234987,1.),.UNSPECIFIED.);
#10068 = CARTESIAN_POINT('',(0.406548667233,0.55,0.170224524095));
#10069 = CARTESIAN_POINT('',(0.402806737204,0.55,0.170137702769));
#10070 = CARTESIAN_POINT('',(0.395443866697,0.55,0.169966867352));
#10071 = CARTESIAN_POINT('',(0.384619516859,0.55,0.168799007232));
#10072 = CARTESIAN_POINT('',(0.374287346922,0.55,0.166666006708));
#10073 = CARTESIAN_POINT('',(0.364433387136,0.55,0.163795676172));
#10074 = CARTESIAN_POINT('',(0.355048883497,0.55,0.160156501964));
#10075 = CARTESIAN_POINT('',(0.346162472979,0.55,0.155624632161));
#10076 = CARTESIAN_POINT('',(0.337719483627,0.55,0.150293481956));
#10077 = CARTESIAN_POINT('',(0.329799588513,0.55,0.144100123176));
#10078 = CARTESIAN_POINT('',(0.322403731742,0.55,0.1371719892));
#10079 = CARTESIAN_POINT('',(0.315728459319,0.55,0.129386088203));
#10080 = CARTESIAN_POINT('',(0.309662480025,0.55,0.120886347811));
#10081 = CARTESIAN_POINT('',(0.304368216154,0.55,0.111574042191));
#10082 = CARTESIAN_POINT('',(0.299604520892,0.55,0.101569516463));
#10083 = CARTESIAN_POINT('',(0.295686425228,0.55,9.074466662527E-02));
#10084 = CARTESIAN_POINT('',(0.292237868364,0.55,7.919626442637E-02));
#10085 = CARTESIAN_POINT('',(0.290634521939,0.55,7.114849040879E-02));
#10086 = CARTESIAN_POINT('',(0.289811888386,0.55,6.701939589015E-02));
#10087 = ORIENTED_EDGE('',*,*,#10088,.T.);
#10088 = EDGE_CURVE('',#10065,#10089,#10091,.T.);
#10089 = VERTEX_POINT('',#10090);
#10090 = CARTESIAN_POINT('',(0.321222144797,0.55,6.701939589015E-02));
#10091 = LINE('',#10092,#10093);
#10092 = CARTESIAN_POINT('',(0.289811888386,0.55,6.701939589015E-02));
#10093 = VECTOR('',#10094,1.);
#10094 = DIRECTION('',(1.,0.,0.));
#10095 = ORIENTED_EDGE('',*,*,#10096,.T.);
#10096 = EDGE_CURVE('',#10089,#10097,#10099,.T.);
#10097 = VERTEX_POINT('',#10098);
#10098 = CARTESIAN_POINT('',(0.348636006976,0.55,0.115396799736));
#10099 = B_SPLINE_CURVE_WITH_KNOTS('',3,(#10100,#10101,#10102,#10103,
    #10104,#10105,#10106,#10107,#10108,#10109,#10110),.UNSPECIFIED.,.F.,
  .F.,(4,1,1,1,1,1,1,1,4),(0.,0.149770386032,0.291316409995,
    0.425966373105,0.55215957397,0.671527413524,0.786121628692,
    0.89532507307,1.),.UNSPECIFIED.);
#10100 = CARTESIAN_POINT('',(0.321222144797,0.55,6.701939589015E-02));
#10101 = CARTESIAN_POINT('',(0.322040473941,0.55,6.971429721701E-02));
#10102 = CARTESIAN_POINT('',(0.323632195206,0.55,7.495611437882E-02));
#10103 = CARTESIAN_POINT('',(0.32634162501,0.55,8.250014494631E-02));
#10104 = CARTESIAN_POINT('',(0.329428452217,0.55,8.941595026879E-02));
#10105 = CARTESIAN_POINT('',(0.332739908081,0.55,9.575426246659E-02));
#10106 = CARTESIAN_POINT('',(0.336217752683,0.55,0.101577502713));
#10107 = CARTESIAN_POINT('',(0.340109245197,0.55,0.106731689616));
#10108 = CARTESIAN_POINT('',(0.344126159711,0.55,0.111443209837));
#10109 = CARTESIAN_POINT('',(0.347154095046,0.55,0.114097671031));
#10110 = CARTESIAN_POINT('',(0.348636006976,0.55,0.115396799736));
#10111 = ORIENTED_EDGE('',*,*,#10112,.T.);
#10112 = EDGE_CURVE('',#10097,#10113,#10115,.T.);
#10113 = VERTEX_POINT('',#10114);
#10114 = CARTESIAN_POINT('',(0.407109564668,0.55,0.134327088198));
#10115 = B_SPLINE_CURVE_WITH_KNOTS('',3,(#10116,#10117,#10118,#10119,
    #10120,#10121,#10122,#10123,#10124,#10125,#10126),.UNSPECIFIED.,.F.,
  .F.,(4,1,1,1,1,1,1,1,4),(0.,0.118271304836,0.236177533084,
    0.355662932949,0.475904164671,0.600127341711,0.728608116155,
    0.861313475674,1.),.UNSPECIFIED.);
#10116 = CARTESIAN_POINT('',(0.348636006976,0.55,0.115396799736));
#10117 = CARTESIAN_POINT('',(0.350595664629,0.55,0.116907633125));
#10118 = CARTESIAN_POINT('',(0.354508930917,0.55,0.119924636303));
#10119 = CARTESIAN_POINT('',(0.360885754027,0.55,0.123774799157));
#10120 = CARTESIAN_POINT('',(0.367592242635,0.55,0.127110901691));
#10121 = CARTESIAN_POINT('',(0.374773710057,0.55,0.129659271262));
#10122 = CARTESIAN_POINT('',(0.382275187103,0.55,0.131817037341));
#10123 = CARTESIAN_POINT('',(0.390217923626,0.55,0.133229089254));
#10124 = CARTESIAN_POINT('',(0.398531845337,0.55,0.134197906389));
#10125 = CARTESIAN_POINT('',(0.404208621685,0.55,0.134283399538));
#10126 = CARTESIAN_POINT('',(0.407109564668,0.55,0.134327088198));
#10127 = ORIENTED_EDGE('',*,*,#10128,.T.);
#10128 = EDGE_CURVE('',#10113,#10129,#10131,.T.);
#10129 = VERTEX_POINT('',#10130);
#10130 = CARTESIAN_POINT('',(0.496222144797,0.55,6.028862665938E-02));
#10131 = B_SPLINE_CURVE_WITH_KNOTS('',3,(#10132,#10133,#10134,#10135,
    #10136,#10137,#10138,#10139,#10140,#10141,#10142,#10143,#10144,
    #10145,#10146,#10147,#10148,#10149,#10150),.UNSPECIFIED.,.F.,.F.,(4,
    1,1,1,1,1,1,1,1,1,1,1,1,1,1,1,4),(0.,7.607173695556E-02,
    0.148751714575,0.218402793846,0.285759581062,0.350598023675,
    0.414964044598,0.478069338572,0.541760676007,0.604349858539,
    0.664075021071,0.72146362308,0.777587128236,0.832644446927,
    0.887843511068,0.943460342652,1.),.UNSPECIFIED.);
#10132 = CARTESIAN_POINT('',(0.407109564668,0.55,0.134327088198));
#10133 = CARTESIAN_POINT('',(0.410384914933,0.55,0.134265497673));
#10134 = CARTESIAN_POINT('',(0.416789579625,0.55,0.134145062719));
#10135 = CARTESIAN_POINT('',(0.426135065558,0.55,0.133037492034));
#10136 = CARTESIAN_POINT('',(0.435025810315,0.55,0.13142445069));
#10137 = CARTESIAN_POINT('',(0.443363102892,0.55,0.128933152408));
#10138 = CARTESIAN_POINT('',(0.451256153627,0.55,0.125855067262));
#10139 = CARTESIAN_POINT('',(0.458594318589,0.55,0.121990226719));
#10140 = CARTESIAN_POINT('',(0.465473929208,0.55,0.117455754555));
#10141 = CARTESIAN_POINT('',(0.471806869751,0.55,0.112301838691));
#10142 = CARTESIAN_POINT('',(0.477501420502,0.55,0.106659689183));
#10143 = CARTESIAN_POINT('',(0.482515371826,0.55,0.100758382072));
#10144 = CARTESIAN_POINT('',(0.486777837974,0.55,9.462279912081E-02));
#10145 = CARTESIAN_POINT('',(0.490216195793,0.55,8.821898702914E-02));
#10146 = CARTESIAN_POINT('',(0.492931250823,0.55,8.157346414113E-02));
#10147 = CARTESIAN_POINT('',(0.49477957088,0.55,7.466758120569E-02));
#10148 = CARTESIAN_POINT('',(0.496064722393,0.55,6.755785458528E-02));
#10149 = CARTESIAN_POINT('',(0.49616938361,0.55,6.272495769112E-02));
#10150 = CARTESIAN_POINT('',(0.496222144797,0.55,6.028862665938E-02));
#10151 = ORIENTED_EDGE('',*,*,#10152,.T.);
#10152 = EDGE_CURVE('',#10129,#10153,#10155,.T.);
#10153 = VERTEX_POINT('',#10154);
#10154 = CARTESIAN_POINT('',(0.388529837104,0.55,-1.374983487908E-02));
#10155 = B_SPLINE_CURVE_WITH_KNOTS('',3,(#10156,#10157,#10158,#10159,
    #10160,#10161,#10162,#10163,#10164,#10165,#10166,#10167,#10168,
    #10169,#10170,#10171,#10172,#10173,#10174),.UNSPECIFIED.,.F.,.F.,(4,
    1,1,1,1,1,1,1,1,1,1,1,1,1,1,1,4),(0.,6.690918560566E-02,
    0.133485440423,0.20103511657,0.271234340019,0.342879984162,
    0.41383612961,0.485976621974,0.560229557256,0.599884180752,
    0.644054839643,0.691891931584,0.744687524474,0.80149177517,
    0.86285769822,0.929328379395,1.),.UNSPECIFIED.);
#10156 = CARTESIAN_POINT('',(0.496222144797,0.55,6.028862665938E-02));
#10157 = CARTESIAN_POINT('',(0.496069114644,0.55,5.702749277238E-02));
#10158 = CARTESIAN_POINT('',(0.495763815796,0.55,5.052145194637E-02));
#10159 = CARTESIAN_POINT('',(0.493432957851,0.55,4.094969451912E-02));
#10160 = CARTESIAN_POINT('',(0.489599071431,0.55,3.172735327521E-02));
#10161 = CARTESIAN_POINT('',(0.4842318203,0.55,2.301177426942E-02));
#10162 = CARTESIAN_POINT('',(0.477698247435,0.55,1.493418411597E-02));
#10163 = CARTESIAN_POINT('',(0.470061756749,0.55,7.727035868167E-03));
#10164 = CARTESIAN_POINT('',(0.461258933912,0.55,1.780026761058E-03));
#10165 = CARTESIAN_POINT('',(0.453156947009,0.55,-2.32883887881E-03));
#10166 = CARTESIAN_POINT('',(0.445980431358,0.55,-5.132546397187E-03));
#10167 = CARTESIAN_POINT('',(0.439838892914,0.55,-7.000042842113E-03));
#10168 = CARTESIAN_POINT('',(0.432963232576,0.55,-8.581408409722E-03));
#10169 = CARTESIAN_POINT('',(0.425436597689,0.55,-1.005263556219E-02));
#10170 = CARTESIAN_POINT('',(0.417202276044,0.55,-1.130477037738E-02));
#10171 = CARTESIAN_POINT('',(0.408269232247,0.55,-1.234895195172E-02));
#10172 = CARTESIAN_POINT('',(0.398635656086,0.55,-1.318445604617E-02));
#10173 = CARTESIAN_POINT('',(0.3919665395,0.55,-1.355756557432E-02));
#10174 = CARTESIAN_POINT('',(0.388529837104,0.55,-1.374983487908E-02));
#10175 = ORIENTED_EDGE('',*,*,#10176,.T.);
#10176 = EDGE_CURVE('',#10153,#10177,#10179,.T.);
#10177 = VERTEX_POINT('',#10178);
#10178 = CARTESIAN_POINT('',(0.388529837104,0.55,-4.964727077652E-02));
#10179 = LINE('',#10180,#10181);
#10180 = CARTESIAN_POINT('',(0.388529837104,0.55,-1.374983487908E-02));
#10181 = VECTOR('',#10182,1.);
#10182 = DIRECTION('',(0.,0.,-1.));
#10183 = ORIENTED_EDGE('',*,*,#10184,.T.);
#10184 = EDGE_CURVE('',#10177,#9903,#10185,.T.);
#10185 = B_SPLINE_CURVE_WITH_KNOTS('',3,(#10186,#10187,#10188,#10189,
    #10190,#10191,#10192,#10193,#10194,#10195,#10196,#10197,#10198,
    #10199,#10200),.UNSPECIFIED.,.F.,.F.,(4,1,1,1,1,1,1,1,1,1,1,1,4),(0.
    ,0.110165553211,0.215787256175,0.318027434909,0.417573954166,
    0.511650487647,0.596162097103,0.672934533485,0.74366955735,
    0.810677001065,0.874058962314,0.936696301919,1.),.UNSPECIFIED.);
#10186 = CARTESIAN_POINT('',(0.388529837104,0.55,-4.964727077652E-02));
#10187 = CARTESIAN_POINT('',(0.392859953676,0.55,-4.972075114864E-02));
#10188 = CARTESIAN_POINT('',(0.401341588332,0.55,-4.986468114691E-02));
#10189 = CARTESIAN_POINT('',(0.413731018808,0.55,-5.160548218641E-02));
#10190 = CARTESIAN_POINT('',(0.425578350022,0.55,-5.401354499199E-02));
#10191 = CARTESIAN_POINT('',(0.436621024222,0.55,-5.770206421902E-02));
#10192 = CARTESIAN_POINT('',(0.446685895557,0.55,-6.198609390495E-02));
#10193 = CARTESIAN_POINT('',(0.455417855765,0.55,-6.697131485653E-02));
#10194 = CARTESIAN_POINT('',(0.462694570492,0.55,-7.25127897812E-02));
#10195 = CARTESIAN_POINT('',(0.468480677642,0.55,-7.869605071543E-02));
#10196 = CARTESIAN_POINT('',(0.472833600506,0.55,-8.532755546377E-02));
#10197 = CARTESIAN_POINT('',(0.476016280249,0.55,-9.223922123252E-02));
#10198 = CARTESIAN_POINT('',(0.477896312873,0.55,-9.949162732615E-02));
#10199 = CARTESIAN_POINT('',(0.478147279565,0.55,-0.104441094119));
#10200 = CARTESIAN_POINT('',(0.478273426848,0.55,-0.106928921418));
#10201 = FACE_BOUND('',#10202,.T.);
#10202 = EDGE_LOOP('',(#10203,#10237,#10269,#10301));
#10203 = ORIENTED_EDGE('',*,*,#10204,.T.);
#10204 = EDGE_CURVE('',#10205,#10207,#10209,.T.);
#10205 = VERTEX_POINT('',#10206);
#10206 = CARTESIAN_POINT('',(0.258401631976,0.55,-1.360961052011E-02));
#10207 = VERTEX_POINT('',#10208);
#10208 = CARTESIAN_POINT('',(0.13759834672,0.55,0.170224524095));
#10209 = B_SPLINE_CURVE_WITH_KNOTS('',3,(#10210,#10211,#10212,#10213,
    #10214,#10215,#10216,#10217,#10218,#10219,#10220,#10221,#10222,
    #10223,#10224,#10225,#10226,#10227,#10228,#10229,#10230,#10231,
    #10232,#10233,#10234,#10235,#10236),.UNSPECIFIED.,.F.,.F.,(4,1,1,1,1
    ,1,1,1,1,1,1,1,1,1,1,1,1,1,1,1,1,1,1,1,4),(0.,6.506328961728E-02,
    0.126773166467,0.185515763226,0.240764679168,0.292979796024,
    0.34225037278,0.388919286186,0.432775664058,0.474628432631,
    0.514774690638,0.553605893498,0.591426406431,0.628028119946,
    0.66380363411,0.698984336132,0.733591489307,0.767628469151,
    0.801208347787,0.834263839727,0.866980694729,0.899719741518,
    0.932701912499,0.966175883433,1.),.UNSPECIFIED.);
#10210 = CARTESIAN_POINT('',(0.258401631976,0.55,-1.360961052011E-02));
#10211 = CARTESIAN_POINT('',(0.258336473522,0.55,-8.257219726017E-03));
#10212 = CARTESIAN_POINT('',(0.258209514931,0.55,2.171695459866E-03));
#10213 = CARTESIAN_POINT('',(0.257551644254,0.55,1.742479299185E-02));
#10214 = CARTESIAN_POINT('',(0.256255781136,0.55,3.18245973217E-02));
#10215 = CARTESIAN_POINT('',(0.254634782305,0.55,4.540564356757E-02));
#10216 = CARTESIAN_POINT('',(0.252389686008,0.55,5.811140545087E-02));
#10217 = CARTESIAN_POINT('',(0.249629169383,0.55,6.998585029766E-02));
#10218 = CARTESIAN_POINT('',(0.2465641371,0.55,8.10802574642E-02));
#10219 = CARTESIAN_POINT('',(0.242780657689,0.55,9.13037386252E-02));
#10220 = CARTESIAN_POINT('',(0.238639586655,0.55,0.100798910912));
#10221 = CARTESIAN_POINT('',(0.234134067037,0.55,0.109665625745));
#10222 = CARTESIAN_POINT('',(0.229307084429,0.55,0.117982255013));
#10223 = CARTESIAN_POINT('',(0.224048209928,0.55,0.125682229706));
#10224 = CARTESIAN_POINT('',(0.218442868609,0.55,0.132820095413));
#10225 = CARTESIAN_POINT('',(0.212371089729,0.55,0.139269857678));
#10226 = CARTESIAN_POINT('',(0.206004031219,0.55,0.145186924874));
#10227 = CARTESIAN_POINT('',(0.199262789636,0.55,0.150452087621));
#10228 = CARTESIAN_POINT('',(0.192221634513,0.55,0.155060568084));
#10229 = CARTESIAN_POINT('',(0.18502572682,0.55,0.159181953123));
#10230 = CARTESIAN_POINT('',(0.177547388485,0.55,0.162505222628));
#10231 = CARTESIAN_POINT('',(0.169956093212,0.55,0.165358726726));
#10232 = CARTESIAN_POINT('',(0.162143256601,0.55,0.167538771914));
#10233 = CARTESIAN_POINT('',(0.154118617532,0.55,0.169046157467));
#10234 = CARTESIAN_POINT('',(0.145922993939,0.55,0.170103342312));
#10235 = CARTESIAN_POINT('',(0.140382837431,0.55,0.1701839903));
#10236 = CARTESIAN_POINT('',(0.13759834672,0.55,0.170224524095));
#10237 = ORIENTED_EDGE('',*,*,#10238,.T.);
#10238 = EDGE_CURVE('',#10207,#10239,#10241,.T.);
#10239 = VERTEX_POINT('',#10240);
#10240 = CARTESIAN_POINT('',(2.058111915558E-02,0.55,-1.360961052011E-02
    ));
#10241 = B_SPLINE_CURVE_WITH_KNOTS('',3,(#10242,#10243,#10244,#10245,
    #10246,#10247,#10248,#10249,#10250,#10251,#10252,#10253,#10254,
    #10255,#10256,#10257,#10258,#10259,#10260,#10261,#10262,#10263,
    #10264,#10265,#10266,#10267,#10268),.UNSPECIFIED.,.F.,.F.,(4,1,1,1,1
    ,1,1,1,1,1,1,1,1,1,1,1,1,1,1,1,1,1,1,1,4),(0.,3.378714634699E-02,
    6.662165772429E-02,9.928487809597E-02,0.131361165043,0.163585187595,
    0.196103926987,0.228902254324,0.262158055905,0.295991222258,
    0.330217845725,0.365059825892,0.40095073734,0.437620382077,
    0.475707529437,0.515380691625,0.556413541493,0.599764829873,
    0.646424155584,0.696431444518,0.749781517802,0.806573306976,
    0.867435531565,0.931886753251,1.),.UNSPECIFIED.);
#10242 = CARTESIAN_POINT('',(0.13759834672,0.55,0.170224524095));
#10243 = CARTESIAN_POINT('',(0.134837935321,0.55,0.170177888549));
#10244 = CARTESIAN_POINT('',(0.129394942845,0.55,0.170085932356));
#10245 = CARTESIAN_POINT('',(0.121329700301,0.55,0.169134559207));
#10246 = CARTESIAN_POINT('',(0.113501455957,0.55,0.167605008886));
#10247 = CARTESIAN_POINT('',(0.105871580553,0.55,0.165463348476));
#10248 = CARTESIAN_POINT('',(9.840092904454E-02,0.55,0.162841864845));
#10249 = CARTESIAN_POINT('',(9.119130037896E-02,0.55,0.159426496485));
#10250 = CARTESIAN_POINT('',(8.416253200989E-02,0.55,0.155493089589));
#10251 = CARTESIAN_POINT('',(7.733337640808E-02,0.55,0.151013547445));
#10252 = CARTESIAN_POINT('',(7.08321603041E-02,0.55,0.145881379132));
#10253 = CARTESIAN_POINT('',(6.462229977272E-02,0.55,0.140204950264));
#10254 = CARTESIAN_POINT('',(5.885979786302E-02,0.55,0.133842609134));
#10255 = CARTESIAN_POINT('',(5.349638830129E-02,0.55,0.126894816823));
#10256 = CARTESIAN_POINT('',(4.839897948171E-02,0.55,0.11942549259));
#10257 = CARTESIAN_POINT('',(4.371004214979E-02,0.55,0.111332655285));
#10258 = CARTESIAN_POINT('',(3.937295674298E-02,0.55,0.102648394236));
#10259 = CARTESIAN_POINT('',(3.540860767613E-02,0.55,9.331660316894E-02)
  );
#10260 = CARTESIAN_POINT('',(3.189374132464E-02,0.55,8.320111038296E-02)
  );
#10261 = CARTESIAN_POINT('',(2.87889705133E-02,0.55,7.218619253271E-02)
  );
#10262 = CARTESIAN_POINT('',(2.633755476629E-02,0.55,6.01746289213E-02)
  );
#10263 = CARTESIAN_POINT('',(2.4239259233E-02,0.55,4.726289221077E-02));
#10264 = CARTESIAN_POINT('',(2.254682092865E-02,0.55,3.339549917218E-02)
  );
#10265 = CARTESIAN_POINT('',(2.139138839682E-02,0.55,1.856492135349E-02)
  );
#10266 = CARTESIAN_POINT('',(2.067725689324E-02,0.55,2.780400460877E-03)
  );
#10267 = CARTESIAN_POINT('',(2.061374985123E-02,0.55,-8.046576970783E-03
    ));
#10268 = CARTESIAN_POINT('',(2.058111915558E-02,0.55,-1.360961052011E-02
    ));
#10269 = ORIENTED_EDGE('',*,*,#10270,.T.);
#10270 = EDGE_CURVE('',#10239,#10271,#10273,.T.);
#10271 = VERTEX_POINT('',#10272);
#10272 = CARTESIAN_POINT('',(0.13759834672,0.55,-0.197724193853));
#10273 = B_SPLINE_CURVE_WITH_KNOTS('',3,(#10274,#10275,#10276,#10277,
    #10278,#10279,#10280,#10281,#10282,#10283,#10284,#10285,#10286,
    #10287,#10288,#10289,#10290,#10291,#10292,#10293,#10294,#10295,
    #10296,#10297,#10298,#10299,#10300),.UNSPECIFIED.,.F.,.F.,(4,1,1,1,1
    ,1,1,1,1,1,1,1,1,1,1,1,1,1,1,1,1,1,1,1,4),(0.,6.859462225874E-02,
    0.133246042443,0.194312586468,0.251279223117,0.304513439256,
    0.354234906653,0.400480588774,0.443410754938,0.484014868616,
    0.523252300773,0.561042372728,0.597900239364,0.633518488856,
    0.66831435117,0.702495671286,0.736685353513,0.770293169361,
    0.803437255019,0.835912951666,0.868460245789,0.900846538243,
    0.933466524631,0.966257575298,1.),.UNSPECIFIED.);
#10274 = CARTESIAN_POINT('',(2.058111915558E-02,0.55,-1.360961052011E-02
    ));
#10275 = CARTESIAN_POINT('',(2.061392097133E-02,0.55,-1.921934929353E-02
    ));
#10276 = CARTESIAN_POINT('',(2.067763897121E-02,0.55,-3.011634771828E-02
    ));
#10277 = CARTESIAN_POINT('',(2.138648106544E-02,0.55,-4.599481192496E-02
    ));
#10278 = CARTESIAN_POINT('',(2.256401529675E-02,0.55,-6.089084082448E-02
    ));
#10279 = CARTESIAN_POINT('',(2.417775258178E-02,0.55,-7.480514742832E-02
    ));
#10280 = CARTESIAN_POINT('',(2.614155060414E-02,0.55,-8.774132388009E-02
    ));
#10281 = CARTESIAN_POINT('',(2.876309926427E-02,0.55,-9.966479959372E-02
    ));
#10282 = CARTESIAN_POINT('',(3.174437952577E-02,0.55,-0.110630760255));
#10283 = CARTESIAN_POINT('',(3.519962410682E-02,0.55,-0.120674965103));
#10284 = CARTESIAN_POINT('',(3.909840300865E-02,0.55,-0.129932735405));
#10285 = CARTESIAN_POINT('',(4.334182908086E-02,0.55,-0.138575255534));
#10286 = CARTESIAN_POINT('',(4.809830852322E-02,0.55,-0.146589448768));
#10287 = CARTESIAN_POINT('',(5.309599981593E-02,0.55,-0.15410322781));
#10288 = CARTESIAN_POINT('',(5.853720697871E-02,0.55,-0.160993597289));
#10289 = CARTESIAN_POINT('',(6.426708602543E-02,0.55,-0.167357863541));
#10290 = CARTESIAN_POINT('',(7.050927365215E-02,0.55,-0.173048938588));
#10291 = CARTESIAN_POINT('',(7.705157447949E-02,0.55,-0.178233568826));
#10292 = CARTESIAN_POINT('',(8.395322091866E-02,0.55,-0.182778515993));
#10293 = CARTESIAN_POINT('',(9.101748753298E-02,0.55,-0.186781789855));
#10294 = CARTESIAN_POINT('',(9.829299811858E-02,0.55,-0.190201776581));
#10295 = CARTESIAN_POINT('',(0.105799616408,0.55,-0.192890820167));
#10296 = CARTESIAN_POINT('',(0.113469872197,0.55,-0.195111904844));
#10297 = CARTESIAN_POINT('',(0.121330578866,0.55,-0.196630799609));
#10298 = CARTESIAN_POINT('',(0.12939471526,0.55,-0.197586490458));
#10299 = CARTESIAN_POINT('',(0.13483785874,0.55,-0.197677857232));
#10300 = CARTESIAN_POINT('',(0.13759834672,0.55,-0.197724193853));
#10301 = ORIENTED_EDGE('',*,*,#10302,.T.);
#10302 = EDGE_CURVE('',#10271,#10205,#10303,.T.);
#10303 = B_SPLINE_CURVE_WITH_KNOTS('',3,(#10304,#10305,#10306,#10307,
    #10308,#10309,#10310,#10311,#10312,#10313,#10314,#10315,#10316,
    #10317,#10318,#10319,#10320,#10321,#10322,#10323,#10324,#10325,
    #10326,#10327,#10328,#10329,#10330),.UNSPECIFIED.,.F.,.F.,(4,1,1,1,1
    ,1,1,1,1,1,1,1,1,1,1,1,1,1,1,1,1,1,1,1,4),(0.,3.378811616271E-02,
    6.719393237388E-02,9.986241085683E-02,0.132566612126,0.165151173255,
    0.197913187356,0.231319003567,0.265083278267,0.299255308758,
    0.334398566505,0.369942823509,0.4062835607,0.444063819699,
    0.482997706873,0.523354446613,0.565536589604,0.609612924066,
    0.656390811376,0.705885494936,0.758324500262,0.813831782941,
    0.872794559039,0.93472222954,1.),.UNSPECIFIED.);
#10304 = CARTESIAN_POINT('',(0.13759834672,0.55,-0.197724193853));
#10305 = CARTESIAN_POINT('',(0.140381894568,0.55,-0.197675412336));
#10306 = CARTESIAN_POINT('',(0.145917495458,0.55,-0.197578401245));
#10307 = CARTESIAN_POINT('',(0.154101532982,0.55,-0.196646006992));
#10308 = CARTESIAN_POINT('',(0.162096501154,0.55,-0.195098894682));
#10309 = CARTESIAN_POINT('',(0.169868315024,0.55,-0.192906797224));
#10310 = CARTESIAN_POINT('',(0.177480813671,0.55,-0.190187229558));
#10311 = CARTESIAN_POINT('',(0.184874454435,0.55,-0.186778517847));
#10312 = CARTESIAN_POINT('',(0.1920951626,0.55,-0.182810631113));
#10313 = CARTESIAN_POINT('',(0.199028191352,0.55,-0.178148243382));
#10314 = CARTESIAN_POINT('',(0.205749652886,0.55,-0.172950015762));
#10315 = CARTESIAN_POINT('',(0.212094449183,0.55,-0.167073748882));
#10316 = CARTESIAN_POINT('',(0.218063157773,0.55,-0.160578776955));
#10317 = CARTESIAN_POINT('',(0.223730688312,0.55,-0.153534590567));
#10318 = CARTESIAN_POINT('',(0.228936248032,0.55,-0.145806082083));
#10319 = CARTESIAN_POINT('',(0.233893591255,0.55,-0.137527671102));
#10320 = CARTESIAN_POINT('',(0.238330794845,0.55,-0.128554584622));
#10321 = CARTESIAN_POINT('',(0.242604262363,0.55,-0.119036537838));
#10322 = CARTESIAN_POINT('',(0.246292961037,0.55,-0.108710171958));
#10323 = CARTESIAN_POINT('',(0.249619585564,0.55,-9.763369590579E-02));
#10324 = CARTESIAN_POINT('',(0.252307482422,0.55,-8.567627722045E-02));
#10325 = CARTESIAN_POINT('',(0.254546409656,0.55,-7.290065269094E-02));
#10326 = CARTESIAN_POINT('',(0.25628089925,0.55,-5.925990436693E-02));
#10327 = CARTESIAN_POINT('',(0.257544163458,0.55,-4.478327281575E-02));
#10328 = CARTESIAN_POINT('',(0.258211471962,0.55,-2.946123375167E-02));
#10329 = CARTESIAN_POINT('',(0.258337142083,0.55,-1.898544883396E-02));
#10330 = CARTESIAN_POINT('',(0.258401631976,0.55,-1.360961052011E-02));
#10331 = FACE_BOUND('',#10332,.T.);
#10332 = EDGE_LOOP('',(#10333,#10367,#10399,#10431));
#10333 = ORIENTED_EDGE('',*,*,#10334,.T.);
#10334 = EDGE_CURVE('',#10335,#10337,#10339,.T.);
#10335 = VERTEX_POINT('',#10336);
#10336 = CARTESIAN_POINT('',(-0.280059906485,0.55,-1.360961052011E-02));
#10337 = VERTEX_POINT('',#10338);
#10338 = CARTESIAN_POINT('',(-0.400863191742,0.55,0.170224524095));
#10339 = B_SPLINE_CURVE_WITH_KNOTS('',3,(#10340,#10341,#10342,#10343,
    #10344,#10345,#10346,#10347,#10348,#10349,#10350,#10351,#10352,
    #10353,#10354,#10355,#10356,#10357,#10358,#10359,#10360,#10361,
    #10362,#10363,#10364,#10365,#10366),.UNSPECIFIED.,.F.,.F.,(4,1,1,1,1
    ,1,1,1,1,1,1,1,1,1,1,1,1,1,1,1,1,1,1,1,4),(0.,6.506328961728E-02,
    0.126773166467,0.185515763226,0.240764679168,0.292979796024,
    0.34225037278,0.388919286186,0.432775664058,0.474628432631,
    0.514774690638,0.553605893498,0.591426406431,0.628028119946,
    0.66380363411,0.698984336132,0.733591489307,0.767628469151,
    0.801208347787,0.834263839727,0.866980694729,0.899719741518,
    0.932701912499,0.966175883433,1.),.UNSPECIFIED.);
#10340 = CARTESIAN_POINT('',(-0.280059906485,0.55,-1.360961052011E-02));
#10341 = CARTESIAN_POINT('',(-0.28012506494,0.55,-8.257219726017E-03));
#10342 = CARTESIAN_POINT('',(-0.280252023531,0.55,2.171695459866E-03));
#10343 = CARTESIAN_POINT('',(-0.280909894208,0.55,1.742479299185E-02));
#10344 = CARTESIAN_POINT('',(-0.282205757326,0.55,3.18245973217E-02));
#10345 = CARTESIAN_POINT('',(-0.283826756157,0.55,4.540564356757E-02));
#10346 = CARTESIAN_POINT('',(-0.286071852454,0.55,5.811140545087E-02));
#10347 = CARTESIAN_POINT('',(-0.288832369079,0.55,6.998585029766E-02));
#10348 = CARTESIAN_POINT('',(-0.291897401361,0.55,8.10802574642E-02));
#10349 = CARTESIAN_POINT('',(-0.295680880772,0.55,9.13037386252E-02));
#10350 = CARTESIAN_POINT('',(-0.299821951807,0.55,0.100798910912));
#10351 = CARTESIAN_POINT('',(-0.304327471424,0.55,0.109665625745));
#10352 = CARTESIAN_POINT('',(-0.309154454033,0.55,0.117982255013));
#10353 = CARTESIAN_POINT('',(-0.314413328533,0.55,0.125682229706));
#10354 = CARTESIAN_POINT('',(-0.320018669853,0.55,0.132820095413));
#10355 = CARTESIAN_POINT('',(-0.326090448732,0.55,0.139269857678));
#10356 = CARTESIAN_POINT('',(-0.332457507242,0.55,0.145186924874));
#10357 = CARTESIAN_POINT('',(-0.339198748826,0.55,0.150452087621));
#10358 = CARTESIAN_POINT('',(-0.346239903949,0.55,0.155060568084));
#10359 = CARTESIAN_POINT('',(-0.353435811642,0.55,0.159181953123));
#10360 = CARTESIAN_POINT('',(-0.360914149976,0.55,0.162505222628));
#10361 = CARTESIAN_POINT('',(-0.368505445249,0.55,0.165358726726));
#10362 = CARTESIAN_POINT('',(-0.376318281861,0.55,0.167538771914));
#10363 = CARTESIAN_POINT('',(-0.38434292093,0.55,0.169046157467));
#10364 = CARTESIAN_POINT('',(-0.392538544522,0.55,0.170103342312));
#10365 = CARTESIAN_POINT('',(-0.398078701031,0.55,0.1701839903));
#10366 = CARTESIAN_POINT('',(-0.400863191742,0.55,0.170224524095));
#10367 = ORIENTED_EDGE('',*,*,#10368,.T.);
#10368 = EDGE_CURVE('',#10337,#10369,#10371,.T.);
#10369 = VERTEX_POINT('',#10370);
#10370 = CARTESIAN_POINT('',(-0.517880419306,0.55,-1.360961052011E-02));
#10371 = B_SPLINE_CURVE_WITH_KNOTS('',3,(#10372,#10373,#10374,#10375,
    #10376,#10377,#10378,#10379,#10380,#10381,#10382,#10383,#10384,
    #10385,#10386,#10387,#10388,#10389,#10390,#10391,#10392,#10393,
    #10394,#10395,#10396,#10397,#10398),.UNSPECIFIED.,.F.,.F.,(4,1,1,1,1
    ,1,1,1,1,1,1,1,1,1,1,1,1,1,1,1,1,1,1,1,4),(0.,3.378714634699E-02,
    6.662165772429E-02,9.928487809597E-02,0.131361165043,0.163585187595,
    0.196103926987,0.228902254324,0.262158055905,0.295991222258,
    0.330217845725,0.365059825892,0.40095073734,0.437620382077,
    0.475707529437,0.515380691625,0.556413541493,0.599764829873,
    0.646424155584,0.696431444518,0.749781517802,0.806573306976,
    0.867435531565,0.931886753251,1.),.UNSPECIFIED.);
#10372 = CARTESIAN_POINT('',(-0.400863191742,0.55,0.170224524095));
#10373 = CARTESIAN_POINT('',(-0.40362360314,0.55,0.170177888549));
#10374 = CARTESIAN_POINT('',(-0.409066595617,0.55,0.170085932356));
#10375 = CARTESIAN_POINT('',(-0.417131838161,0.55,0.169134559207));
#10376 = CARTESIAN_POINT('',(-0.424960082505,0.55,0.167605008886));
#10377 = CARTESIAN_POINT('',(-0.432589957909,0.55,0.165463348476));
#10378 = CARTESIAN_POINT('',(-0.440060609417,0.55,0.162841864845));
#10379 = CARTESIAN_POINT('',(-0.447270238083,0.55,0.159426496485));
#10380 = CARTESIAN_POINT('',(-0.454299006452,0.55,0.155493089589));
#10381 = CARTESIAN_POINT('',(-0.461128162053,0.55,0.151013547445));
#10382 = CARTESIAN_POINT('',(-0.467629378157,0.55,0.145881379132));
#10383 = CARTESIAN_POINT('',(-0.473839238689,0.55,0.140204950264));
#10384 = CARTESIAN_POINT('',(-0.479601740599,0.55,0.133842609134));
#10385 = CARTESIAN_POINT('',(-0.48496515016,0.55,0.126894816823));
#10386 = CARTESIAN_POINT('',(-0.49006255898,0.55,0.11942549259));
#10387 = CARTESIAN_POINT('',(-0.494751496312,0.55,0.111332655285));
#10388 = CARTESIAN_POINT('',(-0.499088581719,0.55,0.102648394236));
#10389 = CARTESIAN_POINT('',(-0.503052930785,0.55,9.331660316894E-02));
#10390 = CARTESIAN_POINT('',(-0.506567797137,0.55,8.320111038296E-02));
#10391 = CARTESIAN_POINT('',(-0.509672567948,0.55,7.218619253271E-02));
#10392 = CARTESIAN_POINT('',(-0.512123983695,0.55,6.01746289213E-02));
#10393 = CARTESIAN_POINT('',(-0.514222279229,0.55,4.726289221077E-02));
#10394 = CARTESIAN_POINT('',(-0.515914717533,0.55,3.339549917218E-02));
#10395 = CARTESIAN_POINT('',(-0.517070150065,0.55,1.856492135349E-02));
#10396 = CARTESIAN_POINT('',(-0.517784281568,0.55,2.780400460877E-03));
#10397 = CARTESIAN_POINT('',(-0.51784778861,0.55,-8.046576970783E-03));
#10398 = CARTESIAN_POINT('',(-0.517880419306,0.55,-1.360961052011E-02));
#10399 = ORIENTED_EDGE('',*,*,#10400,.T.);
#10400 = EDGE_CURVE('',#10369,#10401,#10403,.T.);
#10401 = VERTEX_POINT('',#10402);
#10402 = CARTESIAN_POINT('',(-0.400863191742,0.55,-0.197724193853));
#10403 = B_SPLINE_CURVE_WITH_KNOTS('',3,(#10404,#10405,#10406,#10407,
    #10408,#10409,#10410,#10411,#10412,#10413,#10414,#10415,#10416,
    #10417,#10418,#10419,#10420,#10421,#10422,#10423,#10424,#10425,
    #10426,#10427,#10428,#10429,#10430),.UNSPECIFIED.,.F.,.F.,(4,1,1,1,1
    ,1,1,1,1,1,1,1,1,1,1,1,1,1,1,1,1,1,1,1,4),(0.,6.859462225874E-02,
    0.133246042443,0.194312586468,0.251279223117,0.304513439256,
    0.354234906653,0.400480588774,0.443410754938,0.484014868616,
    0.523252300773,0.561042372728,0.597900239364,0.633518488856,
    0.66831435117,0.702495671286,0.736685353513,0.770293169361,
    0.803437255019,0.835912951666,0.868460245789,0.900846538243,
    0.933466524631,0.966257575298,1.),.UNSPECIFIED.);
#10404 = CARTESIAN_POINT('',(-0.517880419306,0.55,-1.360961052011E-02));
#10405 = CARTESIAN_POINT('',(-0.51784761749,0.55,-1.921934929353E-02));
#10406 = CARTESIAN_POINT('',(-0.51778389949,0.55,-3.011634771828E-02));
#10407 = CARTESIAN_POINT('',(-0.517075057396,0.55,-4.599481192496E-02));
#10408 = CARTESIAN_POINT('',(-0.515897523165,0.55,-6.089084082448E-02));
#10409 = CARTESIAN_POINT('',(-0.51428378588,0.55,-7.480514742832E-02));
#10410 = CARTESIAN_POINT('',(-0.512319987857,0.55,-8.774132388009E-02));
#10411 = CARTESIAN_POINT('',(-0.509698439197,0.55,-9.966479959372E-02));
#10412 = CARTESIAN_POINT('',(-0.506717158936,0.55,-0.110630760255));
#10413 = CARTESIAN_POINT('',(-0.503261914355,0.55,-0.120674965103));
#10414 = CARTESIAN_POINT('',(-0.499363135453,0.55,-0.129932735405));
#10415 = CARTESIAN_POINT('',(-0.495119709381,0.55,-0.138575255534));
#10416 = CARTESIAN_POINT('',(-0.490363229938,0.55,-0.146589448768));
#10417 = CARTESIAN_POINT('',(-0.485365538646,0.55,-0.15410322781));
#10418 = CARTESIAN_POINT('',(-0.479924331483,0.55,-0.160993597289));
#10419 = CARTESIAN_POINT('',(-0.474194452436,0.55,-0.167357863541));
#10420 = CARTESIAN_POINT('',(-0.467952264809,0.55,-0.173048938588));
#10421 = CARTESIAN_POINT('',(-0.461409963982,0.55,-0.178233568826));
#10422 = CARTESIAN_POINT('',(-0.454508317543,0.55,-0.182778515993));
#10423 = CARTESIAN_POINT('',(-0.447444050929,0.55,-0.186781789855));
#10424 = CARTESIAN_POINT('',(-0.440168540343,0.55,-0.190201776581));
#10425 = CARTESIAN_POINT('',(-0.432661922053,0.55,-0.192890820167));
#10426 = CARTESIAN_POINT('',(-0.424991666264,0.55,-0.195111904844));
#10427 = CARTESIAN_POINT('',(-0.417130959595,0.55,-0.196630799609));
#10428 = CARTESIAN_POINT('',(-0.409066823201,0.55,-0.197586490458));
#10429 = CARTESIAN_POINT('',(-0.403623679722,0.55,-0.197677857232));
#10430 = CARTESIAN_POINT('',(-0.400863191742,0.55,-0.197724193853));
#10431 = ORIENTED_EDGE('',*,*,#10432,.T.);
#10432 = EDGE_CURVE('',#10401,#10335,#10433,.T.);
#10433 = B_SPLINE_CURVE_WITH_KNOTS('',3,(#10434,#10435,#10436,#10437,
    #10438,#10439,#10440,#10441,#10442,#10443,#10444,#10445,#10446,
    #10447,#10448,#10449,#10450,#10451,#10452,#10453,#10454,#10455,
    #10456,#10457,#10458,#10459,#10460),.UNSPECIFIED.,.F.,.F.,(4,1,1,1,1
    ,1,1,1,1,1,1,1,1,1,1,1,1,1,1,1,1,1,1,1,4),(0.,3.378811616271E-02,
    6.719393237388E-02,9.986241085683E-02,0.132566612126,0.165151173255,
    0.197913187356,0.231319003567,0.265083278267,0.299255308758,
    0.334398566505,0.369942823509,0.4062835607,0.444063819699,
    0.482997706873,0.523354446613,0.565536589604,0.609612924066,
    0.656390811376,0.705885494936,0.758324500262,0.813831782941,
    0.872794559039,0.93472222954,1.),.UNSPECIFIED.);
#10434 = CARTESIAN_POINT('',(-0.400863191742,0.55,-0.197724193853));
#10435 = CARTESIAN_POINT('',(-0.398079643893,0.55,-0.197675412336));
#10436 = CARTESIAN_POINT('',(-0.392544043004,0.55,-0.197578401245));
#10437 = CARTESIAN_POINT('',(-0.384360005479,0.55,-0.196646006992));
#10438 = CARTESIAN_POINT('',(-0.376365037308,0.55,-0.195098894682));
#10439 = CARTESIAN_POINT('',(-0.368593223437,0.55,-0.192906797224));
#10440 = CARTESIAN_POINT('',(-0.360980724791,0.55,-0.190187229558));
#10441 = CARTESIAN_POINT('',(-0.353587084026,0.55,-0.186778517847));
#10442 = CARTESIAN_POINT('',(-0.346366375862,0.55,-0.182810631113));
#10443 = CARTESIAN_POINT('',(-0.33943334711,0.55,-0.178148243382));
#10444 = CARTESIAN_POINT('',(-0.332711885575,0.55,-0.172950015762));
#10445 = CARTESIAN_POINT('',(-0.326367089278,0.55,-0.167073748882));
#10446 = CARTESIAN_POINT('',(-0.320398380688,0.55,-0.160578776955));
#10447 = CARTESIAN_POINT('',(-0.31473085015,0.55,-0.153534590567));
#10448 = CARTESIAN_POINT('',(-0.30952529043,0.55,-0.145806082083));
#10449 = CARTESIAN_POINT('',(-0.304567947206,0.55,-0.137527671102));
#10450 = CARTESIAN_POINT('',(-0.300130743616,0.55,-0.128554584622));
#10451 = CARTESIAN_POINT('',(-0.295857276098,0.55,-0.119036537838));
#10452 = CARTESIAN_POINT('',(-0.292168577424,0.55,-0.108710171958));
#10453 = CARTESIAN_POINT('',(-0.288841952897,0.55,-9.763369590579E-02));
#10454 = CARTESIAN_POINT('',(-0.28615405604,0.55,-8.567627722045E-02));
#10455 = CARTESIAN_POINT('',(-0.283915128806,0.55,-7.290065269094E-02));
#10456 = CARTESIAN_POINT('',(-0.282180639211,0.55,-5.925990436693E-02));
#10457 = CARTESIAN_POINT('',(-0.280917375003,0.55,-4.478327281575E-02));
#10458 = CARTESIAN_POINT('',(-0.280250066499,0.55,-2.946123375167E-02));
#10459 = CARTESIAN_POINT('',(-0.280124396379,0.55,-1.898544883396E-02));
#10460 = CARTESIAN_POINT('',(-0.280059906485,0.55,-1.360961052011E-02));
#10461 = FACE_BOUND('',#10462,.T.);
#10462 = EDGE_LOOP('',(#10463,#10473,#10481,#10489));
#10463 = ORIENTED_EDGE('',*,*,#10464,.F.);
#10464 = EDGE_CURVE('',#10465,#10467,#10469,.T.);
#10465 = VERTEX_POINT('',#10466);
#10466 = CARTESIAN_POINT('',(0.55,0.55,-0.4));
#10467 = VERTEX_POINT('',#10468);
#10468 = CARTESIAN_POINT('',(0.55,0.55,0.4));
#10469 = LINE('',#10470,#10471);
#10470 = CARTESIAN_POINT('',(0.55,0.55,0.4));
#10471 = VECTOR('',#10472,1.);
#10472 = DIRECTION('',(2.282530889443E-16,-1.878171516282E-46,1.));
#10473 = ORIENTED_EDGE('',*,*,#10474,.T.);
#10474 = EDGE_CURVE('',#10465,#10475,#10477,.T.);
#10475 = VERTEX_POINT('',#10476);
#10476 = CARTESIAN_POINT('',(-0.55,0.55,-0.4));
#10477 = LINE('',#10478,#10479);
#10478 = CARTESIAN_POINT('',(1.351560977094,0.55,-0.4));
#10479 = VECTOR('',#10480,1.);
#10480 = DIRECTION('',(-1.,3.761581922631E-31,-1.734723475977E-16));
#10481 = ORIENTED_EDGE('',*,*,#10482,.T.);
#10482 = EDGE_CURVE('',#10475,#10483,#10485,.T.);
#10483 = VERTEX_POINT('',#10484);
#10484 = CARTESIAN_POINT('',(-0.55,0.55,0.4));
#10485 = LINE('',#10486,#10487);
#10486 = CARTESIAN_POINT('',(-0.55,0.55,0.4));
#10487 = VECTOR('',#10488,1.);
#10488 = DIRECTION('',(-2.710505431214E-16,-0.,1.));
#10489 = ORIENTED_EDGE('',*,*,#10490,.F.);
#10490 = EDGE_CURVE('',#10467,#10483,#10491,.T.);
#10491 = LINE('',#10492,#10493);
#10492 = CARTESIAN_POINT('',(1.351560977094,0.55,0.4));
#10493 = VECTOR('',#10494,1.);
#10494 = DIRECTION('',(-1.,3.761581922631E-31,-1.734723475977E-16));
#10495 = FACE_BOUND('',#10496,.T.);
#10496 = EDGE_LOOP('',(#10497,#10519,#10527,#10535,#10543,#10553,#10577,
    #10597));
#10497 = ORIENTED_EDGE('',*,*,#10498,.T.);
#10498 = EDGE_CURVE('',#10499,#10501,#10503,.T.);
#10499 = VERTEX_POINT('',#10500);
#10500 = CARTESIAN_POINT('',(-0.230700932126,0.55,6.365401127476E-02));
#10501 = VERTEX_POINT('',#10502);
#10502 = CARTESIAN_POINT('',(-0.191578335973,0.55,-3.800864898165E-02));
#10503 = B_SPLINE_CURVE_WITH_KNOTS('',3,(#10504,#10505,#10506,#10507,
    #10508,#10509,#10510,#10511,#10512,#10513,#10514,#10515,#10516,
    #10517,#10518),.UNSPECIFIED.,.F.,.F.,(4,1,1,1,1,1,1,1,1,1,1,1,4),(0.
    ,9.781818961471E-02,0.199726053402,0.305276357478,0.415811490538,
    0.474472231144,0.537273879776,0.60365742056,0.67429886309,
    0.749834485316,0.828598476757,0.912377778158,1.),.UNSPECIFIED.);
#10504 = CARTESIAN_POINT('',(-0.230700932126,0.55,6.365401127476E-02));
#10505 = CARTESIAN_POINT('',(-0.230582787626,0.55,6.004955295378E-02));
#10506 = CARTESIAN_POINT('',(-0.230341559129,0.55,5.268993775401E-02));
#10507 = CARTESIAN_POINT('',(-0.228657220095,0.55,4.154353495966E-02));
#10508 = CARTESIAN_POINT('',(-0.225950740617,0.55,3.0138426787E-02));
#10509 = CARTESIAN_POINT('',(-0.222919715982,0.55,2.046300742738E-02));
#10510 = CARTESIAN_POINT('',(-0.219717154977,0.55,1.253685523142E-02));
#10511 = CARTESIAN_POINT('',(-0.217051901018,0.55,6.146506168995E-03));
#10512 = CARTESIAN_POINT('',(-0.213734501414,0.55,-4.296011544768E-04));
#10513 = CARTESIAN_POINT('',(-0.210197163295,0.55,-7.416964752513E-03));
#10514 = CARTESIAN_POINT('',(-0.206121476403,0.55,-1.463550802137E-02));
#10515 = CARTESIAN_POINT('',(-0.201689911464,0.55,-2.22058749675E-02));
#10516 = CARTESIAN_POINT('',(-0.196779946374,0.55,-3.00076677337E-02));
#10517 = CARTESIAN_POINT('',(-0.193337930099,0.55,-3.530208725838E-02));
#10518 = CARTESIAN_POINT('',(-0.191578335973,0.55,-3.800864898165E-02));
#10519 = ORIENTED_EDGE('',*,*,#10520,.T.);
#10520 = EDGE_CURVE('',#10501,#10521,#10523,.T.);
#10521 = VERTEX_POINT('',#10522);
#10522 = CARTESIAN_POINT('',(-8.711118853673E-02,0.55,-0.197724193853));
#10523 = LINE('',#10524,#10525);
#10524 = CARTESIAN_POINT('',(-0.191578335973,0.55,-3.800864898165E-02));
#10525 = VECTOR('',#10526,1.);
#10526 = DIRECTION('',(0.547387929886,0.,-0.836878996161));
#10527 = ORIENTED_EDGE('',*,*,#10528,.T.);
#10528 = EDGE_CURVE('',#10521,#10529,#10531,.T.);
#10529 = VERTEX_POINT('',#10530);
#10530 = CARTESIAN_POINT('',(-6.292248661365E-02,0.55,-0.178723793212));
#10531 = LINE('',#10532,#10533);
#10532 = CARTESIAN_POINT('',(-8.711118853673E-02,0.55,-0.197724193853));
#10533 = VECTOR('',#10534,1.);
#10534 = DIRECTION('',(0.786397428723,0.,0.617720878794));
#10535 = ORIENTED_EDGE('',*,*,#10536,.T.);
#10536 = EDGE_CURVE('',#10529,#10537,#10539,.T.);
#10537 = VERTEX_POINT('',#10538);
#10538 = CARTESIAN_POINT('',(-0.155400451357,0.55,-3.730752718677E-02));
#10539 = LINE('',#10540,#10541);
#10540 = CARTESIAN_POINT('',(-6.292248661365E-02,0.55,-0.178723793212));
#10541 = VECTOR('',#10542,1.);
#10542 = DIRECTION('',(-0.547305260354,0.,0.836933063028));
#10543 = ORIENTED_EDGE('',*,*,#10544,.T.);
#10544 = EDGE_CURVE('',#10537,#10545,#10547,.T.);
#10545 = VERTEX_POINT('',#10546);
#10546 = CARTESIAN_POINT('',(-0.119152454562,0.55,-4.067291180216E-02));
#10547 = B_SPLINE_CURVE_WITH_KNOTS('',3,(#10548,#10549,#10550,#10551,
    #10552),.UNSPECIFIED.,.F.,.F.,(4,1,4),(0.,0.512659336342,1.),
  .UNSPECIFIED.);
#10548 = CARTESIAN_POINT('',(-0.155400451357,0.55,-3.730752718677E-02));
#10549 = CARTESIAN_POINT('',(-0.149243423659,0.55,-3.828891325213E-02));
#10550 = CARTESIAN_POINT('',(-0.137233444981,0.55,-4.020321773425E-02));
#10551 = CARTESIAN_POINT('',(-0.125076855129,0.55,-4.05190122791E-02));
#10552 = CARTESIAN_POINT('',(-0.119152454562,0.55,-4.067291180216E-02));
#10553 = ORIENTED_EDGE('',*,*,#10554,.T.);
#10554 = EDGE_CURVE('',#10545,#10555,#10557,.T.);
#10555 = VERTEX_POINT('',#10556);
#10556 = CARTESIAN_POINT('',(-1.531631674185E-02,0.55,6.302300165938E-02
    ));
#10557 = B_SPLINE_CURVE_WITH_KNOTS('',3,(#10558,#10559,#10560,#10561,
    #10562,#10563,#10564,#10565,#10566,#10567,#10568,#10569,#10570,
    #10571,#10572,#10573,#10574,#10575,#10576),.UNSPECIFIED.,.F.,.F.,(4,
    1,1,1,1,1,1,1,1,1,1,1,1,1,1,1,4),(0.,6.523080374203E-02,
    0.128404896003,0.190067071596,0.250943365768,0.311545832852,
    0.372862802157,0.435023673856,0.499071724707,0.56309107505,
    0.62551010633,0.68668003593,0.747282503014,0.808563495216,
    0.870742103516,0.934340951506,1.),.UNSPECIFIED.);
#10558 = CARTESIAN_POINT('',(-0.119152454562,0.55,-4.067291180216E-02));
#10559 = CARTESIAN_POINT('',(-0.115595204929,0.55,-4.057730063258E-02));
#10560 = CARTESIAN_POINT('',(-0.108592864883,0.55,-4.03890928905E-02));
#10561 = CARTESIAN_POINT('',(-9.831218466586E-02,0.55,
    -3.894070782132E-02));
#10562 = CARTESIAN_POINT('',(-8.843329106854E-02,0.55,
    -3.665819662896E-02));
#10563 = CARTESIAN_POINT('',(-7.8997129843E-02,0.55,-3.333097103413E-02)
  );
#10564 = CARTESIAN_POINT('',(-6.996983165704E-02,0.55,
    -2.908073559791E-02));
#10565 = CARTESIAN_POINT('',(-6.129959204619E-02,0.55,
    -2.398684856986E-02));
#10566 = CARTESIAN_POINT('',(-5.314939103557E-02,0.55,
    -1.778628053418E-02));
#10567 = CARTESIAN_POINT('',(-4.541427311438E-02,0.55,
    -1.085978495579E-02));
#10568 = CARTESIAN_POINT('',(-3.839156337508E-02,0.55,-3.18808650628E-03
    ));
#10569 = CARTESIAN_POINT('',(-3.217395781933E-02,0.55,4.952047164325E-03
    ));
#10570 = CARTESIAN_POINT('',(-2.695127864592E-02,0.55,1.355213526414E-02
    ));
#10571 = CARTESIAN_POINT('',(-2.271388648446E-02,0.55,2.260782185748E-02
    ));
#10572 = CARTESIAN_POINT('',(-1.942339862467E-02,0.55,3.210514781353E-02
    ));
#10573 = CARTESIAN_POINT('',(-1.702463412031E-02,0.55,4.203196176237E-02
    ));
#10574 = CARTESIAN_POINT('',(-1.560667483833E-02,0.55,5.239510890838E-02
    ));
#10575 = CARTESIAN_POINT('',(-1.541412576682E-02,0.55,5.9442926435E-02)
  );
#10576 = CARTESIAN_POINT('',(-1.531631674185E-02,0.55,6.302300165938E-02
    ));
#10577 = ORIENTED_EDGE('',*,*,#10578,.T.);
#10578 = EDGE_CURVE('',#10555,#10579,#10581,.T.);
#10579 = VERTEX_POINT('',#10580);
#10580 = CARTESIAN_POINT('',(-0.124691316742,0.55,0.170224524095));
#10581 = B_SPLINE_CURVE_WITH_KNOTS('',3,(#10582,#10583,#10584,#10585,
    #10586,#10587,#10588,#10589,#10590,#10591,#10592,#10593,#10594,
    #10595,#10596),.UNSPECIFIED.,.F.,.F.,(4,1,1,1,1,1,1,1,1,1,1,1,4),(0.
    ,8.594794314413E-02,0.169125211881,0.250399107186,0.332289736139,
    0.413364287916,0.494172283371,0.576021735387,0.660756969254,
    0.745783125914,0.830043592975,0.914027545821,1.),.UNSPECIFIED.);
#10582 = CARTESIAN_POINT('',(-1.531631674185E-02,0.55,6.302300165938E-02
    ));
#10583 = CARTESIAN_POINT('',(-1.545862723027E-02,0.55,6.792097205406E-02
    ));
#10584 = CARTESIAN_POINT('',(-1.573866059264E-02,0.55,7.755901864928E-02
    ));
#10585 = CARTESIAN_POINT('',(-1.852904019471E-02,0.55,9.159668928973E-02
    ));
#10586 = CARTESIAN_POINT('',(-2.286500467024E-02,0.55,0.104969940843));
#10587 = CARTESIAN_POINT('',(-2.906275751055E-02,0.55,0.11746525798));
#10588 = CARTESIAN_POINT('',(-3.676099580893E-02,0.55,0.129065514938));
#10589 = CARTESIAN_POINT('',(-4.614875507571E-02,0.55,0.13934406148));
#10590 = CARTESIAN_POINT('',(-5.689310390911E-02,0.55,0.148511065212));
#10591 = CARTESIAN_POINT('',(-6.904178372711E-02,0.55,0.156176727132));
#10592 = CARTESIAN_POINT('',(-8.211608013875E-02,0.55,0.162437032234));
#10593 = CARTESIAN_POINT('',(-9.585127988018E-02,0.55,0.166933556442));
#10594 = CARTESIAN_POINT('',(-0.110113994514,0.55,0.169701903381));
#10595 = CARTESIAN_POINT('',(-0.11979445532,0.55,0.170048963648));
#10596 = CARTESIAN_POINT('',(-0.124691316742,0.55,0.170224524095));
#10597 = ORIENTED_EDGE('',*,*,#10598,.T.);
#10598 = EDGE_CURVE('',#10579,#10499,#10599,.T.);
#10599 = B_SPLINE_CURVE_WITH_KNOTS('',3,(#10600,#10601,#10602,#10603,
    #10604,#10605,#10606,#10607,#10608,#10609,#10610,#10611,#10612,
    #10613,#10614),.UNSPECIFIED.,.F.,.F.,(4,1,1,1,1,1,1,1,1,1,1,1,4),(0.
    ,8.433472199263E-02,0.167052318416,0.249566077241,0.332740481802,
    0.415914886363,0.49782800954,0.580372588608,0.664600121057,
    0.749466693113,0.83251023394,0.915639281668,1.),.UNSPECIFIED.);
#10600 = CARTESIAN_POINT('',(-0.124691316742,0.55,0.170224524095));
#10601 = CARTESIAN_POINT('',(-0.129400986807,0.55,0.170071703521));
#10602 = CARTESIAN_POINT('',(-0.138730018608,0.55,0.16976899272));
#10603 = CARTESIAN_POINT('',(-0.152453298032,0.55,0.167072398932));
#10604 = CARTESIAN_POINT('',(-0.165639599766,0.55,0.162701688656));
#10605 = CARTESIAN_POINT('',(-0.178196537857,0.55,0.156680260801));
#10606 = CARTESIAN_POINT('',(-0.189828599149,0.55,0.149074472506));
#10607 = CARTESIAN_POINT('',(-0.200235162793,0.55,0.139918244593));
#10608 = CARTESIAN_POINT('',(-0.209364340248,0.55,0.129407298086));
#10609 = CARTESIAN_POINT('',(-0.216961802342,0.55,0.117543263358));
#10610 = CARTESIAN_POINT('',(-0.222987675536,0.55,0.104794267608));
#10611 = CARTESIAN_POINT('',(-0.227506668048,0.55,9.150055196899E-02));
#10612 = CARTESIAN_POINT('',(-0.230146292371,0.55,7.771055379641E-02));
#10613 = CARTESIAN_POINT('',(-0.230515148056,0.55,6.836243987776E-02));
#10614 = CARTESIAN_POINT('',(-0.230700932126,0.55,6.365401127476E-02));
#10615 = PLANE('',#10616);
#10616 = AXIS2_PLACEMENT_3D('',#10617,#10618,#10619);
#10617 = CARTESIAN_POINT('',(1.351560977094,0.55,0.4));
#10618 = DIRECTION('',(-3.761581922631E-31,-1.,-1.019578823125E-46));
#10619 = DIRECTION('',(1.,-3.761581922631E-31,0.));
#10620 = ADVANCED_FACE('',(#10621),#10646,.F.);
#10621 = FACE_BOUND('',#10622,.T.);
#10622 = EDGE_LOOP('',(#10623,#10631,#10632,#10640));
#10623 = ORIENTED_EDGE('',*,*,#10624,.F.);
#10624 = EDGE_CURVE('',#10467,#10625,#10627,.T.);
#10625 = VERTEX_POINT('',#10626);
#10626 = CARTESIAN_POINT('',(0.55,0.5,0.4));
#10627 = LINE('',#10628,#10629);
#10628 = CARTESIAN_POINT('',(0.55,0.55,0.4));
#10629 = VECTOR('',#10630,1.);
#10630 = DIRECTION('',(0.,-1.,0.));
#10631 = ORIENTED_EDGE('',*,*,#10490,.T.);
#10632 = ORIENTED_EDGE('',*,*,#10633,.T.);
#10633 = EDGE_CURVE('',#10483,#10634,#10636,.T.);
#10634 = VERTEX_POINT('',#10635);
#10635 = CARTESIAN_POINT('',(-0.55,0.5,0.4));
#10636 = LINE('',#10637,#10638);
#10637 = CARTESIAN_POINT('',(-0.55,0.55,0.4));
#10638 = VECTOR('',#10639,1.);
#10639 = DIRECTION('',(0.,-1.,0.));
#10640 = ORIENTED_EDGE('',*,*,#10641,.F.);
#10641 = EDGE_CURVE('',#10625,#10634,#10642,.T.);
#10642 = LINE('',#10643,#10644);
#10643 = CARTESIAN_POINT('',(1.351560977094,0.5,0.4));
#10644 = VECTOR('',#10645,1.);
#10645 = DIRECTION('',(-1.,3.761581922631E-31,-1.734723475977E-16));
#10646 = PLANE('',#10647);
#10647 = AXIS2_PLACEMENT_3D('',#10648,#10649,#10650);
#10648 = CARTESIAN_POINT('',(1.351560977094,0.55,0.4));
#10649 = DIRECTION('',(1.734723475977E-16,0.,-1.));
#10650 = DIRECTION('',(-1.,0.,-1.734723475977E-16));
#10651 = ADVANCED_FACE('',(#10652),#10677,.F.);
#10652 = FACE_BOUND('',#10653,.T.);
#10653 = EDGE_LOOP('',(#10654,#10662,#10663,#10671));
#10654 = ORIENTED_EDGE('',*,*,#10655,.F.);
#10655 = EDGE_CURVE('',#10625,#10656,#10658,.T.);
#10656 = VERTEX_POINT('',#10657);
#10657 = CARTESIAN_POINT('',(0.55,0.5,-0.4));
#10658 = LINE('',#10659,#10660);
#10659 = CARTESIAN_POINT('',(0.55,0.5,0.4));
#10660 = VECTOR('',#10661,1.);
#10661 = DIRECTION('',(-2.282530889443E-16,1.878171516282E-46,-1.));
#10662 = ORIENTED_EDGE('',*,*,#10641,.T.);
#10663 = ORIENTED_EDGE('',*,*,#10664,.T.);
#10664 = EDGE_CURVE('',#10634,#10665,#10667,.T.);
#10665 = VERTEX_POINT('',#10666);
#10666 = CARTESIAN_POINT('',(-0.55,0.5,-0.4));
#10667 = LINE('',#10668,#10669);
#10668 = CARTESIAN_POINT('',(-0.55,0.5,0.4));
#10669 = VECTOR('',#10670,1.);
#10670 = DIRECTION('',(2.710505431214E-16,0.,-1.));
#10671 = ORIENTED_EDGE('',*,*,#10672,.F.);
#10672 = EDGE_CURVE('',#10656,#10665,#10673,.T.);
#10673 = LINE('',#10674,#10675);
#10674 = CARTESIAN_POINT('',(1.351560977094,0.5,-0.4));
#10675 = VECTOR('',#10676,1.);
#10676 = DIRECTION('',(-1.,3.761581922631E-31,-1.734723475977E-16));
#10677 = PLANE('',#10678);
#10678 = AXIS2_PLACEMENT_3D('',#10679,#10680,#10681);
#10679 = CARTESIAN_POINT('',(1.351560977094,0.5,0.4));
#10680 = DIRECTION('',(3.761581922631E-31,1.,1.019578823125E-46));
#10681 = DIRECTION('',(-1.,3.761581922631E-31,0.));
#10682 = ADVANCED_FACE('',(#10683),#10699,.F.);
#10683 = FACE_BOUND('',#10684,.T.);
#10684 = EDGE_LOOP('',(#10685,#10691,#10692,#10698));
#10685 = ORIENTED_EDGE('',*,*,#10686,.F.);
#10686 = EDGE_CURVE('',#10656,#10465,#10687,.T.);
#10687 = LINE('',#10688,#10689);
#10688 = CARTESIAN_POINT('',(0.55,0.55,-0.4));
#10689 = VECTOR('',#10690,1.);
#10690 = DIRECTION('',(0.,1.,0.));
#10691 = ORIENTED_EDGE('',*,*,#10672,.T.);
#10692 = ORIENTED_EDGE('',*,*,#10693,.T.);
#10693 = EDGE_CURVE('',#10665,#10475,#10694,.T.);
#10694 = LINE('',#10695,#10696);
#10695 = CARTESIAN_POINT('',(-0.55,0.55,-0.4));
#10696 = VECTOR('',#10697,1.);
#10697 = DIRECTION('',(-0.,1.,-0.));
#10698 = ORIENTED_EDGE('',*,*,#10474,.F.);
#10699 = PLANE('',#10700);
#10700 = AXIS2_PLACEMENT_3D('',#10701,#10702,#10703);
#10701 = CARTESIAN_POINT('',(1.351560977094,0.55,-0.4));
#10702 = DIRECTION('',(-1.734723475977E-16,0.,1.));
#10703 = DIRECTION('',(1.,0.,1.734723475977E-16));
#10704 = ADVANCED_FACE('',(#10705),#10711,.F.);
#10705 = FACE_BOUND('',#10706,.T.);
#10706 = EDGE_LOOP('',(#10707,#10708,#10709,#10710));
#10707 = ORIENTED_EDGE('',*,*,#10633,.F.);
#10708 = ORIENTED_EDGE('',*,*,#10482,.F.);
#10709 = ORIENTED_EDGE('',*,*,#10693,.F.);
#10710 = ORIENTED_EDGE('',*,*,#10664,.F.);
#10711 = PLANE('',#10712);
#10712 = AXIS2_PLACEMENT_3D('',#10713,#10714,#10715);
#10713 = CARTESIAN_POINT('',(-0.55,0.5,0.4));
#10714 = DIRECTION('',(1.,0.,2.710505431214E-16));
#10715 = DIRECTION('',(2.710505431214E-16,0.,-1.));
#10716 = ADVANCED_FACE('',(#10717),#10723,.T.);
#10717 = FACE_BOUND('',#10718,.T.);
#10718 = EDGE_LOOP('',(#10719,#10720,#10721,#10722));
#10719 = ORIENTED_EDGE('',*,*,#10464,.T.);
#10720 = ORIENTED_EDGE('',*,*,#10624,.T.);
#10721 = ORIENTED_EDGE('',*,*,#10655,.T.);
#10722 = ORIENTED_EDGE('',*,*,#10686,.T.);
#10723 = PLANE('',#10724);
#10724 = AXIS2_PLACEMENT_3D('',#10725,#10726,#10727);
#10725 = CARTESIAN_POINT('',(0.55,0.55,0.4));
#10726 = DIRECTION('',(1.,0.,-2.282530889443E-16));
#10727 = DIRECTION('',(2.282530889443E-16,0.,1.));
#10728 = ADVANCED_FACE('',(#10729,#10859),#10981,.T.);
#10729 = FACE_BOUND('',#10730,.T.);
#10730 = EDGE_LOOP('',(#10731,#10765,#10797,#10829));
#10731 = ORIENTED_EDGE('',*,*,#10732,.F.);
#10732 = EDGE_CURVE('',#10733,#10735,#10737,.T.);
#10733 = VERTEX_POINT('',#10734);
#10734 = CARTESIAN_POINT('',(-0.400863191742,0.56,0.170224524095));
#10735 = VERTEX_POINT('',#10736);
#10736 = CARTESIAN_POINT('',(-0.517880419306,0.56,-1.360961052011E-02));
#10737 = B_SPLINE_CURVE_WITH_KNOTS('',3,(#10738,#10739,#10740,#10741,
    #10742,#10743,#10744,#10745,#10746,#10747,#10748,#10749,#10750,
    #10751,#10752,#10753,#10754,#10755,#10756,#10757,#10758,#10759,
    #10760,#10761,#10762,#10763,#10764),.UNSPECIFIED.,.F.,.F.,(4,1,1,1,1
    ,1,1,1,1,1,1,1,1,1,1,1,1,1,1,1,1,1,1,1,4),(0.,3.378714634699E-02,
    6.662165772429E-02,9.928487809597E-02,0.131361165043,0.163585187595,
    0.196103926987,0.228902254324,0.262158055905,0.295991222258,
    0.330217845725,0.365059825892,0.40095073734,0.437620382077,
    0.475707529437,0.515380691625,0.556413541493,0.599764829873,
    0.646424155584,0.696431444518,0.749781517802,0.806573306976,
    0.867435531565,0.931886753251,1.),.UNSPECIFIED.);
#10738 = CARTESIAN_POINT('',(-0.400863191742,0.56,0.170224524095));
#10739 = CARTESIAN_POINT('',(-0.40362360314,0.56,0.170177888549));
#10740 = CARTESIAN_POINT('',(-0.409066595617,0.56,0.170085932356));
#10741 = CARTESIAN_POINT('',(-0.417131838161,0.56,0.169134559207));
#10742 = CARTESIAN_POINT('',(-0.424960082505,0.56,0.167605008886));
#10743 = CARTESIAN_POINT('',(-0.432589957909,0.56,0.165463348476));
#10744 = CARTESIAN_POINT('',(-0.440060609417,0.56,0.162841864845));
#10745 = CARTESIAN_POINT('',(-0.447270238083,0.56,0.159426496485));
#10746 = CARTESIAN_POINT('',(-0.454299006452,0.56,0.155493089589));
#10747 = CARTESIAN_POINT('',(-0.461128162053,0.56,0.151013547445));
#10748 = CARTESIAN_POINT('',(-0.467629378157,0.56,0.145881379132));
#10749 = CARTESIAN_POINT('',(-0.473839238689,0.56,0.140204950264));
#10750 = CARTESIAN_POINT('',(-0.479601740599,0.56,0.133842609134));
#10751 = CARTESIAN_POINT('',(-0.48496515016,0.56,0.126894816823));
#10752 = CARTESIAN_POINT('',(-0.49006255898,0.56,0.11942549259));
#10753 = CARTESIAN_POINT('',(-0.494751496312,0.56,0.111332655285));
#10754 = CARTESIAN_POINT('',(-0.499088581719,0.56,0.102648394236));
#10755 = CARTESIAN_POINT('',(-0.503052930785,0.56,9.331660316894E-02));
#10756 = CARTESIAN_POINT('',(-0.506567797137,0.56,8.320111038296E-02));
#10757 = CARTESIAN_POINT('',(-0.509672567948,0.56,7.218619253271E-02));
#10758 = CARTESIAN_POINT('',(-0.512123983695,0.56,6.01746289213E-02));
#10759 = CARTESIAN_POINT('',(-0.514222279229,0.56,4.726289221077E-02));
#10760 = CARTESIAN_POINT('',(-0.515914717533,0.56,3.339549917218E-02));
#10761 = CARTESIAN_POINT('',(-0.517070150065,0.56,1.856492135349E-02));
#10762 = CARTESIAN_POINT('',(-0.517784281568,0.56,2.780400460877E-03));
#10763 = CARTESIAN_POINT('',(-0.51784778861,0.56,-8.046576970783E-03));
#10764 = CARTESIAN_POINT('',(-0.517880419306,0.56,-1.360961052011E-02));
#10765 = ORIENTED_EDGE('',*,*,#10766,.F.);
#10766 = EDGE_CURVE('',#10767,#10733,#10769,.T.);
#10767 = VERTEX_POINT('',#10768);
#10768 = CARTESIAN_POINT('',(-0.280059906485,0.56,-1.360961052011E-02));
#10769 = B_SPLINE_CURVE_WITH_KNOTS('',3,(#10770,#10771,#10772,#10773,
    #10774,#10775,#10776,#10777,#10778,#10779,#10780,#10781,#10782,
    #10783,#10784,#10785,#10786,#10787,#10788,#10789,#10790,#10791,
    #10792,#10793,#10794,#10795,#10796),.UNSPECIFIED.,.F.,.F.,(4,1,1,1,1
    ,1,1,1,1,1,1,1,1,1,1,1,1,1,1,1,1,1,1,1,4),(0.,6.506328961728E-02,
    0.126773166467,0.185515763226,0.240764679168,0.292979796024,
    0.34225037278,0.388919286186,0.432775664058,0.474628432631,
    0.514774690638,0.553605893498,0.591426406431,0.628028119946,
    0.66380363411,0.698984336132,0.733591489307,0.767628469151,
    0.801208347787,0.834263839727,0.866980694729,0.899719741518,
    0.932701912499,0.966175883433,1.),.UNSPECIFIED.);
#10770 = CARTESIAN_POINT('',(-0.280059906485,0.56,-1.360961052011E-02));
#10771 = CARTESIAN_POINT('',(-0.28012506494,0.56,-8.257219726017E-03));
#10772 = CARTESIAN_POINT('',(-0.280252023531,0.56,2.171695459866E-03));
#10773 = CARTESIAN_POINT('',(-0.280909894208,0.56,1.742479299185E-02));
#10774 = CARTESIAN_POINT('',(-0.282205757326,0.56,3.18245973217E-02));
#10775 = CARTESIAN_POINT('',(-0.283826756157,0.56,4.540564356757E-02));
#10776 = CARTESIAN_POINT('',(-0.286071852454,0.56,5.811140545087E-02));
#10777 = CARTESIAN_POINT('',(-0.288832369079,0.56,6.998585029766E-02));
#10778 = CARTESIAN_POINT('',(-0.291897401361,0.56,8.10802574642E-02));
#10779 = CARTESIAN_POINT('',(-0.295680880772,0.56,9.13037386252E-02));
#10780 = CARTESIAN_POINT('',(-0.299821951807,0.56,0.100798910912));
#10781 = CARTESIAN_POINT('',(-0.304327471424,0.56,0.109665625745));
#10782 = CARTESIAN_POINT('',(-0.309154454033,0.56,0.117982255013));
#10783 = CARTESIAN_POINT('',(-0.314413328533,0.56,0.125682229706));
#10784 = CARTESIAN_POINT('',(-0.320018669853,0.56,0.132820095413));
#10785 = CARTESIAN_POINT('',(-0.326090448732,0.56,0.139269857678));
#10786 = CARTESIAN_POINT('',(-0.332457507242,0.56,0.145186924874));
#10787 = CARTESIAN_POINT('',(-0.339198748826,0.56,0.150452087621));
#10788 = CARTESIAN_POINT('',(-0.346239903949,0.56,0.155060568084));
#10789 = CARTESIAN_POINT('',(-0.353435811642,0.56,0.159181953123));
#10790 = CARTESIAN_POINT('',(-0.360914149976,0.56,0.162505222628));
#10791 = CARTESIAN_POINT('',(-0.368505445249,0.56,0.165358726726));
#10792 = CARTESIAN_POINT('',(-0.376318281861,0.56,0.167538771914));
#10793 = CARTESIAN_POINT('',(-0.38434292093,0.56,0.169046157467));
#10794 = CARTESIAN_POINT('',(-0.392538544522,0.56,0.170103342312));
#10795 = CARTESIAN_POINT('',(-0.398078701031,0.56,0.1701839903));
#10796 = CARTESIAN_POINT('',(-0.400863191742,0.56,0.170224524095));
#10797 = ORIENTED_EDGE('',*,*,#10798,.F.);
#10798 = EDGE_CURVE('',#10799,#10767,#10801,.T.);
#10799 = VERTEX_POINT('',#10800);
#10800 = CARTESIAN_POINT('',(-0.400863191742,0.56,-0.197724193853));
#10801 = B_SPLINE_CURVE_WITH_KNOTS('',3,(#10802,#10803,#10804,#10805,
    #10806,#10807,#10808,#10809,#10810,#10811,#10812,#10813,#10814,
    #10815,#10816,#10817,#10818,#10819,#10820,#10821,#10822,#10823,
    #10824,#10825,#10826,#10827,#10828),.UNSPECIFIED.,.F.,.F.,(4,1,1,1,1
    ,1,1,1,1,1,1,1,1,1,1,1,1,1,1,1,1,1,1,1,4),(0.,3.378811616271E-02,
    6.719393237388E-02,9.986241085683E-02,0.132566612126,0.165151173255,
    0.197913187356,0.231319003567,0.265083278267,0.299255308758,
    0.334398566505,0.369942823509,0.4062835607,0.444063819699,
    0.482997706873,0.523354446613,0.565536589604,0.609612924066,
    0.656390811376,0.705885494936,0.758324500262,0.813831782941,
    0.872794559039,0.93472222954,1.),.UNSPECIFIED.);
#10802 = CARTESIAN_POINT('',(-0.400863191742,0.56,-0.197724193853));
#10803 = CARTESIAN_POINT('',(-0.398079643893,0.56,-0.197675412336));
#10804 = CARTESIAN_POINT('',(-0.392544043004,0.56,-0.197578401245));
#10805 = CARTESIAN_POINT('',(-0.384360005479,0.56,-0.196646006992));
#10806 = CARTESIAN_POINT('',(-0.376365037308,0.56,-0.195098894682));
#10807 = CARTESIAN_POINT('',(-0.368593223437,0.56,-0.192906797224));
#10808 = CARTESIAN_POINT('',(-0.360980724791,0.56,-0.190187229558));
#10809 = CARTESIAN_POINT('',(-0.353587084026,0.56,-0.186778517847));
#10810 = CARTESIAN_POINT('',(-0.346366375862,0.56,-0.182810631113));
#10811 = CARTESIAN_POINT('',(-0.33943334711,0.56,-0.178148243382));
#10812 = CARTESIAN_POINT('',(-0.332711885575,0.56,-0.172950015762));
#10813 = CARTESIAN_POINT('',(-0.326367089278,0.56,-0.167073748882));
#10814 = CARTESIAN_POINT('',(-0.320398380688,0.56,-0.160578776955));
#10815 = CARTESIAN_POINT('',(-0.31473085015,0.56,-0.153534590567));
#10816 = CARTESIAN_POINT('',(-0.30952529043,0.56,-0.145806082083));
#10817 = CARTESIAN_POINT('',(-0.304567947206,0.56,-0.137527671102));
#10818 = CARTESIAN_POINT('',(-0.300130743616,0.56,-0.128554584622));
#10819 = CARTESIAN_POINT('',(-0.295857276098,0.56,-0.119036537838));
#10820 = CARTESIAN_POINT('',(-0.292168577424,0.56,-0.108710171958));
#10821 = CARTESIAN_POINT('',(-0.288841952897,0.56,-9.763369590579E-02));
#10822 = CARTESIAN_POINT('',(-0.28615405604,0.56,-8.567627722045E-02));
#10823 = CARTESIAN_POINT('',(-0.283915128806,0.56,-7.290065269094E-02));
#10824 = CARTESIAN_POINT('',(-0.282180639211,0.56,-5.925990436693E-02));
#10825 = CARTESIAN_POINT('',(-0.280917375003,0.56,-4.478327281575E-02));
#10826 = CARTESIAN_POINT('',(-0.280250066499,0.56,-2.946123375167E-02));
#10827 = CARTESIAN_POINT('',(-0.280124396379,0.56,-1.898544883396E-02));
#10828 = CARTESIAN_POINT('',(-0.280059906485,0.56,-1.360961052011E-02));
#10829 = ORIENTED_EDGE('',*,*,#10830,.F.);
#10830 = EDGE_CURVE('',#10735,#10799,#10831,.T.);
#10831 = B_SPLINE_CURVE_WITH_KNOTS('',3,(#10832,#10833,#10834,#10835,
    #10836,#10837,#10838,#10839,#10840,#10841,#10842,#10843,#10844,
    #10845,#10846,#10847,#10848,#10849,#10850,#10851,#10852,#10853,
    #10854,#10855,#10856,#10857,#10858),.UNSPECIFIED.,.F.,.F.,(4,1,1,1,1
    ,1,1,1,1,1,1,1,1,1,1,1,1,1,1,1,1,1,1,1,4),(0.,6.859462225874E-02,
    0.133246042443,0.194312586468,0.251279223117,0.304513439256,
    0.354234906653,0.400480588774,0.443410754938,0.484014868616,
    0.523252300773,0.561042372728,0.597900239364,0.633518488856,
    0.66831435117,0.702495671286,0.736685353513,0.770293169361,
    0.803437255019,0.835912951666,0.868460245789,0.900846538243,
    0.933466524631,0.966257575298,1.),.UNSPECIFIED.);
#10832 = CARTESIAN_POINT('',(-0.517880419306,0.56,-1.360961052011E-02));
#10833 = CARTESIAN_POINT('',(-0.51784761749,0.56,-1.921934929353E-02));
#10834 = CARTESIAN_POINT('',(-0.51778389949,0.56,-3.011634771828E-02));
#10835 = CARTESIAN_POINT('',(-0.517075057396,0.56,-4.599481192496E-02));
#10836 = CARTESIAN_POINT('',(-0.515897523165,0.56,-6.089084082448E-02));
#10837 = CARTESIAN_POINT('',(-0.51428378588,0.56,-7.480514742832E-02));
#10838 = CARTESIAN_POINT('',(-0.512319987857,0.56,-8.774132388009E-02));
#10839 = CARTESIAN_POINT('',(-0.509698439197,0.56,-9.966479959372E-02));
#10840 = CARTESIAN_POINT('',(-0.506717158936,0.56,-0.110630760255));
#10841 = CARTESIAN_POINT('',(-0.503261914355,0.56,-0.120674965103));
#10842 = CARTESIAN_POINT('',(-0.499363135453,0.56,-0.129932735405));
#10843 = CARTESIAN_POINT('',(-0.495119709381,0.56,-0.138575255534));
#10844 = CARTESIAN_POINT('',(-0.490363229938,0.56,-0.146589448768));
#10845 = CARTESIAN_POINT('',(-0.485365538646,0.56,-0.15410322781));
#10846 = CARTESIAN_POINT('',(-0.479924331483,0.56,-0.160993597289));
#10847 = CARTESIAN_POINT('',(-0.474194452436,0.56,-0.167357863541));
#10848 = CARTESIAN_POINT('',(-0.467952264809,0.56,-0.173048938588));
#10849 = CARTESIAN_POINT('',(-0.461409963982,0.56,-0.178233568826));
#10850 = CARTESIAN_POINT('',(-0.454508317543,0.56,-0.182778515993));
#10851 = CARTESIAN_POINT('',(-0.447444050929,0.56,-0.186781789855));
#10852 = CARTESIAN_POINT('',(-0.440168540343,0.56,-0.190201776581));
#10853 = CARTESIAN_POINT('',(-0.432661922053,0.56,-0.192890820167));
#10854 = CARTESIAN_POINT('',(-0.424991666264,0.56,-0.195111904844));
#10855 = CARTESIAN_POINT('',(-0.417130959595,0.56,-0.196630799609));
#10856 = CARTESIAN_POINT('',(-0.409066823201,0.56,-0.197586490458));
#10857 = CARTESIAN_POINT('',(-0.403623679722,0.56,-0.197677857232));
#10858 = CARTESIAN_POINT('',(-0.400863191742,0.56,-0.197724193853));
#10859 = FACE_BOUND('',#10860,.T.);
#10860 = EDGE_LOOP('',(#10861,#10891,#10919,#10947,#10963));
#10861 = ORIENTED_EDGE('',*,*,#10862,.F.);
#10862 = EDGE_CURVE('',#10863,#10865,#10867,.T.);
#10863 = VERTEX_POINT('',#10864);
#10864 = CARTESIAN_POINT('',(-0.486470162896,0.56,-1.374983487908E-02));
#10865 = VERTEX_POINT('',#10866);
#10866 = CARTESIAN_POINT('',(-0.39981150905,0.56,0.134327088198));
#10867 = B_SPLINE_CURVE_WITH_KNOTS('',3,(#10868,#10869,#10870,#10871,
    #10872,#10873,#10874,#10875,#10876,#10877,#10878,#10879,#10880,
    #10881,#10882,#10883,#10884,#10885,#10886,#10887,#10888,#10889,
    #10890),.UNSPECIFIED.,.F.,.F.,(4,1,1,1,1,1,1,1,1,1,1,1,1,1,1,1,1,1,1
    ,1,4),(0.,7.295106587587E-02,0.141583694187,0.205926460171,
    0.265301357185,0.320597232714,0.371816503099,0.418789769709,
    0.461698728616,0.502133582104,0.540804315293,0.578180525328,
    0.614296865208,0.649678243265,0.68429946009,0.718358952772,
    0.752080864648,0.817652438602,0.879722076405,0.939965559731,1.),
  .UNSPECIFIED.);
#10868 = CARTESIAN_POINT('',(-0.486470162896,0.56,-1.374983487908E-02));
#10869 = CARTESIAN_POINT('',(-0.486458218189,0.56,-9.074964998696E-03));
#10870 = CARTESIAN_POINT('',(-0.486435035859,0.56,-1.960518780212E-06));
#10871 = CARTESIAN_POINT('',(-0.485829415801,0.56,1.318236557881E-02));
#10872 = CARTESIAN_POINT('',(-0.485004392601,0.56,2.547939846053E-02));
#10873 = CARTESIAN_POINT('',(-0.483940262882,0.56,3.690475210704E-02));
#10874 = CARTESIAN_POINT('',(-0.48235996803,0.56,4.741975335802E-02));
#10875 = CARTESIAN_POINT('',(-0.480589289248,0.56,5.709672166454E-02));
#10876 = CARTESIAN_POINT('',(-0.478434480286,0.56,6.588444537592E-02));
#10877 = CARTESIAN_POINT('',(-0.475884978499,0.56,7.384322644637E-02));
#10878 = CARTESIAN_POINT('',(-0.47298106881,0.56,8.110813329591E-02));
#10879 = CARTESIAN_POINT('',(-0.469810482443,0.56,8.786825480864E-02));
#10880 = CARTESIAN_POINT('',(-0.466404410153,0.56,9.420344845222E-02));
#10881 = CARTESIAN_POINT('',(-0.462592495097,0.56,0.10005680929));
#10882 = CARTESIAN_POINT('',(-0.458440988774,0.56,0.105447425697));
#10883 = CARTESIAN_POINT('',(-0.454043662861,0.56,0.110470708929));
#10884 = CARTESIAN_POINT('',(-0.449236404436,0.56,0.114950407063));
#10885 = CARTESIAN_POINT('',(-0.442586030182,0.56,0.120323092566));
#10886 = CARTESIAN_POINT('',(-0.433806382739,0.56,0.125875005939));
#10887 = CARTESIAN_POINT('',(-0.422744337216,0.56,0.130709614922));
#10888 = CARTESIAN_POINT('',(-0.411377492118,0.56,0.133747860565));
#10889 = CARTESIAN_POINT('',(-0.403662367109,0.56,0.134134236161));
#10890 = CARTESIAN_POINT('',(-0.39981150905,0.56,0.134327088198));
#10891 = ORIENTED_EDGE('',*,*,#10892,.F.);
#10892 = EDGE_CURVE('',#10893,#10863,#10895,.T.);
#10893 = VERTEX_POINT('',#10894);
#10894 = CARTESIAN_POINT('',(-0.39981150905,0.56,-0.161826757956));
#10895 = B_SPLINE_CURVE_WITH_KNOTS('',3,(#10896,#10897,#10898,#10899,
    #10900,#10901,#10902,#10903,#10904,#10905,#10906,#10907,#10908,
    #10909,#10910,#10911,#10912,#10913,#10914,#10915,#10916,#10917,
    #10918),.UNSPECIFIED.,.F.,.F.,(4,1,1,1,1,1,1,1,1,1,1,1,1,1,1,1,1,1,1
    ,1,4),(0.,6.038661931106E-02,0.120883248586,0.182754618625,
    0.247811029758,0.281299100043,0.315087624151,0.34970239555,
    0.384856581119,0.420966197226,0.458511188261,0.497174722127,
    0.537602047866,0.58050301842,0.627467540027,0.678388209559,
    0.733983220593,0.793746704551,0.857713672161,0.926697864361,1.),
  .UNSPECIFIED.);
#10896 = CARTESIAN_POINT('',(-0.39981150905,0.56,-0.161826757956));
#10897 = CARTESIAN_POINT('',(-0.403682568258,0.56,-0.161623613291));
#10898 = CARTESIAN_POINT('',(-0.411431738819,0.56,-0.161216953881));
#10899 = CARTESIAN_POINT('',(-0.422876534291,0.56,-0.158347628522));
#10900 = CARTESIAN_POINT('',(-0.433846969456,0.56,-0.153346331928));
#10901 = CARTESIAN_POINT('',(-0.442571266924,0.56,-0.147851094681));
#10902 = CARTESIAN_POINT('',(-0.449257645574,0.56,-0.142617263537));
#10903 = CARTESIAN_POINT('',(-0.453965914912,0.56,-0.138078618131));
#10904 = CARTESIAN_POINT('',(-0.458380532134,0.56,-0.133113992695));
#10905 = CARTESIAN_POINT('',(-0.462447302147,0.56,-0.12767380121));
#10906 = CARTESIAN_POINT('',(-0.466256230467,0.56,-0.121827264478));
#10907 = CARTESIAN_POINT('',(-0.469754331724,0.56,-0.115528388005));
#10908 = CARTESIAN_POINT('',(-0.472906064692,0.56,-0.108745251583));
#10909 = CARTESIAN_POINT('',(-0.47581451831,0.56,-0.101483608041));
#10910 = CARTESIAN_POINT('',(-0.478371797113,0.56,-9.352551359747E-02));
#10911 = CARTESIAN_POINT('',(-0.480481193436,0.56,-8.474861423812E-02));
#10912 = CARTESIAN_POINT('',(-0.482429898748,0.56,-7.51024250592E-02));
#10913 = CARTESIAN_POINT('',(-0.483809425638,0.56,-6.453047426469E-02));
#10914 = CARTESIAN_POINT('',(-0.485035801214,0.56,-5.310225892776E-02));
#10915 = CARTESIAN_POINT('',(-0.485823936009,0.56,-4.077452710483E-02));
#10916 = CARTESIAN_POINT('',(-0.486437061756,0.56,-2.756808906459E-02));
#10917 = CARTESIAN_POINT('',(-0.486458908192,0.56,-1.844817321433E-02));
#10918 = CARTESIAN_POINT('',(-0.486470162896,0.56,-1.374983487908E-02));
#10919 = ORIENTED_EDGE('',*,*,#10920,.F.);
#10920 = EDGE_CURVE('',#10921,#10893,#10923,.T.);
#10921 = VERTEX_POINT('',#10922);
#10922 = CARTESIAN_POINT('',(-0.311470162896,0.56,-1.374983487908E-02));
#10923 = B_SPLINE_CURVE_WITH_KNOTS('',3,(#10924,#10925,#10926,#10927,
    #10928,#10929,#10930,#10931,#10932,#10933,#10934,#10935,#10936,
    #10937,#10938,#10939,#10940,#10941,#10942,#10943,#10944,#10945,
    #10946),.UNSPECIFIED.,.F.,.F.,(4,1,1,1,1,1,1,1,1,1,1,1,1,1,1,1,1,1,1
    ,1,4),(0.,6.568119799064E-02,0.128486464174,0.188175130328,
    0.24510613067,0.299448424529,0.350822936009,0.399941680534,
    0.446671743632,0.491254533373,0.53337634427,0.573852754968,
    0.612526311719,0.649597136445,0.685532041554,0.720105786068,
    0.753837662974,0.818925416047,0.88049346165,0.940311333846,1.),
  .UNSPECIFIED.);
#10924 = CARTESIAN_POINT('',(-0.311470162896,0.56,-1.374983487908E-02));
#10925 = CARTESIAN_POINT('',(-0.311525181819,0.56,-1.795659213089E-02));
#10926 = CARTESIAN_POINT('',(-0.311632810595,0.56,-2.618590860894E-02));
#10927 = CARTESIAN_POINT('',(-0.312044209365,0.56,-3.823772667516E-02));
#10928 = CARTESIAN_POINT('',(-0.313106566814,0.56,-4.968450276607E-02));
#10929 = CARTESIAN_POINT('',(-0.3142864787,0.56,-6.05755500325E-02));
#10930 = CARTESIAN_POINT('',(-0.31602620081,0.56,-7.085058030295E-02));
#10931 = CARTESIAN_POINT('',(-0.317901981498,0.56,-8.059561082858E-02));
#10932 = CARTESIAN_POINT('',(-0.320422102727,0.56,-8.968991331052E-02));
#10933 = CARTESIAN_POINT('',(-0.323114080224,0.56,-9.827587148168E-02));
#10934 = CARTESIAN_POINT('',(-0.326195119777,0.56,-0.106255936932));
#10935 = CARTESIAN_POINT('',(-0.329586693203,0.56,-0.113667315568));
#10936 = CARTESIAN_POINT('',(-0.33320886908,0.56,-0.120545788044));
#10937 = CARTESIAN_POINT('',(-0.337143093126,0.56,-0.126872482201));
#10938 = CARTESIAN_POINT('',(-0.341342661432,0.56,-0.132675736492));
#10939 = CARTESIAN_POINT('',(-0.345918416352,0.56,-0.137839195948));
#10940 = CARTESIAN_POINT('',(-0.350688853633,0.56,-0.142522892759));
#10941 = CARTESIAN_POINT('',(-0.357370572215,0.56,-0.147869149671));
#10942 = CARTESIAN_POINT('',(-0.366118001195,0.56,-0.153320319219));
#10943 = CARTESIAN_POINT('',(-0.37700256593,0.56,-0.158336895205));
#10944 = CARTESIAN_POINT('',(-0.388329630355,0.56,-0.161217724468));
#10945 = CARTESIAN_POINT('',(-0.395986975764,0.56,-0.161623893171));
#10946 = CARTESIAN_POINT('',(-0.39981150905,0.56,-0.161826757956));
#10947 = ORIENTED_EDGE('',*,*,#10948,.F.);
#10948 = EDGE_CURVE('',#10949,#10921,#10951,.T.);
#10949 = VERTEX_POINT('',#10950);
#10950 = CARTESIAN_POINT('',(-0.324721364819,0.56,7.424095037733E-02));
#10951 = B_SPLINE_CURVE_WITH_KNOTS('',3,(#10952,#10953,#10954,#10955,
    #10956,#10957,#10958,#10959,#10960,#10961,#10962),.UNSPECIFIED.,.F.,
  .F.,(4,1,1,1,1,1,1,1,4),(0.,0.110588338595,0.224541754054,
    0.34250349405,0.464324098417,0.590756032702,0.722227475356,
    0.858842836209,1.),.UNSPECIFIED.);
#10952 = CARTESIAN_POINT('',(-0.324721364819,0.56,7.424095037733E-02));
#10953 = CARTESIAN_POINT('',(-0.323666188039,0.56,7.11179764307E-02));
#10954 = CARTESIAN_POINT('',(-0.321523726656,0.56,6.477700000635E-02));
#10955 = CARTESIAN_POINT('',(-0.318762549229,0.56,5.49406347983E-02));
#10956 = CARTESIAN_POINT('',(-0.316588009309,0.56,4.462035840451E-02));
#10957 = CARTESIAN_POINT('',(-0.314631672734,0.56,3.387784673266E-02));
#10958 = CARTESIAN_POINT('',(-0.313296367144,0.56,2.263387663156E-02));
#10959 = CARTESIAN_POINT('',(-0.312221585816,0.56,1.092323823999E-02));
#10960 = CARTESIAN_POINT('',(-0.311588517122,0.56,-1.262897983555E-03));
#10961 = CARTESIAN_POINT('',(-0.311510042015,0.56,-9.54239710308E-03));
#10962 = CARTESIAN_POINT('',(-0.311470162896,0.56,-1.374983487908E-02));
#10963 = ORIENTED_EDGE('',*,*,#10964,.F.);
#10964 = EDGE_CURVE('',#10865,#10949,#10965,.T.);
#10965 = B_SPLINE_CURVE_WITH_KNOTS('',3,(#10966,#10967,#10968,#10969,
    #10970,#10971,#10972,#10973,#10974,#10975,#10976,#10977,#10978,
    #10979,#10980),.UNSPECIFIED.,.F.,.F.,(4,1,1,1,1,1,1,1,1,1,1,1,4),(0.
    ,0.112813400744,0.225393883921,0.339594814563,0.459675410225,
    0.521735190088,0.583925838739,0.648174144765,0.713881038113,
    0.781004454907,0.851450927557,0.924050692664,1.),.UNSPECIFIED.);
#10966 = CARTESIAN_POINT('',(-0.39981150905,0.56,0.134327088198));
#10967 = CARTESIAN_POINT('',(-0.395935741884,0.56,0.134167310117));
#10968 = CARTESIAN_POINT('',(-0.388192209566,0.56,0.133848083836));
#10969 = CARTESIAN_POINT('',(-0.376878830051,0.56,0.130768210099));
#10970 = CARTESIAN_POINT('',(-0.365895803043,0.56,0.126121256153));
#10971 = CARTESIAN_POINT('',(-0.357288609015,0.56,0.120626505611));
#10972 = CARTESIAN_POINT('',(-0.350740354665,0.56,0.115393672666));
#10973 = CARTESIAN_POINT('',(-0.346048655654,0.56,0.110932207834));
#10974 = CARTESIAN_POINT('',(-0.341742450811,0.56,0.105936621104));
#10975 = CARTESIAN_POINT('',(-0.337658243325,0.56,0.100546691512));
#10976 = CARTESIAN_POINT('',(-0.333912335758,0.56,9.465944309484E-02));
#10977 = CARTESIAN_POINT('',(-0.330506021988,0.56,8.830318556823E-02));
#10978 = CARTESIAN_POINT('',(-0.327397687234,0.56,8.146026777701E-02));
#10979 = CARTESIAN_POINT('',(-0.325626782639,0.56,7.668329386543E-02));
#10980 = CARTESIAN_POINT('',(-0.324721364819,0.56,7.424095037733E-02));
#10981 = PLANE('',#10982);
#10982 = AXIS2_PLACEMENT_3D('',#10983,#10984,#10985);
#10983 = CARTESIAN_POINT('',(-0.497328656668,0.56,0.106108676337));
#10984 = DIRECTION('',(-5.252061260554E-14,1.,7.839144960088E-13));
#10985 = DIRECTION('',(0.,-7.839144960088E-13,1.));
#10986 = ADVANCED_FACE('',(#10987),#11003,.T.);
#10987 = FACE_BOUND('',#10988,.T.);
#10988 = EDGE_LOOP('',(#10989,#10990,#10996,#10997));
#10989 = ORIENTED_EDGE('',*,*,#10368,.F.);
#10990 = ORIENTED_EDGE('',*,*,#10991,.F.);
#10991 = EDGE_CURVE('',#10733,#10337,#10992,.T.);
#10992 = LINE('',#10993,#10994);
#10993 = CARTESIAN_POINT('',(-0.400863191742,0.56,0.170224524095));
#10994 = VECTOR('',#10995,1.);
#10995 = DIRECTION('',(-3.761581922631E-31,-1.,-9.429630734102E-47));
#10996 = ORIENTED_EDGE('',*,*,#10732,.T.);
#10997 = ORIENTED_EDGE('',*,*,#10998,.T.);
#10998 = EDGE_CURVE('',#10735,#10369,#10999,.T.);
#10999 = LINE('',#11000,#11001);
#11000 = CARTESIAN_POINT('',(-0.517880419306,0.56,-1.360961052011E-02));
#11001 = VECTOR('',#11002,1.);
#11002 = DIRECTION('',(-3.761581922631E-31,-1.,-9.429630734102E-47));
#11003 = B_SPLINE_SURFACE_WITH_KNOTS('',3,1,(
    (#11004,#11005)
    ,(#11006,#11007)
    ,(#11008,#11009)
    ,(#11010,#11011)
    ,(#11012,#11013)
    ,(#11014,#11015)
    ,(#11016,#11017)
    ,(#11018,#11019)
    ,(#11020,#11021)
    ,(#11022,#11023)
    ,(#11024,#11025)
    ,(#11026,#11027)
    ,(#11028,#11029)
    ,(#11030,#11031)
    ,(#11032,#11033)
    ,(#11034,#11035)
    ,(#11036,#11037)
    ,(#11038,#11039)
    ,(#11040,#11041)
    ,(#11042,#11043)
    ,(#11044,#11045)
    ,(#11046,#11047)
    ,(#11048,#11049)
    ,(#11050,#11051)
    ,(#11052,#11053)
    ,(#11054,#11055)
    ,(#11056,#11057
    )),.UNSPECIFIED.,.F.,.F.,.F.,(4,1,1,1,1,1,1,1,1,1,1,1,1,1,1,1,1,1,1,
    1,1,1,1,1,4),(2,2),(0.,3.378714634699E-02,6.662165772429E-02,
    9.928487809597E-02,0.131361165043,0.163585187595,0.196103926987,
    0.228902254324,0.262158055905,0.295991222258,0.330217845725,
    0.365059825892,0.40095073734,0.437620382077,0.475707529437,
    0.515380691625,0.556413541493,0.599764829873,0.646424155584,
    0.696431444518,0.749781517802,0.806573306976,0.867435531565,
    0.931886753251,1.),(0.,1.),.UNSPECIFIED.);
#11004 = CARTESIAN_POINT('',(-0.400863191742,0.56,0.170224524095));
#11005 = CARTESIAN_POINT('',(-0.400863191742,0.55,0.170224524095));
#11006 = CARTESIAN_POINT('',(-0.40362360314,0.56,0.170177888549));
#11007 = CARTESIAN_POINT('',(-0.40362360314,0.55,0.170177888549));
#11008 = CARTESIAN_POINT('',(-0.409066595617,0.56,0.170085932356));
#11009 = CARTESIAN_POINT('',(-0.409066595617,0.55,0.170085932356));
#11010 = CARTESIAN_POINT('',(-0.417131838161,0.56,0.169134559207));
#11011 = CARTESIAN_POINT('',(-0.417131838161,0.55,0.169134559207));
#11012 = CARTESIAN_POINT('',(-0.424960082505,0.56,0.167605008886));
#11013 = CARTESIAN_POINT('',(-0.424960082505,0.55,0.167605008886));
#11014 = CARTESIAN_POINT('',(-0.432589957909,0.56,0.165463348476));
#11015 = CARTESIAN_POINT('',(-0.432589957909,0.55,0.165463348476));
#11016 = CARTESIAN_POINT('',(-0.440060609417,0.56,0.162841864845));
#11017 = CARTESIAN_POINT('',(-0.440060609417,0.55,0.162841864845));
#11018 = CARTESIAN_POINT('',(-0.447270238083,0.56,0.159426496485));
#11019 = CARTESIAN_POINT('',(-0.447270238083,0.55,0.159426496485));
#11020 = CARTESIAN_POINT('',(-0.454299006452,0.56,0.155493089589));
#11021 = CARTESIAN_POINT('',(-0.454299006452,0.55,0.155493089589));
#11022 = CARTESIAN_POINT('',(-0.461128162053,0.56,0.151013547445));
#11023 = CARTESIAN_POINT('',(-0.461128162053,0.55,0.151013547445));
#11024 = CARTESIAN_POINT('',(-0.467629378157,0.56,0.145881379132));
#11025 = CARTESIAN_POINT('',(-0.467629378157,0.55,0.145881379132));
#11026 = CARTESIAN_POINT('',(-0.473839238689,0.56,0.140204950264));
#11027 = CARTESIAN_POINT('',(-0.473839238689,0.55,0.140204950264));
#11028 = CARTESIAN_POINT('',(-0.479601740599,0.56,0.133842609134));
#11029 = CARTESIAN_POINT('',(-0.479601740599,0.55,0.133842609134));
#11030 = CARTESIAN_POINT('',(-0.48496515016,0.56,0.126894816823));
#11031 = CARTESIAN_POINT('',(-0.48496515016,0.55,0.126894816823));
#11032 = CARTESIAN_POINT('',(-0.49006255898,0.56,0.11942549259));
#11033 = CARTESIAN_POINT('',(-0.49006255898,0.55,0.11942549259));
#11034 = CARTESIAN_POINT('',(-0.494751496312,0.56,0.111332655285));
#11035 = CARTESIAN_POINT('',(-0.494751496312,0.55,0.111332655285));
#11036 = CARTESIAN_POINT('',(-0.499088581719,0.56,0.102648394236));
#11037 = CARTESIAN_POINT('',(-0.499088581719,0.55,0.102648394236));
#11038 = CARTESIAN_POINT('',(-0.503052930785,0.56,9.331660316894E-02));
#11039 = CARTESIAN_POINT('',(-0.503052930785,0.55,9.331660316894E-02));
#11040 = CARTESIAN_POINT('',(-0.506567797137,0.56,8.320111038296E-02));
#11041 = CARTESIAN_POINT('',(-0.506567797137,0.55,8.320111038296E-02));
#11042 = CARTESIAN_POINT('',(-0.509672567948,0.56,7.218619253271E-02));
#11043 = CARTESIAN_POINT('',(-0.509672567948,0.55,7.218619253271E-02));
#11044 = CARTESIAN_POINT('',(-0.512123983695,0.56,6.01746289213E-02));
#11045 = CARTESIAN_POINT('',(-0.512123983695,0.55,6.01746289213E-02));
#11046 = CARTESIAN_POINT('',(-0.514222279229,0.56,4.726289221077E-02));
#11047 = CARTESIAN_POINT('',(-0.514222279229,0.55,4.726289221077E-02));
#11048 = CARTESIAN_POINT('',(-0.515914717533,0.56,3.339549917218E-02));
#11049 = CARTESIAN_POINT('',(-0.515914717533,0.55,3.339549917218E-02));
#11050 = CARTESIAN_POINT('',(-0.517070150065,0.56,1.856492135349E-02));
#11051 = CARTESIAN_POINT('',(-0.517070150065,0.55,1.856492135349E-02));
#11052 = CARTESIAN_POINT('',(-0.517784281568,0.56,2.780400460877E-03));
#11053 = CARTESIAN_POINT('',(-0.517784281568,0.55,2.780400460877E-03));
#11054 = CARTESIAN_POINT('',(-0.51784778861,0.56,-8.046576970783E-03));
#11055 = CARTESIAN_POINT('',(-0.51784778861,0.55,-8.046576970783E-03));
#11056 = CARTESIAN_POINT('',(-0.517880419306,0.56,-1.360961052011E-02));
#11057 = CARTESIAN_POINT('',(-0.517880419306,0.55,-1.360961052011E-02));
#11058 = ADVANCED_FACE('',(#11059),#11070,.T.);
#11059 = FACE_BOUND('',#11060,.T.);
#11060 = EDGE_LOOP('',(#11061,#11062,#11068,#11069));
#11061 = ORIENTED_EDGE('',*,*,#10334,.F.);
#11062 = ORIENTED_EDGE('',*,*,#11063,.F.);
#11063 = EDGE_CURVE('',#10767,#10335,#11064,.T.);
#11064 = LINE('',#11065,#11066);
#11065 = CARTESIAN_POINT('',(-0.280059906485,0.56,-1.360961052011E-02));
#11066 = VECTOR('',#11067,1.);
#11067 = DIRECTION('',(-3.761581922631E-31,-1.,-9.429630734102E-47));
#11068 = ORIENTED_EDGE('',*,*,#10766,.T.);
#11069 = ORIENTED_EDGE('',*,*,#10991,.T.);
#11070 = B_SPLINE_SURFACE_WITH_KNOTS('',3,1,(
    (#11071,#11072)
    ,(#11073,#11074)
    ,(#11075,#11076)
    ,(#11077,#11078)
    ,(#11079,#11080)
    ,(#11081,#11082)
    ,(#11083,#11084)
    ,(#11085,#11086)
    ,(#11087,#11088)
    ,(#11089,#11090)
    ,(#11091,#11092)
    ,(#11093,#11094)
    ,(#11095,#11096)
    ,(#11097,#11098)
    ,(#11099,#11100)
    ,(#11101,#11102)
    ,(#11103,#11104)
    ,(#11105,#11106)
    ,(#11107,#11108)
    ,(#11109,#11110)
    ,(#11111,#11112)
    ,(#11113,#11114)
    ,(#11115,#11116)
    ,(#11117,#11118)
    ,(#11119,#11120)
    ,(#11121,#11122)
    ,(#11123,#11124
    )),.UNSPECIFIED.,.F.,.F.,.F.,(4,1,1,1,1,1,1,1,1,1,1,1,1,1,1,1,1,1,1,
    1,1,1,1,1,4),(2,2),(0.,6.506328961728E-02,0.126773166467,
    0.185515763226,0.240764679168,0.292979796024,0.34225037278,
    0.388919286186,0.432775664058,0.474628432631,0.514774690638,
    0.553605893498,0.591426406431,0.628028119946,0.66380363411,
    0.698984336132,0.733591489307,0.767628469151,0.801208347787,
    0.834263839727,0.866980694729,0.899719741518,0.932701912499,
    0.966175883433,1.),(0.,1.),.UNSPECIFIED.);
#11071 = CARTESIAN_POINT('',(-0.280059906485,0.56,-1.360961052011E-02));
#11072 = CARTESIAN_POINT('',(-0.280059906485,0.55,-1.360961052011E-02));
#11073 = CARTESIAN_POINT('',(-0.28012506494,0.56,-8.257219726017E-03));
#11074 = CARTESIAN_POINT('',(-0.28012506494,0.55,-8.257219726017E-03));
#11075 = CARTESIAN_POINT('',(-0.280252023531,0.56,2.171695459866E-03));
#11076 = CARTESIAN_POINT('',(-0.280252023531,0.55,2.171695459866E-03));
#11077 = CARTESIAN_POINT('',(-0.280909894208,0.56,1.742479299185E-02));
#11078 = CARTESIAN_POINT('',(-0.280909894208,0.55,1.742479299185E-02));
#11079 = CARTESIAN_POINT('',(-0.282205757326,0.56,3.18245973217E-02));
#11080 = CARTESIAN_POINT('',(-0.282205757326,0.55,3.18245973217E-02));
#11081 = CARTESIAN_POINT('',(-0.283826756157,0.56,4.540564356757E-02));
#11082 = CARTESIAN_POINT('',(-0.283826756157,0.55,4.540564356757E-02));
#11083 = CARTESIAN_POINT('',(-0.286071852454,0.56,5.811140545087E-02));
#11084 = CARTESIAN_POINT('',(-0.286071852454,0.55,5.811140545087E-02));
#11085 = CARTESIAN_POINT('',(-0.288832369079,0.56,6.998585029766E-02));
#11086 = CARTESIAN_POINT('',(-0.288832369079,0.55,6.998585029766E-02));
#11087 = CARTESIAN_POINT('',(-0.291897401361,0.56,8.10802574642E-02));
#11088 = CARTESIAN_POINT('',(-0.291897401361,0.55,8.10802574642E-02));
#11089 = CARTESIAN_POINT('',(-0.295680880772,0.56,9.13037386252E-02));
#11090 = CARTESIAN_POINT('',(-0.295680880772,0.55,9.13037386252E-02));
#11091 = CARTESIAN_POINT('',(-0.299821951807,0.56,0.100798910912));
#11092 = CARTESIAN_POINT('',(-0.299821951807,0.55,0.100798910912));
#11093 = CARTESIAN_POINT('',(-0.304327471424,0.56,0.109665625745));
#11094 = CARTESIAN_POINT('',(-0.304327471424,0.55,0.109665625745));
#11095 = CARTESIAN_POINT('',(-0.309154454033,0.56,0.117982255013));
#11096 = CARTESIAN_POINT('',(-0.309154454033,0.55,0.117982255013));
#11097 = CARTESIAN_POINT('',(-0.314413328533,0.56,0.125682229706));
#11098 = CARTESIAN_POINT('',(-0.314413328533,0.55,0.125682229706));
#11099 = CARTESIAN_POINT('',(-0.320018669853,0.56,0.132820095413));
#11100 = CARTESIAN_POINT('',(-0.320018669853,0.55,0.132820095413));
#11101 = CARTESIAN_POINT('',(-0.326090448732,0.56,0.139269857678));
#11102 = CARTESIAN_POINT('',(-0.326090448732,0.55,0.139269857678));
#11103 = CARTESIAN_POINT('',(-0.332457507242,0.56,0.145186924874));
#11104 = CARTESIAN_POINT('',(-0.332457507242,0.55,0.145186924874));
#11105 = CARTESIAN_POINT('',(-0.339198748826,0.56,0.150452087621));
#11106 = CARTESIAN_POINT('',(-0.339198748826,0.55,0.150452087621));
#11107 = CARTESIAN_POINT('',(-0.346239903949,0.56,0.155060568084));
#11108 = CARTESIAN_POINT('',(-0.346239903949,0.55,0.155060568084));
#11109 = CARTESIAN_POINT('',(-0.353435811642,0.56,0.159181953123));
#11110 = CARTESIAN_POINT('',(-0.353435811642,0.55,0.159181953123));
#11111 = CARTESIAN_POINT('',(-0.360914149976,0.56,0.162505222628));
#11112 = CARTESIAN_POINT('',(-0.360914149976,0.55,0.162505222628));
#11113 = CARTESIAN_POINT('',(-0.368505445249,0.56,0.165358726726));
#11114 = CARTESIAN_POINT('',(-0.368505445249,0.55,0.165358726726));
#11115 = CARTESIAN_POINT('',(-0.376318281861,0.56,0.167538771914));
#11116 = CARTESIAN_POINT('',(-0.376318281861,0.55,0.167538771914));
#11117 = CARTESIAN_POINT('',(-0.38434292093,0.56,0.169046157467));
#11118 = CARTESIAN_POINT('',(-0.38434292093,0.55,0.169046157467));
#11119 = CARTESIAN_POINT('',(-0.392538544522,0.56,0.170103342312));
#11120 = CARTESIAN_POINT('',(-0.392538544522,0.55,0.170103342312));
#11121 = CARTESIAN_POINT('',(-0.398078701031,0.56,0.1701839903));
#11122 = CARTESIAN_POINT('',(-0.398078701031,0.55,0.1701839903));
#11123 = CARTESIAN_POINT('',(-0.400863191742,0.56,0.170224524095));
#11124 = CARTESIAN_POINT('',(-0.400863191742,0.55,0.170224524095));
#11125 = ADVANCED_FACE('',(#11126),#11137,.T.);
#11126 = FACE_BOUND('',#11127,.T.);
#11127 = EDGE_LOOP('',(#11128,#11129,#11135,#11136));
#11128 = ORIENTED_EDGE('',*,*,#10432,.F.);
#11129 = ORIENTED_EDGE('',*,*,#11130,.F.);
#11130 = EDGE_CURVE('',#10799,#10401,#11131,.T.);
#11131 = LINE('',#11132,#11133);
#11132 = CARTESIAN_POINT('',(-0.400863191742,0.56,-0.197724193853));
#11133 = VECTOR('',#11134,1.);
#11134 = DIRECTION('',(-3.761581922631E-31,-1.,-9.429630734102E-47));
#11135 = ORIENTED_EDGE('',*,*,#10798,.T.);
#11136 = ORIENTED_EDGE('',*,*,#11063,.T.);
#11137 = B_SPLINE_SURFACE_WITH_KNOTS('',3,1,(
    (#11138,#11139)
    ,(#11140,#11141)
    ,(#11142,#11143)
    ,(#11144,#11145)
    ,(#11146,#11147)
    ,(#11148,#11149)
    ,(#11150,#11151)
    ,(#11152,#11153)
    ,(#11154,#11155)
    ,(#11156,#11157)
    ,(#11158,#11159)
    ,(#11160,#11161)
    ,(#11162,#11163)
    ,(#11164,#11165)
    ,(#11166,#11167)
    ,(#11168,#11169)
    ,(#11170,#11171)
    ,(#11172,#11173)
    ,(#11174,#11175)
    ,(#11176,#11177)
    ,(#11178,#11179)
    ,(#11180,#11181)
    ,(#11182,#11183)
    ,(#11184,#11185)
    ,(#11186,#11187)
    ,(#11188,#11189)
    ,(#11190,#11191
    )),.UNSPECIFIED.,.F.,.F.,.F.,(4,1,1,1,1,1,1,1,1,1,1,1,1,1,1,1,1,1,1,
    1,1,1,1,1,4),(2,2),(0.,3.378811616271E-02,6.719393237388E-02,
    9.986241085683E-02,0.132566612126,0.165151173255,0.197913187356,
    0.231319003567,0.265083278267,0.299255308758,0.334398566505,
    0.369942823509,0.4062835607,0.444063819699,0.482997706873,
    0.523354446613,0.565536589604,0.609612924066,0.656390811376,
    0.705885494936,0.758324500262,0.813831782941,0.872794559039,
    0.93472222954,1.),(0.,1.),.UNSPECIFIED.);
#11138 = CARTESIAN_POINT('',(-0.400863191742,0.56,-0.197724193853));
#11139 = CARTESIAN_POINT('',(-0.400863191742,0.55,-0.197724193853));
#11140 = CARTESIAN_POINT('',(-0.398079643893,0.56,-0.197675412336));
#11141 = CARTESIAN_POINT('',(-0.398079643893,0.55,-0.197675412336));
#11142 = CARTESIAN_POINT('',(-0.392544043004,0.56,-0.197578401245));
#11143 = CARTESIAN_POINT('',(-0.392544043004,0.55,-0.197578401245));
#11144 = CARTESIAN_POINT('',(-0.384360005479,0.56,-0.196646006992));
#11145 = CARTESIAN_POINT('',(-0.384360005479,0.55,-0.196646006992));
#11146 = CARTESIAN_POINT('',(-0.376365037308,0.56,-0.195098894682));
#11147 = CARTESIAN_POINT('',(-0.376365037308,0.55,-0.195098894682));
#11148 = CARTESIAN_POINT('',(-0.368593223437,0.56,-0.192906797224));
#11149 = CARTESIAN_POINT('',(-0.368593223437,0.55,-0.192906797224));
#11150 = CARTESIAN_POINT('',(-0.360980724791,0.56,-0.190187229558));
#11151 = CARTESIAN_POINT('',(-0.360980724791,0.55,-0.190187229558));
#11152 = CARTESIAN_POINT('',(-0.353587084026,0.56,-0.186778517847));
#11153 = CARTESIAN_POINT('',(-0.353587084026,0.55,-0.186778517847));
#11154 = CARTESIAN_POINT('',(-0.346366375862,0.56,-0.182810631113));
#11155 = CARTESIAN_POINT('',(-0.346366375862,0.55,-0.182810631113));
#11156 = CARTESIAN_POINT('',(-0.33943334711,0.56,-0.178148243382));
#11157 = CARTESIAN_POINT('',(-0.33943334711,0.55,-0.178148243382));
#11158 = CARTESIAN_POINT('',(-0.332711885575,0.56,-0.172950015762));
#11159 = CARTESIAN_POINT('',(-0.332711885575,0.55,-0.172950015762));
#11160 = CARTESIAN_POINT('',(-0.326367089278,0.56,-0.167073748882));
#11161 = CARTESIAN_POINT('',(-0.326367089278,0.55,-0.167073748882));
#11162 = CARTESIAN_POINT('',(-0.320398380688,0.56,-0.160578776955));
#11163 = CARTESIAN_POINT('',(-0.320398380688,0.55,-0.160578776955));
#11164 = CARTESIAN_POINT('',(-0.31473085015,0.56,-0.153534590567));
#11165 = CARTESIAN_POINT('',(-0.31473085015,0.55,-0.153534590567));
#11166 = CARTESIAN_POINT('',(-0.30952529043,0.56,-0.145806082083));
#11167 = CARTESIAN_POINT('',(-0.30952529043,0.55,-0.145806082083));
#11168 = CARTESIAN_POINT('',(-0.304567947206,0.56,-0.137527671102));
#11169 = CARTESIAN_POINT('',(-0.304567947206,0.55,-0.137527671102));
#11170 = CARTESIAN_POINT('',(-0.300130743616,0.56,-0.128554584622));
#11171 = CARTESIAN_POINT('',(-0.300130743616,0.55,-0.128554584622));
#11172 = CARTESIAN_POINT('',(-0.295857276098,0.56,-0.119036537838));
#11173 = CARTESIAN_POINT('',(-0.295857276098,0.55,-0.119036537838));
#11174 = CARTESIAN_POINT('',(-0.292168577424,0.56,-0.108710171958));
#11175 = CARTESIAN_POINT('',(-0.292168577424,0.55,-0.108710171958));
#11176 = CARTESIAN_POINT('',(-0.288841952897,0.56,-9.763369590579E-02));
#11177 = CARTESIAN_POINT('',(-0.288841952897,0.55,-9.763369590579E-02));
#11178 = CARTESIAN_POINT('',(-0.28615405604,0.56,-8.567627722045E-02));
#11179 = CARTESIAN_POINT('',(-0.28615405604,0.55,-8.567627722045E-02));
#11180 = CARTESIAN_POINT('',(-0.283915128806,0.56,-7.290065269094E-02));
#11181 = CARTESIAN_POINT('',(-0.283915128806,0.55,-7.290065269094E-02));
#11182 = CARTESIAN_POINT('',(-0.282180639211,0.56,-5.925990436693E-02));
#11183 = CARTESIAN_POINT('',(-0.282180639211,0.55,-5.925990436693E-02));
#11184 = CARTESIAN_POINT('',(-0.280917375003,0.56,-4.478327281575E-02));
#11185 = CARTESIAN_POINT('',(-0.280917375003,0.55,-4.478327281575E-02));
#11186 = CARTESIAN_POINT('',(-0.280250066499,0.56,-2.946123375167E-02));
#11187 = CARTESIAN_POINT('',(-0.280250066499,0.55,-2.946123375167E-02));
#11188 = CARTESIAN_POINT('',(-0.280124396379,0.56,-1.898544883396E-02));
#11189 = CARTESIAN_POINT('',(-0.280124396379,0.55,-1.898544883396E-02));
#11190 = CARTESIAN_POINT('',(-0.280059906485,0.56,-1.360961052011E-02));
#11191 = CARTESIAN_POINT('',(-0.280059906485,0.55,-1.360961052011E-02));
#11192 = ADVANCED_FACE('',(#11193),#11199,.T.);
#11193 = FACE_BOUND('',#11194,.T.);
#11194 = EDGE_LOOP('',(#11195,#11196,#11197,#11198));
#11195 = ORIENTED_EDGE('',*,*,#10400,.F.);
#11196 = ORIENTED_EDGE('',*,*,#10998,.F.);
#11197 = ORIENTED_EDGE('',*,*,#10830,.T.);
#11198 = ORIENTED_EDGE('',*,*,#11130,.T.);
#11199 = B_SPLINE_SURFACE_WITH_KNOTS('',3,1,(
    (#11200,#11201)
    ,(#11202,#11203)
    ,(#11204,#11205)
    ,(#11206,#11207)
    ,(#11208,#11209)
    ,(#11210,#11211)
    ,(#11212,#11213)
    ,(#11214,#11215)
    ,(#11216,#11217)
    ,(#11218,#11219)
    ,(#11220,#11221)
    ,(#11222,#11223)
    ,(#11224,#11225)
    ,(#11226,#11227)
    ,(#11228,#11229)
    ,(#11230,#11231)
    ,(#11232,#11233)
    ,(#11234,#11235)
    ,(#11236,#11237)
    ,(#11238,#11239)
    ,(#11240,#11241)
    ,(#11242,#11243)
    ,(#11244,#11245)
    ,(#11246,#11247)
    ,(#11248,#11249)
    ,(#11250,#11251)
    ,(#11252,#11253
    )),.UNSPECIFIED.,.F.,.F.,.F.,(4,1,1,1,1,1,1,1,1,1,1,1,1,1,1,1,1,1,1,
    1,1,1,1,1,4),(2,2),(0.,6.859462225874E-02,0.133246042443,
    0.194312586468,0.251279223117,0.304513439256,0.354234906653,
    0.400480588774,0.443410754938,0.484014868616,0.523252300773,
    0.561042372728,0.597900239364,0.633518488856,0.66831435117,
    0.702495671286,0.736685353513,0.770293169361,0.803437255019,
    0.835912951666,0.868460245789,0.900846538243,0.933466524631,
    0.966257575298,1.),(0.,1.),.UNSPECIFIED.);
#11200 = CARTESIAN_POINT('',(-0.517880419306,0.56,-1.360961052011E-02));
#11201 = CARTESIAN_POINT('',(-0.517880419306,0.55,-1.360961052011E-02));
#11202 = CARTESIAN_POINT('',(-0.51784761749,0.56,-1.921934929353E-02));
#11203 = CARTESIAN_POINT('',(-0.51784761749,0.55,-1.921934929353E-02));
#11204 = CARTESIAN_POINT('',(-0.51778389949,0.56,-3.011634771828E-02));
#11205 = CARTESIAN_POINT('',(-0.51778389949,0.55,-3.011634771828E-02));
#11206 = CARTESIAN_POINT('',(-0.517075057396,0.56,-4.599481192496E-02));
#11207 = CARTESIAN_POINT('',(-0.517075057396,0.55,-4.599481192496E-02));
#11208 = CARTESIAN_POINT('',(-0.515897523165,0.56,-6.089084082448E-02));
#11209 = CARTESIAN_POINT('',(-0.515897523165,0.55,-6.089084082448E-02));
#11210 = CARTESIAN_POINT('',(-0.51428378588,0.56,-7.480514742832E-02));
#11211 = CARTESIAN_POINT('',(-0.51428378588,0.55,-7.480514742832E-02));
#11212 = CARTESIAN_POINT('',(-0.512319987857,0.56,-8.774132388009E-02));
#11213 = CARTESIAN_POINT('',(-0.512319987857,0.55,-8.774132388009E-02));
#11214 = CARTESIAN_POINT('',(-0.509698439197,0.56,-9.966479959372E-02));
#11215 = CARTESIAN_POINT('',(-0.509698439197,0.55,-9.966479959372E-02));
#11216 = CARTESIAN_POINT('',(-0.506717158936,0.56,-0.110630760255));
#11217 = CARTESIAN_POINT('',(-0.506717158936,0.55,-0.110630760255));
#11218 = CARTESIAN_POINT('',(-0.503261914355,0.56,-0.120674965103));
#11219 = CARTESIAN_POINT('',(-0.503261914355,0.55,-0.120674965103));
#11220 = CARTESIAN_POINT('',(-0.499363135453,0.56,-0.129932735405));
#11221 = CARTESIAN_POINT('',(-0.499363135453,0.55,-0.129932735405));
#11222 = CARTESIAN_POINT('',(-0.495119709381,0.56,-0.138575255534));
#11223 = CARTESIAN_POINT('',(-0.495119709381,0.55,-0.138575255534));
#11224 = CARTESIAN_POINT('',(-0.490363229938,0.56,-0.146589448768));
#11225 = CARTESIAN_POINT('',(-0.490363229938,0.55,-0.146589448768));
#11226 = CARTESIAN_POINT('',(-0.485365538646,0.56,-0.15410322781));
#11227 = CARTESIAN_POINT('',(-0.485365538646,0.55,-0.15410322781));
#11228 = CARTESIAN_POINT('',(-0.479924331483,0.56,-0.160993597289));
#11229 = CARTESIAN_POINT('',(-0.479924331483,0.55,-0.160993597289));
#11230 = CARTESIAN_POINT('',(-0.474194452436,0.56,-0.167357863541));
#11231 = CARTESIAN_POINT('',(-0.474194452436,0.55,-0.167357863541));
#11232 = CARTESIAN_POINT('',(-0.467952264809,0.56,-0.173048938588));
#11233 = CARTESIAN_POINT('',(-0.467952264809,0.55,-0.173048938588));
#11234 = CARTESIAN_POINT('',(-0.461409963982,0.56,-0.178233568826));
#11235 = CARTESIAN_POINT('',(-0.461409963982,0.55,-0.178233568826));
#11236 = CARTESIAN_POINT('',(-0.454508317543,0.56,-0.182778515993));
#11237 = CARTESIAN_POINT('',(-0.454508317543,0.55,-0.182778515993));
#11238 = CARTESIAN_POINT('',(-0.447444050929,0.56,-0.186781789855));
#11239 = CARTESIAN_POINT('',(-0.447444050929,0.55,-0.186781789855));
#11240 = CARTESIAN_POINT('',(-0.440168540343,0.56,-0.190201776581));
#11241 = CARTESIAN_POINT('',(-0.440168540343,0.55,-0.190201776581));
#11242 = CARTESIAN_POINT('',(-0.432661922053,0.56,-0.192890820167));
#11243 = CARTESIAN_POINT('',(-0.432661922053,0.55,-0.192890820167));
#11244 = CARTESIAN_POINT('',(-0.424991666264,0.56,-0.195111904844));
#11245 = CARTESIAN_POINT('',(-0.424991666264,0.55,-0.195111904844));
#11246 = CARTESIAN_POINT('',(-0.417130959595,0.56,-0.196630799609));
#11247 = CARTESIAN_POINT('',(-0.417130959595,0.55,-0.196630799609));
#11248 = CARTESIAN_POINT('',(-0.409066823201,0.56,-0.197586490458));
#11249 = CARTESIAN_POINT('',(-0.409066823201,0.55,-0.197586490458));
#11250 = CARTESIAN_POINT('',(-0.403623679722,0.56,-0.197677857232));
#11251 = CARTESIAN_POINT('',(-0.403623679722,0.55,-0.197677857232));
#11252 = CARTESIAN_POINT('',(-0.400863191742,0.56,-0.197724193853));
#11253 = CARTESIAN_POINT('',(-0.400863191742,0.55,-0.197724193853));
#11254 = ADVANCED_FACE('',(#11255),#11300,.T.);
#11255 = FACE_BOUND('',#11256,.T.);
#11256 = EDGE_LOOP('',(#11257,#11287,#11293,#11294));
#11257 = ORIENTED_EDGE('',*,*,#11258,.F.);
#11258 = EDGE_CURVE('',#11259,#11261,#11263,.T.);
#11259 = VERTEX_POINT('',#11260);
#11260 = CARTESIAN_POINT('',(-0.39981150905,0.55,-0.161826757956));
#11261 = VERTEX_POINT('',#11262);
#11262 = CARTESIAN_POINT('',(-0.486470162896,0.55,-1.374983487908E-02));
#11263 = B_SPLINE_CURVE_WITH_KNOTS('',3,(#11264,#11265,#11266,#11267,
    #11268,#11269,#11270,#11271,#11272,#11273,#11274,#11275,#11276,
    #11277,#11278,#11279,#11280,#11281,#11282,#11283,#11284,#11285,
    #11286),.UNSPECIFIED.,.F.,.F.,(4,1,1,1,1,1,1,1,1,1,1,1,1,1,1,1,1,1,1
    ,1,4),(0.,6.038661931106E-02,0.120883248586,0.182754618625,
    0.247811029758,0.281299100043,0.315087624151,0.34970239555,
    0.384856581119,0.420966197226,0.458511188261,0.497174722127,
    0.537602047866,0.58050301842,0.627467540027,0.678388209559,
    0.733983220593,0.793746704551,0.857713672161,0.926697864361,1.),
  .UNSPECIFIED.);
#11264 = CARTESIAN_POINT('',(-0.39981150905,0.55,-0.161826757956));
#11265 = CARTESIAN_POINT('',(-0.403682568258,0.55,-0.161623613291));
#11266 = CARTESIAN_POINT('',(-0.411431738819,0.55,-0.161216953881));
#11267 = CARTESIAN_POINT('',(-0.422876534291,0.55,-0.158347628522));
#11268 = CARTESIAN_POINT('',(-0.433846969456,0.55,-0.153346331928));
#11269 = CARTESIAN_POINT('',(-0.442571266924,0.55,-0.147851094681));
#11270 = CARTESIAN_POINT('',(-0.449257645574,0.55,-0.142617263537));
#11271 = CARTESIAN_POINT('',(-0.453965914912,0.55,-0.138078618131));
#11272 = CARTESIAN_POINT('',(-0.458380532134,0.55,-0.133113992695));
#11273 = CARTESIAN_POINT('',(-0.462447302147,0.55,-0.12767380121));
#11274 = CARTESIAN_POINT('',(-0.466256230467,0.55,-0.121827264478));
#11275 = CARTESIAN_POINT('',(-0.469754331724,0.55,-0.115528388005));
#11276 = CARTESIAN_POINT('',(-0.472906064692,0.55,-0.108745251583));
#11277 = CARTESIAN_POINT('',(-0.47581451831,0.55,-0.101483608041));
#11278 = CARTESIAN_POINT('',(-0.478371797113,0.55,-9.352551359747E-02));
#11279 = CARTESIAN_POINT('',(-0.480481193436,0.55,-8.474861423812E-02));
#11280 = CARTESIAN_POINT('',(-0.482429898748,0.55,-7.51024250592E-02));
#11281 = CARTESIAN_POINT('',(-0.483809425638,0.55,-6.453047426469E-02));
#11282 = CARTESIAN_POINT('',(-0.485035801214,0.55,-5.310225892776E-02));
#11283 = CARTESIAN_POINT('',(-0.485823936009,0.55,-4.077452710483E-02));
#11284 = CARTESIAN_POINT('',(-0.486437061756,0.55,-2.756808906459E-02));
#11285 = CARTESIAN_POINT('',(-0.486458908192,0.55,-1.844817321433E-02));
#11286 = CARTESIAN_POINT('',(-0.486470162896,0.55,-1.374983487908E-02));
#11287 = ORIENTED_EDGE('',*,*,#11288,.F.);
#11288 = EDGE_CURVE('',#10893,#11259,#11289,.T.);
#11289 = LINE('',#11290,#11291);
#11290 = CARTESIAN_POINT('',(-0.39981150905,0.56,-0.161826757956));
#11291 = VECTOR('',#11292,1.);
#11292 = DIRECTION('',(-3.761581922631E-31,-1.,-9.429630734102E-47));
#11293 = ORIENTED_EDGE('',*,*,#10892,.T.);
#11294 = ORIENTED_EDGE('',*,*,#11295,.T.);
#11295 = EDGE_CURVE('',#10863,#11261,#11296,.T.);
#11296 = LINE('',#11297,#11298);
#11297 = CARTESIAN_POINT('',(-0.486470162896,0.56,-1.374983487908E-02));
#11298 = VECTOR('',#11299,1.);
#11299 = DIRECTION('',(-3.761581922631E-31,-1.,-9.429630734102E-47));
#11300 = B_SPLINE_SURFACE_WITH_KNOTS('',3,1,(
    (#11301,#11302)
    ,(#11303,#11304)
    ,(#11305,#11306)
    ,(#11307,#11308)
    ,(#11309,#11310)
    ,(#11311,#11312)
    ,(#11313,#11314)
    ,(#11315,#11316)
    ,(#11317,#11318)
    ,(#11319,#11320)
    ,(#11321,#11322)
    ,(#11323,#11324)
    ,(#11325,#11326)
    ,(#11327,#11328)
    ,(#11329,#11330)
    ,(#11331,#11332)
    ,(#11333,#11334)
    ,(#11335,#11336)
    ,(#11337,#11338)
    ,(#11339,#11340)
    ,(#11341,#11342)
    ,(#11343,#11344)
    ,(#11345,#11346
    )),.UNSPECIFIED.,.F.,.F.,.F.,(4,1,1,1,1,1,1,1,1,1,1,1,1,1,1,1,1,1,1,
    1,4),(2,2),(0.,6.038661931106E-02,0.120883248586,0.182754618625,
    0.247811029758,0.281299100043,0.315087624151,0.34970239555,
    0.384856581119,0.420966197226,0.458511188261,0.497174722127,
    0.537602047866,0.58050301842,0.627467540027,0.678388209559,
    0.733983220593,0.793746704551,0.857713672161,0.926697864361,1.),(0.,
    1.),.UNSPECIFIED.);
#11301 = CARTESIAN_POINT('',(-0.39981150905,0.56,-0.161826757956));
#11302 = CARTESIAN_POINT('',(-0.39981150905,0.55,-0.161826757956));
#11303 = CARTESIAN_POINT('',(-0.403682568258,0.56,-0.161623613291));
#11304 = CARTESIAN_POINT('',(-0.403682568258,0.55,-0.161623613291));
#11305 = CARTESIAN_POINT('',(-0.411431738819,0.56,-0.161216953881));
#11306 = CARTESIAN_POINT('',(-0.411431738819,0.55,-0.161216953881));
#11307 = CARTESIAN_POINT('',(-0.422876534291,0.56,-0.158347628522));
#11308 = CARTESIAN_POINT('',(-0.422876534291,0.55,-0.158347628522));
#11309 = CARTESIAN_POINT('',(-0.433846969456,0.56,-0.153346331928));
#11310 = CARTESIAN_POINT('',(-0.433846969456,0.55,-0.153346331928));
#11311 = CARTESIAN_POINT('',(-0.442571266924,0.56,-0.147851094681));
#11312 = CARTESIAN_POINT('',(-0.442571266924,0.55,-0.147851094681));
#11313 = CARTESIAN_POINT('',(-0.449257645574,0.56,-0.142617263537));
#11314 = CARTESIAN_POINT('',(-0.449257645574,0.55,-0.142617263537));
#11315 = CARTESIAN_POINT('',(-0.453965914912,0.56,-0.138078618131));
#11316 = CARTESIAN_POINT('',(-0.453965914912,0.55,-0.138078618131));
#11317 = CARTESIAN_POINT('',(-0.458380532134,0.56,-0.133113992695));
#11318 = CARTESIAN_POINT('',(-0.458380532134,0.55,-0.133113992695));
#11319 = CARTESIAN_POINT('',(-0.462447302147,0.56,-0.12767380121));
#11320 = CARTESIAN_POINT('',(-0.462447302147,0.55,-0.12767380121));
#11321 = CARTESIAN_POINT('',(-0.466256230467,0.56,-0.121827264478));
#11322 = CARTESIAN_POINT('',(-0.466256230467,0.55,-0.121827264478));
#11323 = CARTESIAN_POINT('',(-0.469754331724,0.56,-0.115528388005));
#11324 = CARTESIAN_POINT('',(-0.469754331724,0.55,-0.115528388005));
#11325 = CARTESIAN_POINT('',(-0.472906064692,0.56,-0.108745251583));
#11326 = CARTESIAN_POINT('',(-0.472906064692,0.55,-0.108745251583));
#11327 = CARTESIAN_POINT('',(-0.47581451831,0.56,-0.101483608041));
#11328 = CARTESIAN_POINT('',(-0.47581451831,0.55,-0.101483608041));
#11329 = CARTESIAN_POINT('',(-0.478371797113,0.56,-9.352551359747E-02));
#11330 = CARTESIAN_POINT('',(-0.478371797113,0.55,-9.352551359747E-02));
#11331 = CARTESIAN_POINT('',(-0.480481193436,0.56,-8.474861423812E-02));
#11332 = CARTESIAN_POINT('',(-0.480481193436,0.55,-8.474861423812E-02));
#11333 = CARTESIAN_POINT('',(-0.482429898748,0.56,-7.51024250592E-02));
#11334 = CARTESIAN_POINT('',(-0.482429898748,0.55,-7.51024250592E-02));
#11335 = CARTESIAN_POINT('',(-0.483809425638,0.56,-6.453047426469E-02));
#11336 = CARTESIAN_POINT('',(-0.483809425638,0.55,-6.453047426469E-02));
#11337 = CARTESIAN_POINT('',(-0.485035801214,0.56,-5.310225892776E-02));
#11338 = CARTESIAN_POINT('',(-0.485035801214,0.55,-5.310225892776E-02));
#11339 = CARTESIAN_POINT('',(-0.485823936009,0.56,-4.077452710483E-02));
#11340 = CARTESIAN_POINT('',(-0.485823936009,0.55,-4.077452710483E-02));
#11341 = CARTESIAN_POINT('',(-0.486437061756,0.56,-2.756808906459E-02));
#11342 = CARTESIAN_POINT('',(-0.486437061756,0.55,-2.756808906459E-02));
#11343 = CARTESIAN_POINT('',(-0.486458908192,0.56,-1.844817321433E-02));
#11344 = CARTESIAN_POINT('',(-0.486458908192,0.55,-1.844817321433E-02));
#11345 = CARTESIAN_POINT('',(-0.486470162896,0.56,-1.374983487908E-02));
#11346 = CARTESIAN_POINT('',(-0.486470162896,0.55,-1.374983487908E-02));
#11347 = ADVANCED_FACE('',(#11348),#11386,.T.);
#11348 = FACE_BOUND('',#11349,.T.);
#11349 = EDGE_LOOP('',(#11350,#11378,#11379,#11380));
#11350 = ORIENTED_EDGE('',*,*,#11351,.F.);
#11351 = EDGE_CURVE('',#11261,#11352,#11354,.T.);
#11352 = VERTEX_POINT('',#11353);
#11353 = CARTESIAN_POINT('',(-0.39981150905,0.55,0.134327088198));
#11354 = B_SPLINE_CURVE_WITH_KNOTS('',3,(#11355,#11356,#11357,#11358,
    #11359,#11360,#11361,#11362,#11363,#11364,#11365,#11366,#11367,
    #11368,#11369,#11370,#11371,#11372,#11373,#11374,#11375,#11376,
    #11377),.UNSPECIFIED.,.F.,.F.,(4,1,1,1,1,1,1,1,1,1,1,1,1,1,1,1,1,1,1
    ,1,4),(0.,7.295106587587E-02,0.141583694187,0.205926460171,
    0.265301357185,0.320597232714,0.371816503099,0.418789769709,
    0.461698728616,0.502133582104,0.540804315293,0.578180525328,
    0.614296865208,0.649678243265,0.68429946009,0.718358952772,
    0.752080864648,0.817652438602,0.879722076405,0.939965559731,1.),
  .UNSPECIFIED.);
#11355 = CARTESIAN_POINT('',(-0.486470162896,0.55,-1.374983487908E-02));
#11356 = CARTESIAN_POINT('',(-0.486458218189,0.55,-9.074964998696E-03));
#11357 = CARTESIAN_POINT('',(-0.486435035859,0.55,-1.960518780212E-06));
#11358 = CARTESIAN_POINT('',(-0.485829415801,0.55,1.318236557881E-02));
#11359 = CARTESIAN_POINT('',(-0.485004392601,0.55,2.547939846053E-02));
#11360 = CARTESIAN_POINT('',(-0.483940262882,0.55,3.690475210704E-02));
#11361 = CARTESIAN_POINT('',(-0.48235996803,0.55,4.741975335802E-02));
#11362 = CARTESIAN_POINT('',(-0.480589289248,0.55,5.709672166454E-02));
#11363 = CARTESIAN_POINT('',(-0.478434480286,0.55,6.588444537592E-02));
#11364 = CARTESIAN_POINT('',(-0.475884978499,0.55,7.384322644637E-02));
#11365 = CARTESIAN_POINT('',(-0.47298106881,0.55,8.110813329591E-02));
#11366 = CARTESIAN_POINT('',(-0.469810482443,0.55,8.786825480864E-02));
#11367 = CARTESIAN_POINT('',(-0.466404410153,0.55,9.420344845222E-02));
#11368 = CARTESIAN_POINT('',(-0.462592495097,0.55,0.10005680929));
#11369 = CARTESIAN_POINT('',(-0.458440988774,0.55,0.105447425697));
#11370 = CARTESIAN_POINT('',(-0.454043662861,0.55,0.110470708929));
#11371 = CARTESIAN_POINT('',(-0.449236404436,0.55,0.114950407063));
#11372 = CARTESIAN_POINT('',(-0.442586030182,0.55,0.120323092566));
#11373 = CARTESIAN_POINT('',(-0.433806382739,0.55,0.125875005939));
#11374 = CARTESIAN_POINT('',(-0.422744337216,0.55,0.130709614922));
#11375 = CARTESIAN_POINT('',(-0.411377492118,0.55,0.133747860565));
#11376 = CARTESIAN_POINT('',(-0.403662367109,0.55,0.134134236161));
#11377 = CARTESIAN_POINT('',(-0.39981150905,0.55,0.134327088198));
#11378 = ORIENTED_EDGE('',*,*,#11295,.F.);
#11379 = ORIENTED_EDGE('',*,*,#10862,.T.);
#11380 = ORIENTED_EDGE('',*,*,#11381,.T.);
#11381 = EDGE_CURVE('',#10865,#11352,#11382,.T.);
#11382 = LINE('',#11383,#11384);
#11383 = CARTESIAN_POINT('',(-0.39981150905,0.56,0.134327088198));
#11384 = VECTOR('',#11385,1.);
#11385 = DIRECTION('',(-3.761581922631E-31,-1.,-9.429630734102E-47));
#11386 = B_SPLINE_SURFACE_WITH_KNOTS('',3,1,(
    (#11387,#11388)
    ,(#11389,#11390)
    ,(#11391,#11392)
    ,(#11393,#11394)
    ,(#11395,#11396)
    ,(#11397,#11398)
    ,(#11399,#11400)
    ,(#11401,#11402)
    ,(#11403,#11404)
    ,(#11405,#11406)
    ,(#11407,#11408)
    ,(#11409,#11410)
    ,(#11411,#11412)
    ,(#11413,#11414)
    ,(#11415,#11416)
    ,(#11417,#11418)
    ,(#11419,#11420)
    ,(#11421,#11422)
    ,(#11423,#11424)
    ,(#11425,#11426)
    ,(#11427,#11428)
    ,(#11429,#11430)
    ,(#11431,#11432
    )),.UNSPECIFIED.,.F.,.F.,.F.,(4,1,1,1,1,1,1,1,1,1,1,1,1,1,1,1,1,1,1,
    1,4),(2,2),(0.,7.295106587587E-02,0.141583694187,0.205926460171,
    0.265301357185,0.320597232714,0.371816503099,0.418789769709,
    0.461698728616,0.502133582104,0.540804315293,0.578180525328,
    0.614296865208,0.649678243265,0.68429946009,0.718358952772,
    0.752080864648,0.817652438602,0.879722076405,0.939965559731,1.),(0.,
    1.),.UNSPECIFIED.);
#11387 = CARTESIAN_POINT('',(-0.486470162896,0.56,-1.374983487908E-02));
#11388 = CARTESIAN_POINT('',(-0.486470162896,0.55,-1.374983487908E-02));
#11389 = CARTESIAN_POINT('',(-0.486458218189,0.56,-9.074964998696E-03));
#11390 = CARTESIAN_POINT('',(-0.486458218189,0.55,-9.074964998696E-03));
#11391 = CARTESIAN_POINT('',(-0.486435035859,0.56,-1.960518780212E-06));
#11392 = CARTESIAN_POINT('',(-0.486435035859,0.55,-1.960518780212E-06));
#11393 = CARTESIAN_POINT('',(-0.485829415801,0.56,1.318236557881E-02));
#11394 = CARTESIAN_POINT('',(-0.485829415801,0.55,1.318236557881E-02));
#11395 = CARTESIAN_POINT('',(-0.485004392601,0.56,2.547939846053E-02));
#11396 = CARTESIAN_POINT('',(-0.485004392601,0.55,2.547939846053E-02));
#11397 = CARTESIAN_POINT('',(-0.483940262882,0.56,3.690475210704E-02));
#11398 = CARTESIAN_POINT('',(-0.483940262882,0.55,3.690475210704E-02));
#11399 = CARTESIAN_POINT('',(-0.48235996803,0.56,4.741975335802E-02));
#11400 = CARTESIAN_POINT('',(-0.48235996803,0.55,4.741975335802E-02));
#11401 = CARTESIAN_POINT('',(-0.480589289248,0.56,5.709672166454E-02));
#11402 = CARTESIAN_POINT('',(-0.480589289248,0.55,5.709672166454E-02));
#11403 = CARTESIAN_POINT('',(-0.478434480286,0.56,6.588444537592E-02));
#11404 = CARTESIAN_POINT('',(-0.478434480286,0.55,6.588444537592E-02));
#11405 = CARTESIAN_POINT('',(-0.475884978499,0.56,7.384322644637E-02));
#11406 = CARTESIAN_POINT('',(-0.475884978499,0.55,7.384322644637E-02));
#11407 = CARTESIAN_POINT('',(-0.47298106881,0.56,8.110813329591E-02));
#11408 = CARTESIAN_POINT('',(-0.47298106881,0.55,8.110813329591E-02));
#11409 = CARTESIAN_POINT('',(-0.469810482443,0.56,8.786825480864E-02));
#11410 = CARTESIAN_POINT('',(-0.469810482443,0.55,8.786825480864E-02));
#11411 = CARTESIAN_POINT('',(-0.466404410153,0.56,9.420344845222E-02));
#11412 = CARTESIAN_POINT('',(-0.466404410153,0.55,9.420344845222E-02));
#11413 = CARTESIAN_POINT('',(-0.462592495097,0.56,0.10005680929));
#11414 = CARTESIAN_POINT('',(-0.462592495097,0.55,0.10005680929));
#11415 = CARTESIAN_POINT('',(-0.458440988774,0.56,0.105447425697));
#11416 = CARTESIAN_POINT('',(-0.458440988774,0.55,0.105447425697));
#11417 = CARTESIAN_POINT('',(-0.454043662861,0.56,0.110470708929));
#11418 = CARTESIAN_POINT('',(-0.454043662861,0.55,0.110470708929));
#11419 = CARTESIAN_POINT('',(-0.449236404436,0.56,0.114950407063));
#11420 = CARTESIAN_POINT('',(-0.449236404436,0.55,0.114950407063));
#11421 = CARTESIAN_POINT('',(-0.442586030182,0.56,0.120323092566));
#11422 = CARTESIAN_POINT('',(-0.442586030182,0.55,0.120323092566));
#11423 = CARTESIAN_POINT('',(-0.433806382739,0.56,0.125875005939));
#11424 = CARTESIAN_POINT('',(-0.433806382739,0.55,0.125875005939));
#11425 = CARTESIAN_POINT('',(-0.422744337216,0.56,0.130709614922));
#11426 = CARTESIAN_POINT('',(-0.422744337216,0.55,0.130709614922));
#11427 = CARTESIAN_POINT('',(-0.411377492118,0.56,0.133747860565));
#11428 = CARTESIAN_POINT('',(-0.411377492118,0.55,0.133747860565));
#11429 = CARTESIAN_POINT('',(-0.403662367109,0.56,0.134134236161));
#11430 = CARTESIAN_POINT('',(-0.403662367109,0.55,0.134134236161));
#11431 = CARTESIAN_POINT('',(-0.39981150905,0.56,0.134327088198));
#11432 = CARTESIAN_POINT('',(-0.39981150905,0.55,0.134327088198));
#11433 = ADVANCED_FACE('',(#11434),#11464,.T.);
#11434 = FACE_BOUND('',#11435,.T.);
#11435 = EDGE_LOOP('',(#11436,#11456,#11457,#11458));
#11436 = ORIENTED_EDGE('',*,*,#11437,.F.);
#11437 = EDGE_CURVE('',#11352,#11438,#11440,.T.);
#11438 = VERTEX_POINT('',#11439);
#11439 = CARTESIAN_POINT('',(-0.324721364819,0.55,7.424095037733E-02));
#11440 = B_SPLINE_CURVE_WITH_KNOTS('',3,(#11441,#11442,#11443,#11444,
    #11445,#11446,#11447,#11448,#11449,#11450,#11451,#11452,#11453,
    #11454,#11455),.UNSPECIFIED.,.F.,.F.,(4,1,1,1,1,1,1,1,1,1,1,1,4),(0.
    ,0.112813400744,0.225393883921,0.339594814563,0.459675410225,
    0.521735190088,0.583925838739,0.648174144765,0.713881038113,
    0.781004454907,0.851450927557,0.924050692664,1.),.UNSPECIFIED.);
#11441 = CARTESIAN_POINT('',(-0.39981150905,0.55,0.134327088198));
#11442 = CARTESIAN_POINT('',(-0.395935741884,0.55,0.134167310117));
#11443 = CARTESIAN_POINT('',(-0.388192209566,0.55,0.133848083836));
#11444 = CARTESIAN_POINT('',(-0.376878830051,0.55,0.130768210099));
#11445 = CARTESIAN_POINT('',(-0.365895803043,0.55,0.126121256153));
#11446 = CARTESIAN_POINT('',(-0.357288609015,0.55,0.120626505611));
#11447 = CARTESIAN_POINT('',(-0.350740354665,0.55,0.115393672666));
#11448 = CARTESIAN_POINT('',(-0.346048655654,0.55,0.110932207834));
#11449 = CARTESIAN_POINT('',(-0.341742450811,0.55,0.105936621104));
#11450 = CARTESIAN_POINT('',(-0.337658243325,0.55,0.100546691512));
#11451 = CARTESIAN_POINT('',(-0.333912335758,0.55,9.465944309484E-02));
#11452 = CARTESIAN_POINT('',(-0.330506021988,0.55,8.830318556823E-02));
#11453 = CARTESIAN_POINT('',(-0.327397687234,0.55,8.146026777701E-02));
#11454 = CARTESIAN_POINT('',(-0.325626782639,0.55,7.668329386543E-02));
#11455 = CARTESIAN_POINT('',(-0.324721364819,0.55,7.424095037733E-02));
#11456 = ORIENTED_EDGE('',*,*,#11381,.F.);
#11457 = ORIENTED_EDGE('',*,*,#10964,.T.);
#11458 = ORIENTED_EDGE('',*,*,#11459,.T.);
#11459 = EDGE_CURVE('',#10949,#11438,#11460,.T.);
#11460 = LINE('',#11461,#11462);
#11461 = CARTESIAN_POINT('',(-0.324721364819,0.56,7.424095037733E-02));
#11462 = VECTOR('',#11463,1.);
#11463 = DIRECTION('',(-3.761581922631E-31,-1.,-9.429630734102E-47));
#11464 = B_SPLINE_SURFACE_WITH_KNOTS('',3,1,(
    (#11465,#11466)
    ,(#11467,#11468)
    ,(#11469,#11470)
    ,(#11471,#11472)
    ,(#11473,#11474)
    ,(#11475,#11476)
    ,(#11477,#11478)
    ,(#11479,#11480)
    ,(#11481,#11482)
    ,(#11483,#11484)
    ,(#11485,#11486)
    ,(#11487,#11488)
    ,(#11489,#11490)
    ,(#11491,#11492)
    ,(#11493,#11494
    )),.UNSPECIFIED.,.F.,.F.,.F.,(4,1,1,1,1,1,1,1,1,1,1,1,4),(2,2),(0.,
    0.112813400744,0.225393883921,0.339594814563,0.459675410225,
    0.521735190088,0.583925838739,0.648174144765,0.713881038113,
    0.781004454907,0.851450927557,0.924050692664,1.),(0.,1.),
  .UNSPECIFIED.);
#11465 = CARTESIAN_POINT('',(-0.39981150905,0.56,0.134327088198));
#11466 = CARTESIAN_POINT('',(-0.39981150905,0.55,0.134327088198));
#11467 = CARTESIAN_POINT('',(-0.395935741884,0.56,0.134167310117));
#11468 = CARTESIAN_POINT('',(-0.395935741884,0.55,0.134167310117));
#11469 = CARTESIAN_POINT('',(-0.388192209566,0.56,0.133848083836));
#11470 = CARTESIAN_POINT('',(-0.388192209566,0.55,0.133848083836));
#11471 = CARTESIAN_POINT('',(-0.376878830051,0.56,0.130768210099));
#11472 = CARTESIAN_POINT('',(-0.376878830051,0.55,0.130768210099));
#11473 = CARTESIAN_POINT('',(-0.365895803043,0.56,0.126121256153));
#11474 = CARTESIAN_POINT('',(-0.365895803043,0.55,0.126121256153));
#11475 = CARTESIAN_POINT('',(-0.357288609015,0.56,0.120626505611));
#11476 = CARTESIAN_POINT('',(-0.357288609015,0.55,0.120626505611));
#11477 = CARTESIAN_POINT('',(-0.350740354665,0.56,0.115393672666));
#11478 = CARTESIAN_POINT('',(-0.350740354665,0.55,0.115393672666));
#11479 = CARTESIAN_POINT('',(-0.346048655654,0.56,0.110932207834));
#11480 = CARTESIAN_POINT('',(-0.346048655654,0.55,0.110932207834));
#11481 = CARTESIAN_POINT('',(-0.341742450811,0.56,0.105936621104));
#11482 = CARTESIAN_POINT('',(-0.341742450811,0.55,0.105936621104));
#11483 = CARTESIAN_POINT('',(-0.337658243325,0.56,0.100546691512));
#11484 = CARTESIAN_POINT('',(-0.337658243325,0.55,0.100546691512));
#11485 = CARTESIAN_POINT('',(-0.333912335758,0.56,9.465944309484E-02));
#11486 = CARTESIAN_POINT('',(-0.333912335758,0.55,9.465944309484E-02));
#11487 = CARTESIAN_POINT('',(-0.330506021988,0.56,8.830318556823E-02));
#11488 = CARTESIAN_POINT('',(-0.330506021988,0.55,8.830318556823E-02));
#11489 = CARTESIAN_POINT('',(-0.327397687234,0.56,8.146026777701E-02));
#11490 = CARTESIAN_POINT('',(-0.327397687234,0.55,8.146026777701E-02));
#11491 = CARTESIAN_POINT('',(-0.325626782639,0.56,7.668329386543E-02));
#11492 = CARTESIAN_POINT('',(-0.325626782639,0.55,7.668329386543E-02));
#11493 = CARTESIAN_POINT('',(-0.324721364819,0.56,7.424095037733E-02));
#11494 = CARTESIAN_POINT('',(-0.324721364819,0.55,7.424095037733E-02));
#11495 = ADVANCED_FACE('',(#11496),#11522,.T.);
#11496 = FACE_BOUND('',#11497,.T.);
#11497 = EDGE_LOOP('',(#11498,#11514,#11515,#11516));
#11498 = ORIENTED_EDGE('',*,*,#11499,.F.);
#11499 = EDGE_CURVE('',#11438,#11500,#11502,.T.);
#11500 = VERTEX_POINT('',#11501);
#11501 = CARTESIAN_POINT('',(-0.311470162896,0.55,-1.374983487908E-02));
#11502 = B_SPLINE_CURVE_WITH_KNOTS('',3,(#11503,#11504,#11505,#11506,
    #11507,#11508,#11509,#11510,#11511,#11512,#11513),.UNSPECIFIED.,.F.,
  .F.,(4,1,1,1,1,1,1,1,4),(0.,0.110588338595,0.224541754054,
    0.34250349405,0.464324098417,0.590756032702,0.722227475356,
    0.858842836209,1.),.UNSPECIFIED.);
#11503 = CARTESIAN_POINT('',(-0.324721364819,0.55,7.424095037733E-02));
#11504 = CARTESIAN_POINT('',(-0.323666188039,0.55,7.11179764307E-02));
#11505 = CARTESIAN_POINT('',(-0.321523726656,0.55,6.477700000635E-02));
#11506 = CARTESIAN_POINT('',(-0.318762549229,0.55,5.49406347983E-02));
#11507 = CARTESIAN_POINT('',(-0.316588009309,0.55,4.462035840451E-02));
#11508 = CARTESIAN_POINT('',(-0.314631672734,0.55,3.387784673266E-02));
#11509 = CARTESIAN_POINT('',(-0.313296367144,0.55,2.263387663156E-02));
#11510 = CARTESIAN_POINT('',(-0.312221585816,0.55,1.092323823999E-02));
#11511 = CARTESIAN_POINT('',(-0.311588517122,0.55,-1.262897983555E-03));
#11512 = CARTESIAN_POINT('',(-0.311510042015,0.55,-9.54239710308E-03));
#11513 = CARTESIAN_POINT('',(-0.311470162896,0.55,-1.374983487908E-02));
#11514 = ORIENTED_EDGE('',*,*,#11459,.F.);
#11515 = ORIENTED_EDGE('',*,*,#10948,.T.);
#11516 = ORIENTED_EDGE('',*,*,#11517,.T.);
#11517 = EDGE_CURVE('',#10921,#11500,#11518,.T.);
#11518 = LINE('',#11519,#11520);
#11519 = CARTESIAN_POINT('',(-0.311470162896,0.56,-1.374983487908E-02));
#11520 = VECTOR('',#11521,1.);
#11521 = DIRECTION('',(-3.761581922631E-31,-1.,-9.429630734102E-47));
#11522 = B_SPLINE_SURFACE_WITH_KNOTS('',3,1,(
    (#11523,#11524)
    ,(#11525,#11526)
    ,(#11527,#11528)
    ,(#11529,#11530)
    ,(#11531,#11532)
    ,(#11533,#11534)
    ,(#11535,#11536)
    ,(#11537,#11538)
    ,(#11539,#11540)
    ,(#11541,#11542)
    ,(#11543,#11544
    )),.UNSPECIFIED.,.F.,.F.,.F.,(4,1,1,1,1,1,1,1,4),(2,2),(0.,
    0.110588338595,0.224541754054,0.34250349405,0.464324098417,
    0.590756032702,0.722227475356,0.858842836209,1.),(0.,1.),
  .UNSPECIFIED.);
#11523 = CARTESIAN_POINT('',(-0.324721364819,0.56,7.424095037733E-02));
#11524 = CARTESIAN_POINT('',(-0.324721364819,0.55,7.424095037733E-02));
#11525 = CARTESIAN_POINT('',(-0.323666188039,0.56,7.11179764307E-02));
#11526 = CARTESIAN_POINT('',(-0.323666188039,0.55,7.11179764307E-02));
#11527 = CARTESIAN_POINT('',(-0.321523726656,0.56,6.477700000635E-02));
#11528 = CARTESIAN_POINT('',(-0.321523726656,0.55,6.477700000635E-02));
#11529 = CARTESIAN_POINT('',(-0.318762549229,0.56,5.49406347983E-02));
#11530 = CARTESIAN_POINT('',(-0.318762549229,0.55,5.49406347983E-02));
#11531 = CARTESIAN_POINT('',(-0.316588009309,0.56,4.462035840451E-02));
#11532 = CARTESIAN_POINT('',(-0.316588009309,0.55,4.462035840451E-02));
#11533 = CARTESIAN_POINT('',(-0.314631672734,0.56,3.387784673266E-02));
#11534 = CARTESIAN_POINT('',(-0.314631672734,0.55,3.387784673266E-02));
#11535 = CARTESIAN_POINT('',(-0.313296367144,0.56,2.263387663156E-02));
#11536 = CARTESIAN_POINT('',(-0.313296367144,0.55,2.263387663156E-02));
#11537 = CARTESIAN_POINT('',(-0.312221585816,0.56,1.092323823999E-02));
#11538 = CARTESIAN_POINT('',(-0.312221585816,0.55,1.092323823999E-02));
#11539 = CARTESIAN_POINT('',(-0.311588517122,0.56,-1.262897983555E-03));
#11540 = CARTESIAN_POINT('',(-0.311588517122,0.55,-1.262897983555E-03));
#11541 = CARTESIAN_POINT('',(-0.311510042015,0.56,-9.54239710308E-03));
#11542 = CARTESIAN_POINT('',(-0.311510042015,0.55,-9.54239710308E-03));
#11543 = CARTESIAN_POINT('',(-0.311470162896,0.56,-1.374983487908E-02));
#11544 = CARTESIAN_POINT('',(-0.311470162896,0.55,-1.374983487908E-02));
#11545 = ADVANCED_FACE('',(#11546),#11577,.T.);
#11546 = FACE_BOUND('',#11547,.T.);
#11547 = EDGE_LOOP('',(#11548,#11574,#11575,#11576));
#11548 = ORIENTED_EDGE('',*,*,#11549,.F.);
#11549 = EDGE_CURVE('',#11500,#11259,#11550,.T.);
#11550 = B_SPLINE_CURVE_WITH_KNOTS('',3,(#11551,#11552,#11553,#11554,
    #11555,#11556,#11557,#11558,#11559,#11560,#11561,#11562,#11563,
    #11564,#11565,#11566,#11567,#11568,#11569,#11570,#11571,#11572,
    #11573),.UNSPECIFIED.,.F.,.F.,(4,1,1,1,1,1,1,1,1,1,1,1,1,1,1,1,1,1,1
    ,1,4),(0.,6.568119799064E-02,0.128486464174,0.188175130328,
    0.24510613067,0.299448424529,0.350822936009,0.399941680534,
    0.446671743632,0.491254533373,0.53337634427,0.573852754968,
    0.612526311719,0.649597136445,0.685532041554,0.720105786068,
    0.753837662974,0.818925416047,0.88049346165,0.940311333846,1.),
  .UNSPECIFIED.);
#11551 = CARTESIAN_POINT('',(-0.311470162896,0.55,-1.374983487908E-02));
#11552 = CARTESIAN_POINT('',(-0.311525181819,0.55,-1.795659213089E-02));
#11553 = CARTESIAN_POINT('',(-0.311632810595,0.55,-2.618590860894E-02));
#11554 = CARTESIAN_POINT('',(-0.312044209365,0.55,-3.823772667516E-02));
#11555 = CARTESIAN_POINT('',(-0.313106566814,0.55,-4.968450276607E-02));
#11556 = CARTESIAN_POINT('',(-0.3142864787,0.55,-6.05755500325E-02));
#11557 = CARTESIAN_POINT('',(-0.31602620081,0.55,-7.085058030295E-02));
#11558 = CARTESIAN_POINT('',(-0.317901981498,0.55,-8.059561082858E-02));
#11559 = CARTESIAN_POINT('',(-0.320422102727,0.55,-8.968991331052E-02));
#11560 = CARTESIAN_POINT('',(-0.323114080224,0.55,-9.827587148168E-02));
#11561 = CARTESIAN_POINT('',(-0.326195119777,0.55,-0.106255936932));
#11562 = CARTESIAN_POINT('',(-0.329586693203,0.55,-0.113667315568));
#11563 = CARTESIAN_POINT('',(-0.33320886908,0.55,-0.120545788044));
#11564 = CARTESIAN_POINT('',(-0.337143093126,0.55,-0.126872482201));
#11565 = CARTESIAN_POINT('',(-0.341342661432,0.55,-0.132675736492));
#11566 = CARTESIAN_POINT('',(-0.345918416352,0.55,-0.137839195948));
#11567 = CARTESIAN_POINT('',(-0.350688853633,0.55,-0.142522892759));
#11568 = CARTESIAN_POINT('',(-0.357370572215,0.55,-0.147869149671));
#11569 = CARTESIAN_POINT('',(-0.366118001195,0.55,-0.153320319219));
#11570 = CARTESIAN_POINT('',(-0.37700256593,0.55,-0.158336895205));
#11571 = CARTESIAN_POINT('',(-0.388329630355,0.55,-0.161217724468));
#11572 = CARTESIAN_POINT('',(-0.395986975764,0.55,-0.161623893171));
#11573 = CARTESIAN_POINT('',(-0.39981150905,0.55,-0.161826757956));
#11574 = ORIENTED_EDGE('',*,*,#11517,.F.);
#11575 = ORIENTED_EDGE('',*,*,#10920,.T.);
#11576 = ORIENTED_EDGE('',*,*,#11288,.T.);
#11577 = B_SPLINE_SURFACE_WITH_KNOTS('',3,1,(
    (#11578,#11579)
    ,(#11580,#11581)
    ,(#11582,#11583)
    ,(#11584,#11585)
    ,(#11586,#11587)
    ,(#11588,#11589)
    ,(#11590,#11591)
    ,(#11592,#11593)
    ,(#11594,#11595)
    ,(#11596,#11597)
    ,(#11598,#11599)
    ,(#11600,#11601)
    ,(#11602,#11603)
    ,(#11604,#11605)
    ,(#11606,#11607)
    ,(#11608,#11609)
    ,(#11610,#11611)
    ,(#11612,#11613)
    ,(#11614,#11615)
    ,(#11616,#11617)
    ,(#11618,#11619)
    ,(#11620,#11621)
    ,(#11622,#11623
    )),.UNSPECIFIED.,.F.,.F.,.F.,(4,1,1,1,1,1,1,1,1,1,1,1,1,1,1,1,1,1,1,
    1,4),(2,2),(0.,6.568119799064E-02,0.128486464174,0.188175130328,
    0.24510613067,0.299448424529,0.350822936009,0.399941680534,
    0.446671743632,0.491254533373,0.53337634427,0.573852754968,
    0.612526311719,0.649597136445,0.685532041554,0.720105786068,
    0.753837662974,0.818925416047,0.88049346165,0.940311333846,1.),(0.,
    1.),.UNSPECIFIED.);
#11578 = CARTESIAN_POINT('',(-0.311470162896,0.56,-1.374983487908E-02));
#11579 = CARTESIAN_POINT('',(-0.311470162896,0.55,-1.374983487908E-02));
#11580 = CARTESIAN_POINT('',(-0.311525181819,0.56,-1.795659213089E-02));
#11581 = CARTESIAN_POINT('',(-0.311525181819,0.55,-1.795659213089E-02));
#11582 = CARTESIAN_POINT('',(-0.311632810595,0.56,-2.618590860894E-02));
#11583 = CARTESIAN_POINT('',(-0.311632810595,0.55,-2.618590860894E-02));
#11584 = CARTESIAN_POINT('',(-0.312044209365,0.56,-3.823772667516E-02));
#11585 = CARTESIAN_POINT('',(-0.312044209365,0.55,-3.823772667516E-02));
#11586 = CARTESIAN_POINT('',(-0.313106566814,0.56,-4.968450276607E-02));
#11587 = CARTESIAN_POINT('',(-0.313106566814,0.55,-4.968450276607E-02));
#11588 = CARTESIAN_POINT('',(-0.3142864787,0.56,-6.05755500325E-02));
#11589 = CARTESIAN_POINT('',(-0.3142864787,0.55,-6.05755500325E-02));
#11590 = CARTESIAN_POINT('',(-0.31602620081,0.56,-7.085058030295E-02));
#11591 = CARTESIAN_POINT('',(-0.31602620081,0.55,-7.085058030295E-02));
#11592 = CARTESIAN_POINT('',(-0.317901981498,0.56,-8.059561082858E-02));
#11593 = CARTESIAN_POINT('',(-0.317901981498,0.55,-8.059561082858E-02));
#11594 = CARTESIAN_POINT('',(-0.320422102727,0.56,-8.968991331052E-02));
#11595 = CARTESIAN_POINT('',(-0.320422102727,0.55,-8.968991331052E-02));
#11596 = CARTESIAN_POINT('',(-0.323114080224,0.56,-9.827587148168E-02));
#11597 = CARTESIAN_POINT('',(-0.323114080224,0.55,-9.827587148168E-02));
#11598 = CARTESIAN_POINT('',(-0.326195119777,0.56,-0.106255936932));
#11599 = CARTESIAN_POINT('',(-0.326195119777,0.55,-0.106255936932));
#11600 = CARTESIAN_POINT('',(-0.329586693203,0.56,-0.113667315568));
#11601 = CARTESIAN_POINT('',(-0.329586693203,0.55,-0.113667315568));
#11602 = CARTESIAN_POINT('',(-0.33320886908,0.56,-0.120545788044));
#11603 = CARTESIAN_POINT('',(-0.33320886908,0.55,-0.120545788044));
#11604 = CARTESIAN_POINT('',(-0.337143093126,0.56,-0.126872482201));
#11605 = CARTESIAN_POINT('',(-0.337143093126,0.55,-0.126872482201));
#11606 = CARTESIAN_POINT('',(-0.341342661432,0.56,-0.132675736492));
#11607 = CARTESIAN_POINT('',(-0.341342661432,0.55,-0.132675736492));
#11608 = CARTESIAN_POINT('',(-0.345918416352,0.56,-0.137839195948));
#11609 = CARTESIAN_POINT('',(-0.345918416352,0.55,-0.137839195948));
#11610 = CARTESIAN_POINT('',(-0.350688853633,0.56,-0.142522892759));
#11611 = CARTESIAN_POINT('',(-0.350688853633,0.55,-0.142522892759));
#11612 = CARTESIAN_POINT('',(-0.357370572215,0.56,-0.147869149671));
#11613 = CARTESIAN_POINT('',(-0.357370572215,0.55,-0.147869149671));
#11614 = CARTESIAN_POINT('',(-0.366118001195,0.56,-0.153320319219));
#11615 = CARTESIAN_POINT('',(-0.366118001195,0.55,-0.153320319219));
#11616 = CARTESIAN_POINT('',(-0.37700256593,0.56,-0.158336895205));
#11617 = CARTESIAN_POINT('',(-0.37700256593,0.55,-0.158336895205));
#11618 = CARTESIAN_POINT('',(-0.388329630355,0.56,-0.161217724468));
#11619 = CARTESIAN_POINT('',(-0.388329630355,0.55,-0.161217724468));
#11620 = CARTESIAN_POINT('',(-0.395986975764,0.56,-0.161623893171));
#11621 = CARTESIAN_POINT('',(-0.395986975764,0.55,-0.161623893171));
#11622 = CARTESIAN_POINT('',(-0.39981150905,0.56,-0.161826757956));
#11623 = CARTESIAN_POINT('',(-0.39981150905,0.55,-0.161826757956));
#11624 = ADVANCED_FACE('',(#11625),#11632,.F.);
#11625 = FACE_BOUND('',#11626,.T.);
#11626 = EDGE_LOOP('',(#11627,#11628,#11629,#11630,#11631));
#11627 = ORIENTED_EDGE('',*,*,#11549,.T.);
#11628 = ORIENTED_EDGE('',*,*,#11258,.T.);
#11629 = ORIENTED_EDGE('',*,*,#11351,.T.);
#11630 = ORIENTED_EDGE('',*,*,#11437,.T.);
#11631 = ORIENTED_EDGE('',*,*,#11499,.T.);
#11632 = PLANE('',#11633);
#11633 = AXIS2_PLACEMENT_3D('',#11634,#11635,#11636);
#11634 = CARTESIAN_POINT('',(1.351560977094,0.55,0.4));
#11635 = DIRECTION('',(-3.761581922631E-31,-1.,-1.019578823125E-46));
#11636 = DIRECTION('',(1.,-3.761581922631E-31,0.));
#11637 = ADVANCED_FACE('',(#11638,#11758),#11856,.T.);
#11638 = FACE_BOUND('',#11639,.T.);
#11639 = EDGE_LOOP('',(#11640,#11650,#11670,#11690,#11710,#11734,#11744,
    #11752));
#11640 = ORIENTED_EDGE('',*,*,#11641,.F.);
#11641 = EDGE_CURVE('',#11642,#11644,#11646,.T.);
#11642 = VERTEX_POINT('',#11643);
#11643 = CARTESIAN_POINT('',(-0.191578335973,0.56,-3.800864898165E-02));
#11644 = VERTEX_POINT('',#11645);
#11645 = CARTESIAN_POINT('',(-8.711118853673E-02,0.56,-0.197724193853));
#11646 = LINE('',#11647,#11648);
#11647 = CARTESIAN_POINT('',(-0.191578335973,0.56,-3.800864898165E-02));
#11648 = VECTOR('',#11649,1.);
#11649 = DIRECTION('',(0.547387929886,0.,-0.836878996161));
#11650 = ORIENTED_EDGE('',*,*,#11651,.F.);
#11651 = EDGE_CURVE('',#11652,#11642,#11654,.T.);
#11652 = VERTEX_POINT('',#11653);
#11653 = CARTESIAN_POINT('',(-0.230700932126,0.56,6.365401127476E-02));
#11654 = B_SPLINE_CURVE_WITH_KNOTS('',3,(#11655,#11656,#11657,#11658,
    #11659,#11660,#11661,#11662,#11663,#11664,#11665,#11666,#11667,
    #11668,#11669),.UNSPECIFIED.,.F.,.F.,(4,1,1,1,1,1,1,1,1,1,1,1,4),(0.
    ,9.781818961471E-02,0.199726053402,0.305276357478,0.415811490538,
    0.474472231144,0.537273879776,0.60365742056,0.67429886309,
    0.749834485316,0.828598476757,0.912377778158,1.),.UNSPECIFIED.);
#11655 = CARTESIAN_POINT('',(-0.230700932126,0.56,6.365401127476E-02));
#11656 = CARTESIAN_POINT('',(-0.230582787626,0.56,6.004955295378E-02));
#11657 = CARTESIAN_POINT('',(-0.230341559129,0.56,5.268993775401E-02));
#11658 = CARTESIAN_POINT('',(-0.228657220095,0.56,4.154353495966E-02));
#11659 = CARTESIAN_POINT('',(-0.225950740617,0.56,3.0138426787E-02));
#11660 = CARTESIAN_POINT('',(-0.222919715982,0.56,2.046300742738E-02));
#11661 = CARTESIAN_POINT('',(-0.219717154977,0.56,1.253685523142E-02));
#11662 = CARTESIAN_POINT('',(-0.217051901018,0.56,6.146506168995E-03));
#11663 = CARTESIAN_POINT('',(-0.213734501414,0.56,-4.296011544768E-04));
#11664 = CARTESIAN_POINT('',(-0.210197163295,0.56,-7.416964752513E-03));
#11665 = CARTESIAN_POINT('',(-0.206121476403,0.56,-1.463550802137E-02));
#11666 = CARTESIAN_POINT('',(-0.201689911464,0.56,-2.22058749675E-02));
#11667 = CARTESIAN_POINT('',(-0.196779946374,0.56,-3.00076677337E-02));
#11668 = CARTESIAN_POINT('',(-0.193337930099,0.56,-3.530208725838E-02));
#11669 = CARTESIAN_POINT('',(-0.191578335973,0.56,-3.800864898165E-02));
#11670 = ORIENTED_EDGE('',*,*,#11671,.F.);
#11671 = EDGE_CURVE('',#11672,#11652,#11674,.T.);
#11672 = VERTEX_POINT('',#11673);
#11673 = CARTESIAN_POINT('',(-0.124691316742,0.56,0.170224524095));
#11674 = B_SPLINE_CURVE_WITH_KNOTS('',3,(#11675,#11676,#11677,#11678,
    #11679,#11680,#11681,#11682,#11683,#11684,#11685,#11686,#11687,
    #11688,#11689),.UNSPECIFIED.,.F.,.F.,(4,1,1,1,1,1,1,1,1,1,1,1,4),(0.
    ,8.433472199263E-02,0.167052318416,0.249566077241,0.332740481802,
    0.415914886363,0.49782800954,0.580372588608,0.664600121057,
    0.749466693113,0.83251023394,0.915639281668,1.),.UNSPECIFIED.);
#11675 = CARTESIAN_POINT('',(-0.124691316742,0.56,0.170224524095));
#11676 = CARTESIAN_POINT('',(-0.129400986807,0.56,0.170071703521));
#11677 = CARTESIAN_POINT('',(-0.138730018608,0.56,0.16976899272));
#11678 = CARTESIAN_POINT('',(-0.152453298032,0.56,0.167072398932));
#11679 = CARTESIAN_POINT('',(-0.165639599766,0.56,0.162701688656));
#11680 = CARTESIAN_POINT('',(-0.178196537857,0.56,0.156680260801));
#11681 = CARTESIAN_POINT('',(-0.189828599149,0.56,0.149074472506));
#11682 = CARTESIAN_POINT('',(-0.200235162793,0.56,0.139918244593));
#11683 = CARTESIAN_POINT('',(-0.209364340248,0.56,0.129407298086));
#11684 = CARTESIAN_POINT('',(-0.216961802342,0.56,0.117543263358));
#11685 = CARTESIAN_POINT('',(-0.222987675536,0.56,0.104794267608));
#11686 = CARTESIAN_POINT('',(-0.227506668048,0.56,9.150055196899E-02));
#11687 = CARTESIAN_POINT('',(-0.230146292371,0.56,7.771055379641E-02));
#11688 = CARTESIAN_POINT('',(-0.230515148056,0.56,6.836243987776E-02));
#11689 = CARTESIAN_POINT('',(-0.230700932126,0.56,6.365401127476E-02));
#11690 = ORIENTED_EDGE('',*,*,#11691,.F.);
#11691 = EDGE_CURVE('',#11692,#11672,#11694,.T.);
#11692 = VERTEX_POINT('',#11693);
#11693 = CARTESIAN_POINT('',(-1.531631674185E-02,0.56,6.302300165938E-02
    ));
#11694 = B_SPLINE_CURVE_WITH_KNOTS('',3,(#11695,#11696,#11697,#11698,
    #11699,#11700,#11701,#11702,#11703,#11704,#11705,#11706,#11707,
    #11708,#11709),.UNSPECIFIED.,.F.,.F.,(4,1,1,1,1,1,1,1,1,1,1,1,4),(0.
    ,8.594794314413E-02,0.169125211881,0.250399107186,0.332289736139,
    0.413364287916,0.494172283371,0.576021735387,0.660756969254,
    0.745783125914,0.830043592975,0.914027545821,1.),.UNSPECIFIED.);
#11695 = CARTESIAN_POINT('',(-1.531631674185E-02,0.56,6.302300165938E-02
    ));
#11696 = CARTESIAN_POINT('',(-1.545862723027E-02,0.56,6.792097205406E-02
    ));
#11697 = CARTESIAN_POINT('',(-1.573866059264E-02,0.56,7.755901864928E-02
    ));
#11698 = CARTESIAN_POINT('',(-1.852904019471E-02,0.56,9.159668928973E-02
    ));
#11699 = CARTESIAN_POINT('',(-2.286500467024E-02,0.56,0.104969940843));
#11700 = CARTESIAN_POINT('',(-2.906275751055E-02,0.56,0.11746525798));
#11701 = CARTESIAN_POINT('',(-3.676099580893E-02,0.56,0.129065514938));
#11702 = CARTESIAN_POINT('',(-4.614875507571E-02,0.56,0.13934406148));
#11703 = CARTESIAN_POINT('',(-5.689310390911E-02,0.56,0.148511065212));
#11704 = CARTESIAN_POINT('',(-6.904178372711E-02,0.56,0.156176727132));
#11705 = CARTESIAN_POINT('',(-8.211608013875E-02,0.56,0.162437032234));
#11706 = CARTESIAN_POINT('',(-9.585127988018E-02,0.56,0.166933556442));
#11707 = CARTESIAN_POINT('',(-0.110113994514,0.56,0.169701903381));
#11708 = CARTESIAN_POINT('',(-0.11979445532,0.56,0.170048963648));
#11709 = CARTESIAN_POINT('',(-0.124691316742,0.56,0.170224524095));
#11710 = ORIENTED_EDGE('',*,*,#11711,.F.);
#11711 = EDGE_CURVE('',#11712,#11692,#11714,.T.);
#11712 = VERTEX_POINT('',#11713);
#11713 = CARTESIAN_POINT('',(-0.119152454562,0.56,-4.067291180216E-02));
#11714 = B_SPLINE_CURVE_WITH_KNOTS('',3,(#11715,#11716,#11717,#11718,
    #11719,#11720,#11721,#11722,#11723,#11724,#11725,#11726,#11727,
    #11728,#11729,#11730,#11731,#11732,#11733),.UNSPECIFIED.,.F.,.F.,(4,
    1,1,1,1,1,1,1,1,1,1,1,1,1,1,1,4),(0.,6.523080374203E-02,
    0.128404896003,0.190067071596,0.250943365768,0.311545832852,
    0.372862802157,0.435023673856,0.499071724707,0.56309107505,
    0.62551010633,0.68668003593,0.747282503014,0.808563495216,
    0.870742103516,0.934340951506,1.),.UNSPECIFIED.);
#11715 = CARTESIAN_POINT('',(-0.119152454562,0.56,-4.067291180216E-02));
#11716 = CARTESIAN_POINT('',(-0.115595204929,0.56,-4.057730063258E-02));
#11717 = CARTESIAN_POINT('',(-0.108592864883,0.56,-4.03890928905E-02));
#11718 = CARTESIAN_POINT('',(-9.831218466586E-02,0.56,
    -3.894070782132E-02));
#11719 = CARTESIAN_POINT('',(-8.843329106854E-02,0.56,
    -3.665819662896E-02));
#11720 = CARTESIAN_POINT('',(-7.8997129843E-02,0.56,-3.333097103413E-02)
  );
#11721 = CARTESIAN_POINT('',(-6.996983165704E-02,0.56,
    -2.908073559791E-02));
#11722 = CARTESIAN_POINT('',(-6.129959204619E-02,0.56,
    -2.398684856986E-02));
#11723 = CARTESIAN_POINT('',(-5.314939103557E-02,0.56,
    -1.778628053418E-02));
#11724 = CARTESIAN_POINT('',(-4.541427311438E-02,0.56,
    -1.085978495579E-02));
#11725 = CARTESIAN_POINT('',(-3.839156337508E-02,0.56,-3.18808650628E-03
    ));
#11726 = CARTESIAN_POINT('',(-3.217395781933E-02,0.56,4.952047164325E-03
    ));
#11727 = CARTESIAN_POINT('',(-2.695127864592E-02,0.56,1.355213526414E-02
    ));
#11728 = CARTESIAN_POINT('',(-2.271388648446E-02,0.56,2.260782185748E-02
    ));
#11729 = CARTESIAN_POINT('',(-1.942339862467E-02,0.56,3.210514781353E-02
    ));
#11730 = CARTESIAN_POINT('',(-1.702463412031E-02,0.56,4.203196176237E-02
    ));
#11731 = CARTESIAN_POINT('',(-1.560667483833E-02,0.56,5.239510890838E-02
    ));
#11732 = CARTESIAN_POINT('',(-1.541412576682E-02,0.56,5.9442926435E-02)
  );
#11733 = CARTESIAN_POINT('',(-1.531631674185E-02,0.56,6.302300165938E-02
    ));
#11734 = ORIENTED_EDGE('',*,*,#11735,.F.);
#11735 = EDGE_CURVE('',#11736,#11712,#11738,.T.);
#11736 = VERTEX_POINT('',#11737);
#11737 = CARTESIAN_POINT('',(-0.155400451357,0.56,-3.730752718677E-02));
#11738 = B_SPLINE_CURVE_WITH_KNOTS('',3,(#11739,#11740,#11741,#11742,
    #11743),.UNSPECIFIED.,.F.,.F.,(4,1,4),(0.,0.512659336342,1.),
  .UNSPECIFIED.);
#11739 = CARTESIAN_POINT('',(-0.155400451357,0.56,-3.730752718677E-02));
#11740 = CARTESIAN_POINT('',(-0.149243423659,0.56,-3.828891325213E-02));
#11741 = CARTESIAN_POINT('',(-0.137233444981,0.56,-4.020321773425E-02));
#11742 = CARTESIAN_POINT('',(-0.125076855129,0.56,-4.05190122791E-02));
#11743 = CARTESIAN_POINT('',(-0.119152454562,0.56,-4.067291180216E-02));
#11744 = ORIENTED_EDGE('',*,*,#11745,.F.);
#11745 = EDGE_CURVE('',#11746,#11736,#11748,.T.);
#11746 = VERTEX_POINT('',#11747);
#11747 = CARTESIAN_POINT('',(-6.292248661365E-02,0.56,-0.178723793212));
#11748 = LINE('',#11749,#11750);
#11749 = CARTESIAN_POINT('',(-6.292248661365E-02,0.56,-0.178723793212));
#11750 = VECTOR('',#11751,1.);
#11751 = DIRECTION('',(-0.547305260354,0.,0.836933063028));
#11752 = ORIENTED_EDGE('',*,*,#11753,.F.);
#11753 = EDGE_CURVE('',#11644,#11746,#11754,.T.);
#11754 = LINE('',#11755,#11756);
#11755 = CARTESIAN_POINT('',(-8.711118853673E-02,0.56,-0.197724193853));
#11756 = VECTOR('',#11757,1.);
#11757 = DIRECTION('',(0.786397428723,0.,0.617720878794));
#11758 = FACE_BOUND('',#11759,.T.);
#11759 = EDGE_LOOP('',(#11760,#11786,#11810,#11834));
#11760 = ORIENTED_EDGE('',*,*,#11761,.F.);
#11761 = EDGE_CURVE('',#11762,#11764,#11766,.T.);
#11762 = VERTEX_POINT('',#11763);
#11763 = CARTESIAN_POINT('',(-0.125742999434,0.56,-4.775475904722E-03));
#11764 = VERTEX_POINT('',#11765);
#11765 = CARTESIAN_POINT('',(-0.199290675716,0.56,6.491603050553E-02));
#11766 = B_SPLINE_CURVE_WITH_KNOTS('',3,(#11767,#11768,#11769,#11770,
    #11771,#11772,#11773,#11774,#11775,#11776,#11777,#11778,#11779,
    #11780,#11781,#11782,#11783,#11784,#11785),.UNSPECIFIED.,.F.,.F.,(4,
    1,1,1,1,1,1,1,1,1,1,1,1,1,1,1,4),(0.,7.059928943359E-02,
    0.137900921004,0.20319619781,0.26678972465,0.329106387221,
    0.390653545235,0.452653056934,0.5157480403,0.5779263408,
    0.638930011618,0.698350717642,0.757296037444,0.81639376735,
    0.876266909614,0.936817108906,1.),.UNSPECIFIED.);
#11767 = CARTESIAN_POINT('',(-0.125742999434,0.56,-4.775475904722E-03));
#11768 = CARTESIAN_POINT('',(-0.128409223917,0.56,-4.697671536463E-03));
#11769 = CARTESIAN_POINT('',(-0.133617134858,0.56,-4.545697003474E-03));
#11770 = CARTESIAN_POINT('',(-0.14125787633,0.56,-3.663171810976E-03));
#11771 = CARTESIAN_POINT('',(-0.148489201475,0.56,-2.001265252898E-03));
#11772 = CARTESIAN_POINT('',(-0.15540691484,0.56,1.153679433595E-04));
#11773 = CARTESIAN_POINT('',(-0.16188168513,0.56,3.025673914924E-03));
#11774 = CARTESIAN_POINT('',(-0.167960569115,0.56,6.560853810438E-03));
#11775 = CARTESIAN_POINT('',(-0.173667074304,0.56,1.072297162511E-02));
#11776 = CARTESIAN_POINT('',(-0.178941429477,0.56,1.545306273547E-02));
#11777 = CARTESIAN_POINT('',(-0.183723395812,0.56,2.063186603418E-02));
#11778 = CARTESIAN_POINT('',(-0.187841508889,0.56,2.617881825178E-02));
#11779 = CARTESIAN_POINT('',(-0.191393748898,0.56,3.196023856236E-02));
#11780 = CARTESIAN_POINT('',(-0.194281930786,0.56,3.802443278205E-02));
#11781 = CARTESIAN_POINT('',(-0.196530938363,0.56,4.4369082741E-02));
#11782 = CARTESIAN_POINT('',(-0.19815776345,0.56,5.096500767918E-02));
#11783 = CARTESIAN_POINT('',(-0.199063138572,0.56,5.78564382918E-02));
#11784 = CARTESIAN_POINT('',(-0.199213761723,0.56,6.252968856475E-02));
#11785 = CARTESIAN_POINT('',(-0.199290675716,0.56,6.491603050553E-02));
#11786 = ORIENTED_EDGE('',*,*,#11787,.F.);
#11787 = EDGE_CURVE('',#11788,#11762,#11790,.T.);
#11788 = VERTEX_POINT('',#11789);
#11789 = CARTESIAN_POINT('',(-4.672657315211E-02,0.56,6.491603050553E-02
    ));
#11790 = B_SPLINE_CURVE_WITH_KNOTS('',3,(#11791,#11792,#11793,#11794,
    #11795,#11796,#11797,#11798,#11799,#11800,#11801,#11802,#11803,
    #11804,#11805,#11806,#11807,#11808,#11809),.UNSPECIFIED.,.F.,.F.,(4,
    1,1,1,1,1,1,1,1,1,1,1,1,1,1,1,4),(0.,6.113791491562E-02,
    0.119993843851,0.178225321508,0.236256420262,0.294929376955,
    0.35471574881,0.416729663924,0.480664408471,0.545831770211,
    0.609758105426,0.672971228474,0.736016869168,0.799839398192,
    0.864775356666,0.931087623273,1.),.UNSPECIFIED.);
#11791 = CARTESIAN_POINT('',(-4.672657315211E-02,0.56,6.491603050553E-02
    ));
#11792 = CARTESIAN_POINT('',(-4.678160245161E-02,0.56,6.252657541381E-02
    ));
#11793 = CARTESIAN_POINT('',(-4.688960707003E-02,0.56,5.783685216169E-02
    ));
#11794 = CARTESIAN_POINT('',(-4.811120192819E-02,0.56,5.096809033808E-02
    ));
#11795 = CARTESIAN_POINT('',(-4.980543931421E-02,0.56,4.433556971592E-02
    ));
#11796 = CARTESIAN_POINT('',(-5.236374238518E-02,0.56,3.798097481259E-02
    ));
#11797 = CARTESIAN_POINT('',(-5.568739685922E-02,0.56,3.192938208853E-02
    ));
#11798 = CARTESIAN_POINT('',(-5.97357375623E-02,0.56,2.615022199688E-02)
  );
#11799 = CARTESIAN_POINT('',(-6.441899459334E-02,0.56,2.059918726654E-02
    ));
#11800 = CARTESIAN_POINT('',(-6.982874855266E-02,0.56,1.544290642903E-02
    ));
#11801 = CARTESIAN_POINT('',(-7.571777194776E-02,0.56,1.072819863532E-02
    ));
#11802 = CARTESIAN_POINT('',(-8.197933048506E-02,0.56,6.566242995512E-03
    ));
#11803 = CARTESIAN_POINT('',(-8.85301278549E-02,0.56,3.05374532848E-03)
  );
#11804 = CARTESIAN_POINT('',(-9.536352209922E-02,0.56,1.230351018118E-04
    ));
#11805 = CARTESIAN_POINT('',(-0.102557810364,0.56,-1.991912311346E-03));
#11806 = CARTESIAN_POINT('',(-0.109996844283,0.56,-3.657236618179E-03));
#11807 = CARTESIAN_POINT('',(-0.117775768547,0.56,-4.543438390761E-03));
#11808 = CARTESIAN_POINT('',(-0.123053429379,0.56,-4.697144906395E-03));
#11809 = CARTESIAN_POINT('',(-0.125742999434,0.56,-4.775475904722E-03));
#11810 = ORIENTED_EDGE('',*,*,#11811,.F.);
#11811 = EDGE_CURVE('',#11812,#11788,#11814,.T.);
#11812 = VERTEX_POINT('',#11813);
#11813 = CARTESIAN_POINT('',(-0.123008624434,0.56,0.134327088198));
#11814 = B_SPLINE_CURVE_WITH_KNOTS('',3,(#11815,#11816,#11817,#11818,
    #11819,#11820,#11821,#11822,#11823,#11824,#11825,#11826,#11827,
    #11828,#11829,#11830,#11831,#11832,#11833),.UNSPECIFIED.,.F.,.F.,(4,
    1,1,1,1,1,1,1,1,1,1,1,1,1,1,1,4),(0.,6.796237149446E-02,
    0.133283402868,0.197835297757,0.260891986531,0.323376504483,
    0.386350075469,0.449637731052,0.514795326978,0.579239913241,
    0.641814177758,0.701358564786,0.760726765986,0.819222067924,
    0.878716169385,0.938147354053,1.),.UNSPECIFIED.);
#11815 = CARTESIAN_POINT('',(-0.123008624434,0.56,0.134327088198));
#11816 = CARTESIAN_POINT('',(-0.120412074583,0.56,0.134250178058));
#11817 = CARTESIAN_POINT('',(-0.115319889123,0.56,0.134099346873));
#11818 = CARTESIAN_POINT('',(-0.1078025431,0.56,0.133191379989));
#11819 = CARTESIAN_POINT('',(-0.100594711236,0.56,0.131584915195));
#11820 = CARTESIAN_POINT('',(-9.369006037673E-02,0.56,0.129303638169));
#11821 = CARTESIAN_POINT('',(-8.703591727014E-02,0.56,0.12651827721));
#11822 = CARTESIAN_POINT('',(-8.072544511912E-02,0.56,0.122995085236));
#11823 = CARTESIAN_POINT('',(-7.472263576459E-02,0.56,0.118799473461));
#11824 = CARTESIAN_POINT('',(-6.904657580986E-02,0.56,0.114087430638));
#11825 = CARTESIAN_POINT('',(-6.378318197595E-02,0.56,0.108950145443));
#11826 = CARTESIAN_POINT('',(-5.925545408874E-02,0.56,0.1034271732));
#11827 = CARTESIAN_POINT('',(-5.538713076463E-02,0.56,9.765778366771E-02
    ));
#11828 = CARTESIAN_POINT('',(-5.224371205784E-02,0.56,9.163799467958E-02
    ));
#11829 = CARTESIAN_POINT('',(-4.973758292609E-02,0.56,8.532504591604E-02
    ));
#11830 = CARTESIAN_POINT('',(-4.802543620699E-02,0.56,7.875337352415E-02
    ));
#11831 = CARTESIAN_POINT('',(-4.691250731458E-02,0.56,7.191817092766E-02
    ));
#11832 = CARTESIAN_POINT('',(-4.678937069052E-02,0.56,6.728093847215E-02
    ));
#11833 = CARTESIAN_POINT('',(-4.672657315211E-02,0.56,6.491603050553E-02
    ));
#11834 = ORIENTED_EDGE('',*,*,#11835,.F.);
#11835 = EDGE_CURVE('',#11764,#11812,#11836,.T.);
#11836 = B_SPLINE_CURVE_WITH_KNOTS('',3,(#11837,#11838,#11839,#11840,
    #11841,#11842,#11843,#11844,#11845,#11846,#11847,#11848,#11849,
    #11850,#11851,#11852,#11853,#11854,#11855),.UNSPECIFIED.,.F.,.F.,(4,
    1,1,1,1,1,1,1,1,1,1,1,1,1,1,1,4),(0.,6.184170298391E-02,
    0.121262373094,0.180745948865,0.239230901822,0.298307558788,
    0.358182797616,0.42035923078,0.484792415514,0.549938483767,
    0.61371827754,0.67668070725,0.739154170448,0.80219970324,
    0.866740177616,0.9320496524,1.),.UNSPECIFIED.);
#11837 = CARTESIAN_POINT('',(-0.199290675716,0.56,6.491603050553E-02));
#11838 = CARTESIAN_POINT('',(-0.199228039568,0.56,6.728102849383E-02));
#11839 = CARTESIAN_POINT('',(-0.199105219407,0.56,7.191843746848E-02));
#11840 = CARTESIAN_POINT('',(-0.19798998742,0.56,7.875235542542E-02));
#11841 = CARTESIAN_POINT('',(-0.196286479187,0.56,8.532884626567E-02));
#11842 = CARTESIAN_POINT('',(-0.193752439601,0.56,9.161400614408E-02));
#11843 = CARTESIAN_POINT('',(-0.190729750785,0.56,9.770363794731E-02));
#11844 = CARTESIAN_POINT('',(-0.186739218366,0.56,0.103377166494));
#11845 = CARTESIAN_POINT('',(-0.182317539783,0.56,0.108979173504));
#11846 = CARTESIAN_POINT('',(-0.177032146438,0.56,0.114079320646));
#11847 = CARTESIAN_POINT('',(-0.17135981014,0.56,0.118824983064));
#11848 = CARTESIAN_POINT('',(-0.165299689889,0.56,0.122973008416));
#11849 = CARTESIAN_POINT('',(-0.158983693904,0.56,0.126521625756));
#11850 = CARTESIAN_POINT('',(-0.152326551696,0.56,0.129302735517));
#11851 = CARTESIAN_POINT('',(-0.145422713299,0.56,0.131585164202));
#11852 = CARTESIAN_POINT('',(-0.138214657895,0.56,0.133191312128));
#11853 = CARTESIAN_POINT('',(-0.130697372342,0.56,0.134099364728));
#11854 = CARTESIAN_POINT('',(-0.12560517854,0.56,0.134250184088));
#11855 = CARTESIAN_POINT('',(-0.123008624434,0.56,0.134327088198));
#11856 = PLANE('',#11857);
#11857 = AXIS2_PLACEMENT_3D('',#11858,#11859,#11860);
#11858 = CARTESIAN_POINT('',(-0.137349735632,0.56,-3.978922461368E-02));
#11859 = DIRECTION('',(1.065517730216E-14,1.,6.68485360611E-14));
#11860 = DIRECTION('',(0.,-6.68485360611E-14,1.));
#11861 = ADVANCED_FACE('',(#11862),#11878,.T.);
#11862 = FACE_BOUND('',#11863,.T.);
#11863 = EDGE_LOOP('',(#11864,#11865,#11871,#11872));
#11864 = ORIENTED_EDGE('',*,*,#10520,.F.);
#11865 = ORIENTED_EDGE('',*,*,#11866,.F.);
#11866 = EDGE_CURVE('',#11642,#10501,#11867,.T.);
#11867 = LINE('',#11868,#11869);
#11868 = CARTESIAN_POINT('',(-0.191578335973,0.56,-3.800864898165E-02));
#11869 = VECTOR('',#11870,1.);
#11870 = DIRECTION('',(-3.761581922631E-31,-1.,-9.429630734102E-47));
#11871 = ORIENTED_EDGE('',*,*,#11641,.T.);
#11872 = ORIENTED_EDGE('',*,*,#11873,.T.);
#11873 = EDGE_CURVE('',#11644,#10521,#11874,.T.);
#11874 = LINE('',#11875,#11876);
#11875 = CARTESIAN_POINT('',(-8.711118853673E-02,0.56,-0.197724193853));
#11876 = VECTOR('',#11877,1.);
#11877 = DIRECTION('',(-3.761581922631E-31,-1.,-9.429630734102E-47));
#11878 = PLANE('',#11879);
#11879 = AXIS2_PLACEMENT_3D('',#11880,#11881,#11882);
#11880 = CARTESIAN_POINT('',(-0.191578335973,0.56,-3.800864898165E-02));
#11881 = DIRECTION('',(-0.836878996161,3.147988903389E-31,
    -0.547387929886));
#11882 = DIRECTION('',(-0.547387929886,0.,0.836878996161));
#11883 = ADVANCED_FACE('',(#11884),#11895,.T.);
#11884 = FACE_BOUND('',#11885,.T.);
#11885 = EDGE_LOOP('',(#11886,#11887,#11893,#11894));
#11886 = ORIENTED_EDGE('',*,*,#10498,.F.);
#11887 = ORIENTED_EDGE('',*,*,#11888,.F.);
#11888 = EDGE_CURVE('',#11652,#10499,#11889,.T.);
#11889 = LINE('',#11890,#11891);
#11890 = CARTESIAN_POINT('',(-0.230700932126,0.56,6.365401127476E-02));
#11891 = VECTOR('',#11892,1.);
#11892 = DIRECTION('',(-3.761581922631E-31,-1.,-9.429630734102E-47));
#11893 = ORIENTED_EDGE('',*,*,#11651,.T.);
#11894 = ORIENTED_EDGE('',*,*,#11866,.T.);
#11895 = B_SPLINE_SURFACE_WITH_KNOTS('',3,1,(
    (#11896,#11897)
    ,(#11898,#11899)
    ,(#11900,#11901)
    ,(#11902,#11903)
    ,(#11904,#11905)
    ,(#11906,#11907)
    ,(#11908,#11909)
    ,(#11910,#11911)
    ,(#11912,#11913)
    ,(#11914,#11915)
    ,(#11916,#11917)
    ,(#11918,#11919)
    ,(#11920,#11921)
    ,(#11922,#11923)
    ,(#11924,#11925
    )),.UNSPECIFIED.,.F.,.F.,.F.,(4,1,1,1,1,1,1,1,1,1,1,1,4),(2,2),(0.,
    9.781818961471E-02,0.199726053402,0.305276357478,0.415811490538,
    0.474472231144,0.537273879776,0.60365742056,0.67429886309,
    0.749834485316,0.828598476757,0.912377778158,1.),(0.,1.),
  .UNSPECIFIED.);
#11896 = CARTESIAN_POINT('',(-0.230700932126,0.56,6.365401127476E-02));
#11897 = CARTESIAN_POINT('',(-0.230700932126,0.55,6.365401127476E-02));
#11898 = CARTESIAN_POINT('',(-0.230582787626,0.56,6.004955295378E-02));
#11899 = CARTESIAN_POINT('',(-0.230582787626,0.55,6.004955295378E-02));
#11900 = CARTESIAN_POINT('',(-0.230341559129,0.56,5.268993775401E-02));
#11901 = CARTESIAN_POINT('',(-0.230341559129,0.55,5.268993775401E-02));
#11902 = CARTESIAN_POINT('',(-0.228657220095,0.56,4.154353495966E-02));
#11903 = CARTESIAN_POINT('',(-0.228657220095,0.55,4.154353495966E-02));
#11904 = CARTESIAN_POINT('',(-0.225950740617,0.56,3.0138426787E-02));
#11905 = CARTESIAN_POINT('',(-0.225950740617,0.55,3.0138426787E-02));
#11906 = CARTESIAN_POINT('',(-0.222919715982,0.56,2.046300742738E-02));
#11907 = CARTESIAN_POINT('',(-0.222919715982,0.55,2.046300742738E-02));
#11908 = CARTESIAN_POINT('',(-0.219717154977,0.56,1.253685523142E-02));
#11909 = CARTESIAN_POINT('',(-0.219717154977,0.55,1.253685523142E-02));
#11910 = CARTESIAN_POINT('',(-0.217051901018,0.56,6.146506168995E-03));
#11911 = CARTESIAN_POINT('',(-0.217051901018,0.55,6.146506168995E-03));
#11912 = CARTESIAN_POINT('',(-0.213734501414,0.56,-4.296011544768E-04));
#11913 = CARTESIAN_POINT('',(-0.213734501414,0.55,-4.296011544768E-04));
#11914 = CARTESIAN_POINT('',(-0.210197163295,0.56,-7.416964752513E-03));
#11915 = CARTESIAN_POINT('',(-0.210197163295,0.55,-7.416964752513E-03));
#11916 = CARTESIAN_POINT('',(-0.206121476403,0.56,-1.463550802137E-02));
#11917 = CARTESIAN_POINT('',(-0.206121476403,0.55,-1.463550802137E-02));
#11918 = CARTESIAN_POINT('',(-0.201689911464,0.56,-2.22058749675E-02));
#11919 = CARTESIAN_POINT('',(-0.201689911464,0.55,-2.22058749675E-02));
#11920 = CARTESIAN_POINT('',(-0.196779946374,0.56,-3.00076677337E-02));
#11921 = CARTESIAN_POINT('',(-0.196779946374,0.55,-3.00076677337E-02));
#11922 = CARTESIAN_POINT('',(-0.193337930099,0.56,-3.530208725838E-02));
#11923 = CARTESIAN_POINT('',(-0.193337930099,0.55,-3.530208725838E-02));
#11924 = CARTESIAN_POINT('',(-0.191578335973,0.56,-3.800864898165E-02));
#11925 = CARTESIAN_POINT('',(-0.191578335973,0.55,-3.800864898165E-02));
#11926 = ADVANCED_FACE('',(#11927),#11938,.T.);
#11927 = FACE_BOUND('',#11928,.T.);
#11928 = EDGE_LOOP('',(#11929,#11930,#11936,#11937));
#11929 = ORIENTED_EDGE('',*,*,#10598,.F.);
#11930 = ORIENTED_EDGE('',*,*,#11931,.F.);
#11931 = EDGE_CURVE('',#11672,#10579,#11932,.T.);
#11932 = LINE('',#11933,#11934);
#11933 = CARTESIAN_POINT('',(-0.124691316742,0.56,0.170224524095));
#11934 = VECTOR('',#11935,1.);
#11935 = DIRECTION('',(-3.761581922631E-31,-1.,-9.429630734102E-47));
#11936 = ORIENTED_EDGE('',*,*,#11671,.T.);
#11937 = ORIENTED_EDGE('',*,*,#11888,.T.);
#11938 = B_SPLINE_SURFACE_WITH_KNOTS('',3,1,(
    (#11939,#11940)
    ,(#11941,#11942)
    ,(#11943,#11944)
    ,(#11945,#11946)
    ,(#11947,#11948)
    ,(#11949,#11950)
    ,(#11951,#11952)
    ,(#11953,#11954)
    ,(#11955,#11956)
    ,(#11957,#11958)
    ,(#11959,#11960)
    ,(#11961,#11962)
    ,(#11963,#11964)
    ,(#11965,#11966)
    ,(#11967,#11968
    )),.UNSPECIFIED.,.F.,.F.,.F.,(4,1,1,1,1,1,1,1,1,1,1,1,4),(2,2),(0.,
    8.433472199263E-02,0.167052318416,0.249566077241,0.332740481802,
    0.415914886363,0.49782800954,0.580372588608,0.664600121057,
    0.749466693113,0.83251023394,0.915639281668,1.),(0.,1.),
  .UNSPECIFIED.);
#11939 = CARTESIAN_POINT('',(-0.124691316742,0.56,0.170224524095));
#11940 = CARTESIAN_POINT('',(-0.124691316742,0.55,0.170224524095));
#11941 = CARTESIAN_POINT('',(-0.129400986807,0.56,0.170071703521));
#11942 = CARTESIAN_POINT('',(-0.129400986807,0.55,0.170071703521));
#11943 = CARTESIAN_POINT('',(-0.138730018608,0.56,0.16976899272));
#11944 = CARTESIAN_POINT('',(-0.138730018608,0.55,0.16976899272));
#11945 = CARTESIAN_POINT('',(-0.152453298032,0.56,0.167072398932));
#11946 = CARTESIAN_POINT('',(-0.152453298032,0.55,0.167072398932));
#11947 = CARTESIAN_POINT('',(-0.165639599766,0.56,0.162701688656));
#11948 = CARTESIAN_POINT('',(-0.165639599766,0.55,0.162701688656));
#11949 = CARTESIAN_POINT('',(-0.178196537857,0.56,0.156680260801));
#11950 = CARTESIAN_POINT('',(-0.178196537857,0.55,0.156680260801));
#11951 = CARTESIAN_POINT('',(-0.189828599149,0.56,0.149074472506));
#11952 = CARTESIAN_POINT('',(-0.189828599149,0.55,0.149074472506));
#11953 = CARTESIAN_POINT('',(-0.200235162793,0.56,0.139918244593));
#11954 = CARTESIAN_POINT('',(-0.200235162793,0.55,0.139918244593));
#11955 = CARTESIAN_POINT('',(-0.209364340248,0.56,0.129407298086));
#11956 = CARTESIAN_POINT('',(-0.209364340248,0.55,0.129407298086));
#11957 = CARTESIAN_POINT('',(-0.216961802342,0.56,0.117543263358));
#11958 = CARTESIAN_POINT('',(-0.216961802342,0.55,0.117543263358));
#11959 = CARTESIAN_POINT('',(-0.222987675536,0.56,0.104794267608));
#11960 = CARTESIAN_POINT('',(-0.222987675536,0.55,0.104794267608));
#11961 = CARTESIAN_POINT('',(-0.227506668048,0.56,9.150055196899E-02));
#11962 = CARTESIAN_POINT('',(-0.227506668048,0.55,9.150055196899E-02));
#11963 = CARTESIAN_POINT('',(-0.230146292371,0.56,7.771055379641E-02));
#11964 = CARTESIAN_POINT('',(-0.230146292371,0.55,7.771055379641E-02));
#11965 = CARTESIAN_POINT('',(-0.230515148056,0.56,6.836243987776E-02));
#11966 = CARTESIAN_POINT('',(-0.230515148056,0.55,6.836243987776E-02));
#11967 = CARTESIAN_POINT('',(-0.230700932126,0.56,6.365401127476E-02));
#11968 = CARTESIAN_POINT('',(-0.230700932126,0.55,6.365401127476E-02));
#11969 = ADVANCED_FACE('',(#11970),#11981,.T.);
#11970 = FACE_BOUND('',#11971,.T.);
#11971 = EDGE_LOOP('',(#11972,#11973,#11979,#11980));
#11972 = ORIENTED_EDGE('',*,*,#10578,.F.);
#11973 = ORIENTED_EDGE('',*,*,#11974,.F.);
#11974 = EDGE_CURVE('',#11692,#10555,#11975,.T.);
#11975 = LINE('',#11976,#11977);
#11976 = CARTESIAN_POINT('',(-1.531631674185E-02,0.56,6.302300165938E-02
    ));
#11977 = VECTOR('',#11978,1.);
#11978 = DIRECTION('',(-3.761581922631E-31,-1.,-9.429630734102E-47));
#11979 = ORIENTED_EDGE('',*,*,#11691,.T.);
#11980 = ORIENTED_EDGE('',*,*,#11931,.T.);
#11981 = B_SPLINE_SURFACE_WITH_KNOTS('',3,1,(
    (#11982,#11983)
    ,(#11984,#11985)
    ,(#11986,#11987)
    ,(#11988,#11989)
    ,(#11990,#11991)
    ,(#11992,#11993)
    ,(#11994,#11995)
    ,(#11996,#11997)
    ,(#11998,#11999)
    ,(#12000,#12001)
    ,(#12002,#12003)
    ,(#12004,#12005)
    ,(#12006,#12007)
    ,(#12008,#12009)
    ,(#12010,#12011
    )),.UNSPECIFIED.,.F.,.F.,.F.,(4,1,1,1,1,1,1,1,1,1,1,1,4),(2,2),(0.,
    8.594794314413E-02,0.169125211881,0.250399107186,0.332289736139,
    0.413364287916,0.494172283371,0.576021735387,0.660756969254,
    0.745783125914,0.830043592975,0.914027545821,1.),(0.,1.),
  .UNSPECIFIED.);
#11982 = CARTESIAN_POINT('',(-1.531631674185E-02,0.56,6.302300165938E-02
    ));
#11983 = CARTESIAN_POINT('',(-1.531631674185E-02,0.55,6.302300165938E-02
    ));
#11984 = CARTESIAN_POINT('',(-1.545862723027E-02,0.56,6.792097205406E-02
    ));
#11985 = CARTESIAN_POINT('',(-1.545862723027E-02,0.55,6.792097205406E-02
    ));
#11986 = CARTESIAN_POINT('',(-1.573866059264E-02,0.56,7.755901864928E-02
    ));
#11987 = CARTESIAN_POINT('',(-1.573866059264E-02,0.55,7.755901864928E-02
    ));
#11988 = CARTESIAN_POINT('',(-1.852904019471E-02,0.56,9.159668928973E-02
    ));
#11989 = CARTESIAN_POINT('',(-1.852904019471E-02,0.55,9.159668928973E-02
    ));
#11990 = CARTESIAN_POINT('',(-2.286500467024E-02,0.56,0.104969940843));
#11991 = CARTESIAN_POINT('',(-2.286500467024E-02,0.55,0.104969940843));
#11992 = CARTESIAN_POINT('',(-2.906275751055E-02,0.56,0.11746525798));
#11993 = CARTESIAN_POINT('',(-2.906275751055E-02,0.55,0.11746525798));
#11994 = CARTESIAN_POINT('',(-3.676099580893E-02,0.56,0.129065514938));
#11995 = CARTESIAN_POINT('',(-3.676099580893E-02,0.55,0.129065514938));
#11996 = CARTESIAN_POINT('',(-4.614875507571E-02,0.56,0.13934406148));
#11997 = CARTESIAN_POINT('',(-4.614875507571E-02,0.55,0.13934406148));
#11998 = CARTESIAN_POINT('',(-5.689310390911E-02,0.56,0.148511065212));
#11999 = CARTESIAN_POINT('',(-5.689310390911E-02,0.55,0.148511065212));
#12000 = CARTESIAN_POINT('',(-6.904178372711E-02,0.56,0.156176727132));
#12001 = CARTESIAN_POINT('',(-6.904178372711E-02,0.55,0.156176727132));
#12002 = CARTESIAN_POINT('',(-8.211608013875E-02,0.56,0.162437032234));
#12003 = CARTESIAN_POINT('',(-8.211608013875E-02,0.55,0.162437032234));
#12004 = CARTESIAN_POINT('',(-9.585127988018E-02,0.56,0.166933556442));
#12005 = CARTESIAN_POINT('',(-9.585127988018E-02,0.55,0.166933556442));
#12006 = CARTESIAN_POINT('',(-0.110113994514,0.56,0.169701903381));
#12007 = CARTESIAN_POINT('',(-0.110113994514,0.55,0.169701903381));
#12008 = CARTESIAN_POINT('',(-0.11979445532,0.56,0.170048963648));
#12009 = CARTESIAN_POINT('',(-0.11979445532,0.55,0.170048963648));
#12010 = CARTESIAN_POINT('',(-0.124691316742,0.56,0.170224524095));
#12011 = CARTESIAN_POINT('',(-0.124691316742,0.55,0.170224524095));
#12012 = ADVANCED_FACE('',(#12013),#12024,.T.);
#12013 = FACE_BOUND('',#12014,.T.);
#12014 = EDGE_LOOP('',(#12015,#12016,#12022,#12023));
#12015 = ORIENTED_EDGE('',*,*,#10554,.F.);
#12016 = ORIENTED_EDGE('',*,*,#12017,.F.);
#12017 = EDGE_CURVE('',#11712,#10545,#12018,.T.);
#12018 = LINE('',#12019,#12020);
#12019 = CARTESIAN_POINT('',(-0.119152454562,0.56,-4.067291180216E-02));
#12020 = VECTOR('',#12021,1.);
#12021 = DIRECTION('',(-3.761581922631E-31,-1.,-9.429630734102E-47));
#12022 = ORIENTED_EDGE('',*,*,#11711,.T.);
#12023 = ORIENTED_EDGE('',*,*,#11974,.T.);
#12024 = B_SPLINE_SURFACE_WITH_KNOTS('',3,1,(
    (#12025,#12026)
    ,(#12027,#12028)
    ,(#12029,#12030)
    ,(#12031,#12032)
    ,(#12033,#12034)
    ,(#12035,#12036)
    ,(#12037,#12038)
    ,(#12039,#12040)
    ,(#12041,#12042)
    ,(#12043,#12044)
    ,(#12045,#12046)
    ,(#12047,#12048)
    ,(#12049,#12050)
    ,(#12051,#12052)
    ,(#12053,#12054)
    ,(#12055,#12056)
    ,(#12057,#12058)
    ,(#12059,#12060)
    ,(#12061,#12062
    )),.UNSPECIFIED.,.F.,.F.,.F.,(4,1,1,1,1,1,1,1,1,1,1,1,1,1,1,1,4),(2,
    2),(0.,6.523080374203E-02,0.128404896003,0.190067071596,
    0.250943365768,0.311545832852,0.372862802157,0.435023673856,
    0.499071724707,0.56309107505,0.62551010633,0.68668003593,
    0.747282503014,0.808563495216,0.870742103516,0.934340951506,1.),(0.,
    1.),.UNSPECIFIED.);
#12025 = CARTESIAN_POINT('',(-0.119152454562,0.56,-4.067291180216E-02));
#12026 = CARTESIAN_POINT('',(-0.119152454562,0.55,-4.067291180216E-02));
#12027 = CARTESIAN_POINT('',(-0.115595204929,0.56,-4.057730063258E-02));
#12028 = CARTESIAN_POINT('',(-0.115595204929,0.55,-4.057730063258E-02));
#12029 = CARTESIAN_POINT('',(-0.108592864883,0.56,-4.03890928905E-02));
#12030 = CARTESIAN_POINT('',(-0.108592864883,0.55,-4.03890928905E-02));
#12031 = CARTESIAN_POINT('',(-9.831218466586E-02,0.56,
    -3.894070782132E-02));
#12032 = CARTESIAN_POINT('',(-9.831218466586E-02,0.55,
    -3.894070782132E-02));
#12033 = CARTESIAN_POINT('',(-8.843329106854E-02,0.56,
    -3.665819662896E-02));
#12034 = CARTESIAN_POINT('',(-8.843329106854E-02,0.55,
    -3.665819662896E-02));
#12035 = CARTESIAN_POINT('',(-7.8997129843E-02,0.56,-3.333097103413E-02)
  );
#12036 = CARTESIAN_POINT('',(-7.8997129843E-02,0.55,-3.333097103413E-02)
  );
#12037 = CARTESIAN_POINT('',(-6.996983165704E-02,0.56,
    -2.908073559791E-02));
#12038 = CARTESIAN_POINT('',(-6.996983165704E-02,0.55,
    -2.908073559791E-02));
#12039 = CARTESIAN_POINT('',(-6.129959204619E-02,0.56,
    -2.398684856986E-02));
#12040 = CARTESIAN_POINT('',(-6.129959204619E-02,0.55,
    -2.398684856986E-02));
#12041 = CARTESIAN_POINT('',(-5.314939103557E-02,0.56,
    -1.778628053418E-02));
#12042 = CARTESIAN_POINT('',(-5.314939103557E-02,0.55,
    -1.778628053418E-02));
#12043 = CARTESIAN_POINT('',(-4.541427311438E-02,0.56,
    -1.085978495579E-02));
#12044 = CARTESIAN_POINT('',(-4.541427311438E-02,0.55,
    -1.085978495579E-02));
#12045 = CARTESIAN_POINT('',(-3.839156337508E-02,0.56,-3.18808650628E-03
    ));
#12046 = CARTESIAN_POINT('',(-3.839156337508E-02,0.55,-3.18808650628E-03
    ));
#12047 = CARTESIAN_POINT('',(-3.217395781933E-02,0.56,4.952047164325E-03
    ));
#12048 = CARTESIAN_POINT('',(-3.217395781933E-02,0.55,4.952047164325E-03
    ));
#12049 = CARTESIAN_POINT('',(-2.695127864592E-02,0.56,1.355213526414E-02
    ));
#12050 = CARTESIAN_POINT('',(-2.695127864592E-02,0.55,1.355213526414E-02
    ));
#12051 = CARTESIAN_POINT('',(-2.271388648446E-02,0.56,2.260782185748E-02
    ));
#12052 = CARTESIAN_POINT('',(-2.271388648446E-02,0.55,2.260782185748E-02
    ));
#12053 = CARTESIAN_POINT('',(-1.942339862467E-02,0.56,3.210514781353E-02
    ));
#12054 = CARTESIAN_POINT('',(-1.942339862467E-02,0.55,3.210514781353E-02
    ));
#12055 = CARTESIAN_POINT('',(-1.702463412031E-02,0.56,4.203196176237E-02
    ));
#12056 = CARTESIAN_POINT('',(-1.702463412031E-02,0.55,4.203196176237E-02
    ));
#12057 = CARTESIAN_POINT('',(-1.560667483833E-02,0.56,5.239510890838E-02
    ));
#12058 = CARTESIAN_POINT('',(-1.560667483833E-02,0.55,5.239510890838E-02
    ));
#12059 = CARTESIAN_POINT('',(-1.541412576682E-02,0.56,5.9442926435E-02)
  );
#12060 = CARTESIAN_POINT('',(-1.541412576682E-02,0.55,5.9442926435E-02)
  );
#12061 = CARTESIAN_POINT('',(-1.531631674185E-02,0.56,6.302300165938E-02
    ));
#12062 = CARTESIAN_POINT('',(-1.531631674185E-02,0.55,6.302300165938E-02
    ));
#12063 = ADVANCED_FACE('',(#12064),#12075,.T.);
#12064 = FACE_BOUND('',#12065,.T.);
#12065 = EDGE_LOOP('',(#12066,#12067,#12073,#12074));
#12066 = ORIENTED_EDGE('',*,*,#10544,.F.);
#12067 = ORIENTED_EDGE('',*,*,#12068,.F.);
#12068 = EDGE_CURVE('',#11736,#10537,#12069,.T.);
#12069 = LINE('',#12070,#12071);
#12070 = CARTESIAN_POINT('',(-0.155400451357,0.56,-3.730752718677E-02));
#12071 = VECTOR('',#12072,1.);
#12072 = DIRECTION('',(-3.761581922631E-31,-1.,-9.429630734102E-47));
#12073 = ORIENTED_EDGE('',*,*,#11735,.T.);
#12074 = ORIENTED_EDGE('',*,*,#12017,.T.);
#12075 = B_SPLINE_SURFACE_WITH_KNOTS('',3,1,(
    (#12076,#12077)
    ,(#12078,#12079)
    ,(#12080,#12081)
    ,(#12082,#12083)
    ,(#12084,#12085
    )),.UNSPECIFIED.,.F.,.F.,.F.,(4,1,4),(2,2),(0.,0.512659336342,1.),(
    0.,1.),.UNSPECIFIED.);
#12076 = CARTESIAN_POINT('',(-0.155400451357,0.56,-3.730752718677E-02));
#12077 = CARTESIAN_POINT('',(-0.155400451357,0.55,-3.730752718677E-02));
#12078 = CARTESIAN_POINT('',(-0.149243423659,0.56,-3.828891325213E-02));
#12079 = CARTESIAN_POINT('',(-0.149243423659,0.55,-3.828891325213E-02));
#12080 = CARTESIAN_POINT('',(-0.137233444981,0.56,-4.020321773425E-02));
#12081 = CARTESIAN_POINT('',(-0.137233444981,0.55,-4.020321773425E-02));
#12082 = CARTESIAN_POINT('',(-0.125076855129,0.56,-4.05190122791E-02));
#12083 = CARTESIAN_POINT('',(-0.125076855129,0.55,-4.05190122791E-02));
#12084 = CARTESIAN_POINT('',(-0.119152454562,0.56,-4.067291180216E-02));
#12085 = CARTESIAN_POINT('',(-0.119152454562,0.55,-4.067291180216E-02));
#12086 = ADVANCED_FACE('',(#12087),#12098,.T.);
#12087 = FACE_BOUND('',#12088,.T.);
#12088 = EDGE_LOOP('',(#12089,#12090,#12096,#12097));
#12089 = ORIENTED_EDGE('',*,*,#10536,.F.);
#12090 = ORIENTED_EDGE('',*,*,#12091,.F.);
#12091 = EDGE_CURVE('',#11746,#10529,#12092,.T.);
#12092 = LINE('',#12093,#12094);
#12093 = CARTESIAN_POINT('',(-6.292248661365E-02,0.56,-0.178723793212));
#12094 = VECTOR('',#12095,1.);
#12095 = DIRECTION('',(-3.761581922631E-31,-1.,-9.429630734102E-47));
#12096 = ORIENTED_EDGE('',*,*,#11745,.T.);
#12097 = ORIENTED_EDGE('',*,*,#12068,.T.);
#12098 = PLANE('',#12099);
#12099 = AXIS2_PLACEMENT_3D('',#12100,#12101,#12102);
#12100 = CARTESIAN_POINT('',(-6.292248661365E-02,0.56,-0.178723793212));
#12101 = DIRECTION('',(0.836933063028,-3.148192280338E-31,0.547305260354
    ));
#12102 = DIRECTION('',(0.547305260354,2.189528850508E-47,-0.836933063028
    ));
#12103 = ADVANCED_FACE('',(#12104),#12110,.T.);
#12104 = FACE_BOUND('',#12105,.T.);
#12105 = EDGE_LOOP('',(#12106,#12107,#12108,#12109));
#12106 = ORIENTED_EDGE('',*,*,#10528,.F.);
#12107 = ORIENTED_EDGE('',*,*,#11873,.F.);
#12108 = ORIENTED_EDGE('',*,*,#11753,.T.);
#12109 = ORIENTED_EDGE('',*,*,#12091,.T.);
#12110 = PLANE('',#12111);
#12111 = AXIS2_PLACEMENT_3D('',#12112,#12113,#12114);
#12112 = CARTESIAN_POINT('',(-8.711118853673E-02,0.56,-0.197724193853));
#12113 = DIRECTION('',(0.617720878794,-2.323607690903E-31,
    -0.786397428723));
#12114 = DIRECTION('',(-0.786397428723,0.,-0.617720878794));
#12115 = ADVANCED_FACE('',(#12116),#12157,.T.);
#12116 = FACE_BOUND('',#12117,.T.);
#12117 = EDGE_LOOP('',(#12118,#12144,#12150,#12151));
#12118 = ORIENTED_EDGE('',*,*,#12119,.F.);
#12119 = EDGE_CURVE('',#12120,#12122,#12124,.T.);
#12120 = VERTEX_POINT('',#12121);
#12121 = CARTESIAN_POINT('',(-4.672657315211E-02,0.55,6.491603050553E-02
    ));
#12122 = VERTEX_POINT('',#12123);
#12123 = CARTESIAN_POINT('',(-0.125742999434,0.55,-4.775475904722E-03));
#12124 = B_SPLINE_CURVE_WITH_KNOTS('',3,(#12125,#12126,#12127,#12128,
    #12129,#12130,#12131,#12132,#12133,#12134,#12135,#12136,#12137,
    #12138,#12139,#12140,#12141,#12142,#12143),.UNSPECIFIED.,.F.,.F.,(4,
    1,1,1,1,1,1,1,1,1,1,1,1,1,1,1,4),(0.,6.113791491562E-02,
    0.119993843851,0.178225321508,0.236256420262,0.294929376955,
    0.35471574881,0.416729663924,0.480664408471,0.545831770211,
    0.609758105426,0.672971228474,0.736016869168,0.799839398192,
    0.864775356666,0.931087623273,1.),.UNSPECIFIED.);
#12125 = CARTESIAN_POINT('',(-4.672657315211E-02,0.55,6.491603050553E-02
    ));
#12126 = CARTESIAN_POINT('',(-4.678160245161E-02,0.55,6.252657541381E-02
    ));
#12127 = CARTESIAN_POINT('',(-4.688960707003E-02,0.55,5.783685216169E-02
    ));
#12128 = CARTESIAN_POINT('',(-4.811120192819E-02,0.55,5.096809033808E-02
    ));
#12129 = CARTESIAN_POINT('',(-4.980543931421E-02,0.55,4.433556971592E-02
    ));
#12130 = CARTESIAN_POINT('',(-5.236374238518E-02,0.55,3.798097481259E-02
    ));
#12131 = CARTESIAN_POINT('',(-5.568739685922E-02,0.55,3.192938208853E-02
    ));
#12132 = CARTESIAN_POINT('',(-5.97357375623E-02,0.55,2.615022199688E-02)
  );
#12133 = CARTESIAN_POINT('',(-6.441899459334E-02,0.55,2.059918726654E-02
    ));
#12134 = CARTESIAN_POINT('',(-6.982874855266E-02,0.55,1.544290642903E-02
    ));
#12135 = CARTESIAN_POINT('',(-7.571777194776E-02,0.55,1.072819863532E-02
    ));
#12136 = CARTESIAN_POINT('',(-8.197933048506E-02,0.55,6.566242995512E-03
    ));
#12137 = CARTESIAN_POINT('',(-8.85301278549E-02,0.55,3.05374532848E-03)
  );
#12138 = CARTESIAN_POINT('',(-9.536352209922E-02,0.55,1.230351018118E-04
    ));
#12139 = CARTESIAN_POINT('',(-0.102557810364,0.55,-1.991912311346E-03));
#12140 = CARTESIAN_POINT('',(-0.109996844283,0.55,-3.657236618179E-03));
#12141 = CARTESIAN_POINT('',(-0.117775768547,0.55,-4.543438390761E-03));
#12142 = CARTESIAN_POINT('',(-0.123053429379,0.55,-4.697144906395E-03));
#12143 = CARTESIAN_POINT('',(-0.125742999434,0.55,-4.775475904722E-03));
#12144 = ORIENTED_EDGE('',*,*,#12145,.F.);
#12145 = EDGE_CURVE('',#11788,#12120,#12146,.T.);
#12146 = LINE('',#12147,#12148);
#12147 = CARTESIAN_POINT('',(-4.672657315211E-02,0.56,6.491603050553E-02
    ));
#12148 = VECTOR('',#12149,1.);
#12149 = DIRECTION('',(-3.761581922631E-31,-1.,-9.429630734102E-47));
#12150 = ORIENTED_EDGE('',*,*,#11787,.T.);
#12151 = ORIENTED_EDGE('',*,*,#12152,.T.);
#12152 = EDGE_CURVE('',#11762,#12122,#12153,.T.);
#12153 = LINE('',#12154,#12155);
#12154 = CARTESIAN_POINT('',(-0.125742999434,0.56,-4.775475904722E-03));
#12155 = VECTOR('',#12156,1.);
#12156 = DIRECTION('',(-3.761581922631E-31,-1.,-9.429630734102E-47));
#12157 = B_SPLINE_SURFACE_WITH_KNOTS('',3,1,(
    (#12158,#12159)
    ,(#12160,#12161)
    ,(#12162,#12163)
    ,(#12164,#12165)
    ,(#12166,#12167)
    ,(#12168,#12169)
    ,(#12170,#12171)
    ,(#12172,#12173)
    ,(#12174,#12175)
    ,(#12176,#12177)
    ,(#12178,#12179)
    ,(#12180,#12181)
    ,(#12182,#12183)
    ,(#12184,#12185)
    ,(#12186,#12187)
    ,(#12188,#12189)
    ,(#12190,#12191)
    ,(#12192,#12193)
    ,(#12194,#12195
    )),.UNSPECIFIED.,.F.,.F.,.F.,(4,1,1,1,1,1,1,1,1,1,1,1,1,1,1,1,4),(2,
    2),(0.,6.113791491562E-02,0.119993843851,0.178225321508,
    0.236256420262,0.294929376955,0.35471574881,0.416729663924,
    0.480664408471,0.545831770211,0.609758105426,0.672971228474,
    0.736016869168,0.799839398192,0.864775356666,0.931087623273,1.),(0.,
    1.),.UNSPECIFIED.);
#12158 = CARTESIAN_POINT('',(-4.672657315211E-02,0.56,6.491603050553E-02
    ));
#12159 = CARTESIAN_POINT('',(-4.672657315211E-02,0.55,6.491603050553E-02
    ));
#12160 = CARTESIAN_POINT('',(-4.678160245161E-02,0.56,6.252657541381E-02
    ));
#12161 = CARTESIAN_POINT('',(-4.678160245161E-02,0.55,6.252657541381E-02
    ));
#12162 = CARTESIAN_POINT('',(-4.688960707003E-02,0.56,5.783685216169E-02
    ));
#12163 = CARTESIAN_POINT('',(-4.688960707003E-02,0.55,5.783685216169E-02
    ));
#12164 = CARTESIAN_POINT('',(-4.811120192819E-02,0.56,5.096809033808E-02
    ));
#12165 = CARTESIAN_POINT('',(-4.811120192819E-02,0.55,5.096809033808E-02
    ));
#12166 = CARTESIAN_POINT('',(-4.980543931421E-02,0.56,4.433556971592E-02
    ));
#12167 = CARTESIAN_POINT('',(-4.980543931421E-02,0.55,4.433556971592E-02
    ));
#12168 = CARTESIAN_POINT('',(-5.236374238518E-02,0.56,3.798097481259E-02
    ));
#12169 = CARTESIAN_POINT('',(-5.236374238518E-02,0.55,3.798097481259E-02
    ));
#12170 = CARTESIAN_POINT('',(-5.568739685922E-02,0.56,3.192938208853E-02
    ));
#12171 = CARTESIAN_POINT('',(-5.568739685922E-02,0.55,3.192938208853E-02
    ));
#12172 = CARTESIAN_POINT('',(-5.97357375623E-02,0.56,2.615022199688E-02)
  );
#12173 = CARTESIAN_POINT('',(-5.97357375623E-02,0.55,2.615022199688E-02)
  );
#12174 = CARTESIAN_POINT('',(-6.441899459334E-02,0.56,2.059918726654E-02
    ));
#12175 = CARTESIAN_POINT('',(-6.441899459334E-02,0.55,2.059918726654E-02
    ));
#12176 = CARTESIAN_POINT('',(-6.982874855266E-02,0.56,1.544290642903E-02
    ));
#12177 = CARTESIAN_POINT('',(-6.982874855266E-02,0.55,1.544290642903E-02
    ));
#12178 = CARTESIAN_POINT('',(-7.571777194776E-02,0.56,1.072819863532E-02
    ));
#12179 = CARTESIAN_POINT('',(-7.571777194776E-02,0.55,1.072819863532E-02
    ));
#12180 = CARTESIAN_POINT('',(-8.197933048506E-02,0.56,6.566242995512E-03
    ));
#12181 = CARTESIAN_POINT('',(-8.197933048506E-02,0.55,6.566242995512E-03
    ));
#12182 = CARTESIAN_POINT('',(-8.85301278549E-02,0.56,3.05374532848E-03)
  );
#12183 = CARTESIAN_POINT('',(-8.85301278549E-02,0.55,3.05374532848E-03)
  );
#12184 = CARTESIAN_POINT('',(-9.536352209922E-02,0.56,1.230351018118E-04
    ));
#12185 = CARTESIAN_POINT('',(-9.536352209922E-02,0.55,1.230351018118E-04
    ));
#12186 = CARTESIAN_POINT('',(-0.102557810364,0.56,-1.991912311346E-03));
#12187 = CARTESIAN_POINT('',(-0.102557810364,0.55,-1.991912311346E-03));
#12188 = CARTESIAN_POINT('',(-0.109996844283,0.56,-3.657236618179E-03));
#12189 = CARTESIAN_POINT('',(-0.109996844283,0.55,-3.657236618179E-03));
#12190 = CARTESIAN_POINT('',(-0.117775768547,0.56,-4.543438390761E-03));
#12191 = CARTESIAN_POINT('',(-0.117775768547,0.55,-4.543438390761E-03));
#12192 = CARTESIAN_POINT('',(-0.123053429379,0.56,-4.697144906395E-03));
#12193 = CARTESIAN_POINT('',(-0.123053429379,0.55,-4.697144906395E-03));
#12194 = CARTESIAN_POINT('',(-0.125742999434,0.56,-4.775475904722E-03));
#12195 = CARTESIAN_POINT('',(-0.125742999434,0.55,-4.775475904722E-03));
#12196 = ADVANCED_FACE('',(#12197),#12231,.T.);
#12197 = FACE_BOUND('',#12198,.T.);
#12198 = EDGE_LOOP('',(#12199,#12223,#12224,#12225));
#12199 = ORIENTED_EDGE('',*,*,#12200,.F.);
#12200 = EDGE_CURVE('',#12122,#12201,#12203,.T.);
#12201 = VERTEX_POINT('',#12202);
#12202 = CARTESIAN_POINT('',(-0.199290675716,0.55,6.491603050553E-02));
#12203 = B_SPLINE_CURVE_WITH_KNOTS('',3,(#12204,#12205,#12206,#12207,
    #12208,#12209,#12210,#12211,#12212,#12213,#12214,#12215,#12216,
    #12217,#12218,#12219,#12220,#12221,#12222),.UNSPECIFIED.,.F.,.F.,(4,
    1,1,1,1,1,1,1,1,1,1,1,1,1,1,1,4),(0.,7.059928943359E-02,
    0.137900921004,0.20319619781,0.26678972465,0.329106387221,
    0.390653545235,0.452653056934,0.5157480403,0.5779263408,
    0.638930011618,0.698350717642,0.757296037444,0.81639376735,
    0.876266909614,0.936817108906,1.),.UNSPECIFIED.);
#12204 = CARTESIAN_POINT('',(-0.125742999434,0.55,-4.775475904722E-03));
#12205 = CARTESIAN_POINT('',(-0.128409223917,0.55,-4.697671536463E-03));
#12206 = CARTESIAN_POINT('',(-0.133617134858,0.55,-4.545697003474E-03));
#12207 = CARTESIAN_POINT('',(-0.14125787633,0.55,-3.663171810976E-03));
#12208 = CARTESIAN_POINT('',(-0.148489201475,0.55,-2.001265252898E-03));
#12209 = CARTESIAN_POINT('',(-0.15540691484,0.55,1.153679433595E-04));
#12210 = CARTESIAN_POINT('',(-0.16188168513,0.55,3.025673914924E-03));
#12211 = CARTESIAN_POINT('',(-0.167960569115,0.55,6.560853810438E-03));
#12212 = CARTESIAN_POINT('',(-0.173667074304,0.55,1.072297162511E-02));
#12213 = CARTESIAN_POINT('',(-0.178941429477,0.55,1.545306273547E-02));
#12214 = CARTESIAN_POINT('',(-0.183723395812,0.55,2.063186603418E-02));
#12215 = CARTESIAN_POINT('',(-0.187841508889,0.55,2.617881825178E-02));
#12216 = CARTESIAN_POINT('',(-0.191393748898,0.55,3.196023856236E-02));
#12217 = CARTESIAN_POINT('',(-0.194281930786,0.55,3.802443278205E-02));
#12218 = CARTESIAN_POINT('',(-0.196530938363,0.55,4.4369082741E-02));
#12219 = CARTESIAN_POINT('',(-0.19815776345,0.55,5.096500767918E-02));
#12220 = CARTESIAN_POINT('',(-0.199063138572,0.55,5.78564382918E-02));
#12221 = CARTESIAN_POINT('',(-0.199213761723,0.55,6.252968856475E-02));
#12222 = CARTESIAN_POINT('',(-0.199290675716,0.55,6.491603050553E-02));
#12223 = ORIENTED_EDGE('',*,*,#12152,.F.);
#12224 = ORIENTED_EDGE('',*,*,#11761,.T.);
#12225 = ORIENTED_EDGE('',*,*,#12226,.T.);
#12226 = EDGE_CURVE('',#11764,#12201,#12227,.T.);
#12227 = LINE('',#12228,#12229);
#12228 = CARTESIAN_POINT('',(-0.199290675716,0.56,6.491603050553E-02));
#12229 = VECTOR('',#12230,1.);
#12230 = DIRECTION('',(-3.761581922631E-31,-1.,-9.429630734102E-47));
#12231 = B_SPLINE_SURFACE_WITH_KNOTS('',3,1,(
    (#12232,#12233)
    ,(#12234,#12235)
    ,(#12236,#12237)
    ,(#12238,#12239)
    ,(#12240,#12241)
    ,(#12242,#12243)
    ,(#12244,#12245)
    ,(#12246,#12247)
    ,(#12248,#12249)
    ,(#12250,#12251)
    ,(#12252,#12253)
    ,(#12254,#12255)
    ,(#12256,#12257)
    ,(#12258,#12259)
    ,(#12260,#12261)
    ,(#12262,#12263)
    ,(#12264,#12265)
    ,(#12266,#12267)
    ,(#12268,#12269
    )),.UNSPECIFIED.,.F.,.F.,.F.,(4,1,1,1,1,1,1,1,1,1,1,1,1,1,1,1,4),(2,
    2),(0.,7.059928943359E-02,0.137900921004,0.20319619781,0.26678972465
    ,0.329106387221,0.390653545235,0.452653056934,0.5157480403,
    0.5779263408,0.638930011618,0.698350717642,0.757296037444,
    0.81639376735,0.876266909614,0.936817108906,1.),(0.,1.),
  .UNSPECIFIED.);
#12232 = CARTESIAN_POINT('',(-0.125742999434,0.56,-4.775475904722E-03));
#12233 = CARTESIAN_POINT('',(-0.125742999434,0.55,-4.775475904722E-03));
#12234 = CARTESIAN_POINT('',(-0.128409223917,0.56,-4.697671536463E-03));
#12235 = CARTESIAN_POINT('',(-0.128409223917,0.55,-4.697671536463E-03));
#12236 = CARTESIAN_POINT('',(-0.133617134858,0.56,-4.545697003474E-03));
#12237 = CARTESIAN_POINT('',(-0.133617134858,0.55,-4.545697003474E-03));
#12238 = CARTESIAN_POINT('',(-0.14125787633,0.56,-3.663171810976E-03));
#12239 = CARTESIAN_POINT('',(-0.14125787633,0.55,-3.663171810976E-03));
#12240 = CARTESIAN_POINT('',(-0.148489201475,0.56,-2.001265252898E-03));
#12241 = CARTESIAN_POINT('',(-0.148489201475,0.55,-2.001265252898E-03));
#12242 = CARTESIAN_POINT('',(-0.15540691484,0.56,1.153679433595E-04));
#12243 = CARTESIAN_POINT('',(-0.15540691484,0.55,1.153679433595E-04));
#12244 = CARTESIAN_POINT('',(-0.16188168513,0.56,3.025673914924E-03));
#12245 = CARTESIAN_POINT('',(-0.16188168513,0.55,3.025673914924E-03));
#12246 = CARTESIAN_POINT('',(-0.167960569115,0.56,6.560853810438E-03));
#12247 = CARTESIAN_POINT('',(-0.167960569115,0.55,6.560853810438E-03));
#12248 = CARTESIAN_POINT('',(-0.173667074304,0.56,1.072297162511E-02));
#12249 = CARTESIAN_POINT('',(-0.173667074304,0.55,1.072297162511E-02));
#12250 = CARTESIAN_POINT('',(-0.178941429477,0.56,1.545306273547E-02));
#12251 = CARTESIAN_POINT('',(-0.178941429477,0.55,1.545306273547E-02));
#12252 = CARTESIAN_POINT('',(-0.183723395812,0.56,2.063186603418E-02));
#12253 = CARTESIAN_POINT('',(-0.183723395812,0.55,2.063186603418E-02));
#12254 = CARTESIAN_POINT('',(-0.187841508889,0.56,2.617881825178E-02));
#12255 = CARTESIAN_POINT('',(-0.187841508889,0.55,2.617881825178E-02));
#12256 = CARTESIAN_POINT('',(-0.191393748898,0.56,3.196023856236E-02));
#12257 = CARTESIAN_POINT('',(-0.191393748898,0.55,3.196023856236E-02));
#12258 = CARTESIAN_POINT('',(-0.194281930786,0.56,3.802443278205E-02));
#12259 = CARTESIAN_POINT('',(-0.194281930786,0.55,3.802443278205E-02));
#12260 = CARTESIAN_POINT('',(-0.196530938363,0.56,4.4369082741E-02));
#12261 = CARTESIAN_POINT('',(-0.196530938363,0.55,4.4369082741E-02));
#12262 = CARTESIAN_POINT('',(-0.19815776345,0.56,5.096500767918E-02));
#12263 = CARTESIAN_POINT('',(-0.19815776345,0.55,5.096500767918E-02));
#12264 = CARTESIAN_POINT('',(-0.199063138572,0.56,5.78564382918E-02));
#12265 = CARTESIAN_POINT('',(-0.199063138572,0.55,5.78564382918E-02));
#12266 = CARTESIAN_POINT('',(-0.199213761723,0.56,6.252968856475E-02));
#12267 = CARTESIAN_POINT('',(-0.199213761723,0.55,6.252968856475E-02));
#12268 = CARTESIAN_POINT('',(-0.199290675716,0.56,6.491603050553E-02));
#12269 = CARTESIAN_POINT('',(-0.199290675716,0.55,6.491603050553E-02));
#12270 = ADVANCED_FACE('',(#12271),#12305,.T.);
#12271 = FACE_BOUND('',#12272,.T.);
#12272 = EDGE_LOOP('',(#12273,#12297,#12298,#12299));
#12273 = ORIENTED_EDGE('',*,*,#12274,.F.);
#12274 = EDGE_CURVE('',#12201,#12275,#12277,.T.);
#12275 = VERTEX_POINT('',#12276);
#12276 = CARTESIAN_POINT('',(-0.123008624434,0.55,0.134327088198));
#12277 = B_SPLINE_CURVE_WITH_KNOTS('',3,(#12278,#12279,#12280,#12281,
    #12282,#12283,#12284,#12285,#12286,#12287,#12288,#12289,#12290,
    #12291,#12292,#12293,#12294,#12295,#12296),.UNSPECIFIED.,.F.,.F.,(4,
    1,1,1,1,1,1,1,1,1,1,1,1,1,1,1,4),(0.,6.184170298391E-02,
    0.121262373094,0.180745948865,0.239230901822,0.298307558788,
    0.358182797616,0.42035923078,0.484792415514,0.549938483767,
    0.61371827754,0.67668070725,0.739154170448,0.80219970324,
    0.866740177616,0.9320496524,1.),.UNSPECIFIED.);
#12278 = CARTESIAN_POINT('',(-0.199290675716,0.55,6.491603050553E-02));
#12279 = CARTESIAN_POINT('',(-0.199228039568,0.55,6.728102849383E-02));
#12280 = CARTESIAN_POINT('',(-0.199105219407,0.55,7.191843746848E-02));
#12281 = CARTESIAN_POINT('',(-0.19798998742,0.55,7.875235542542E-02));
#12282 = CARTESIAN_POINT('',(-0.196286479187,0.55,8.532884626567E-02));
#12283 = CARTESIAN_POINT('',(-0.193752439601,0.55,9.161400614408E-02));
#12284 = CARTESIAN_POINT('',(-0.190729750785,0.55,9.770363794731E-02));
#12285 = CARTESIAN_POINT('',(-0.186739218366,0.55,0.103377166494));
#12286 = CARTESIAN_POINT('',(-0.182317539783,0.55,0.108979173504));
#12287 = CARTESIAN_POINT('',(-0.177032146438,0.55,0.114079320646));
#12288 = CARTESIAN_POINT('',(-0.17135981014,0.55,0.118824983064));
#12289 = CARTESIAN_POINT('',(-0.165299689889,0.55,0.122973008416));
#12290 = CARTESIAN_POINT('',(-0.158983693904,0.55,0.126521625756));
#12291 = CARTESIAN_POINT('',(-0.152326551696,0.55,0.129302735517));
#12292 = CARTESIAN_POINT('',(-0.145422713299,0.55,0.131585164202));
#12293 = CARTESIAN_POINT('',(-0.138214657895,0.55,0.133191312128));
#12294 = CARTESIAN_POINT('',(-0.130697372342,0.55,0.134099364728));
#12295 = CARTESIAN_POINT('',(-0.12560517854,0.55,0.134250184088));
#12296 = CARTESIAN_POINT('',(-0.123008624434,0.55,0.134327088198));
#12297 = ORIENTED_EDGE('',*,*,#12226,.F.);
#12298 = ORIENTED_EDGE('',*,*,#11835,.T.);
#12299 = ORIENTED_EDGE('',*,*,#12300,.T.);
#12300 = EDGE_CURVE('',#11812,#12275,#12301,.T.);
#12301 = LINE('',#12302,#12303);
#12302 = CARTESIAN_POINT('',(-0.123008624434,0.56,0.134327088198));
#12303 = VECTOR('',#12304,1.);
#12304 = DIRECTION('',(-3.761581922631E-31,-1.,-9.429630734102E-47));
#12305 = B_SPLINE_SURFACE_WITH_KNOTS('',3,1,(
    (#12306,#12307)
    ,(#12308,#12309)
    ,(#12310,#12311)
    ,(#12312,#12313)
    ,(#12314,#12315)
    ,(#12316,#12317)
    ,(#12318,#12319)
    ,(#12320,#12321)
    ,(#12322,#12323)
    ,(#12324,#12325)
    ,(#12326,#12327)
    ,(#12328,#12329)
    ,(#12330,#12331)
    ,(#12332,#12333)
    ,(#12334,#12335)
    ,(#12336,#12337)
    ,(#12338,#12339)
    ,(#12340,#12341)
    ,(#12342,#12343
    )),.UNSPECIFIED.,.F.,.F.,.F.,(4,1,1,1,1,1,1,1,1,1,1,1,1,1,1,1,4),(2,
    2),(0.,6.184170298391E-02,0.121262373094,0.180745948865,
    0.239230901822,0.298307558788,0.358182797616,0.42035923078,
    0.484792415514,0.549938483767,0.61371827754,0.67668070725,
    0.739154170448,0.80219970324,0.866740177616,0.9320496524,1.),(0.,1.)
  ,.UNSPECIFIED.);
#12306 = CARTESIAN_POINT('',(-0.199290675716,0.56,6.491603050553E-02));
#12307 = CARTESIAN_POINT('',(-0.199290675716,0.55,6.491603050553E-02));
#12308 = CARTESIAN_POINT('',(-0.199228039568,0.56,6.728102849383E-02));
#12309 = CARTESIAN_POINT('',(-0.199228039568,0.55,6.728102849383E-02));
#12310 = CARTESIAN_POINT('',(-0.199105219407,0.56,7.191843746848E-02));
#12311 = CARTESIAN_POINT('',(-0.199105219407,0.55,7.191843746848E-02));
#12312 = CARTESIAN_POINT('',(-0.19798998742,0.56,7.875235542542E-02));
#12313 = CARTESIAN_POINT('',(-0.19798998742,0.55,7.875235542542E-02));
#12314 = CARTESIAN_POINT('',(-0.196286479187,0.56,8.532884626567E-02));
#12315 = CARTESIAN_POINT('',(-0.196286479187,0.55,8.532884626567E-02));
#12316 = CARTESIAN_POINT('',(-0.193752439601,0.56,9.161400614408E-02));
#12317 = CARTESIAN_POINT('',(-0.193752439601,0.55,9.161400614408E-02));
#12318 = CARTESIAN_POINT('',(-0.190729750785,0.56,9.770363794731E-02));
#12319 = CARTESIAN_POINT('',(-0.190729750785,0.55,9.770363794731E-02));
#12320 = CARTESIAN_POINT('',(-0.186739218366,0.56,0.103377166494));
#12321 = CARTESIAN_POINT('',(-0.186739218366,0.55,0.103377166494));
#12322 = CARTESIAN_POINT('',(-0.182317539783,0.56,0.108979173504));
#12323 = CARTESIAN_POINT('',(-0.182317539783,0.55,0.108979173504));
#12324 = CARTESIAN_POINT('',(-0.177032146438,0.56,0.114079320646));
#12325 = CARTESIAN_POINT('',(-0.177032146438,0.55,0.114079320646));
#12326 = CARTESIAN_POINT('',(-0.17135981014,0.56,0.118824983064));
#12327 = CARTESIAN_POINT('',(-0.17135981014,0.55,0.118824983064));
#12328 = CARTESIAN_POINT('',(-0.165299689889,0.56,0.122973008416));
#12329 = CARTESIAN_POINT('',(-0.165299689889,0.55,0.122973008416));
#12330 = CARTESIAN_POINT('',(-0.158983693904,0.56,0.126521625756));
#12331 = CARTESIAN_POINT('',(-0.158983693904,0.55,0.126521625756));
#12332 = CARTESIAN_POINT('',(-0.152326551696,0.56,0.129302735517));
#12333 = CARTESIAN_POINT('',(-0.152326551696,0.55,0.129302735517));
#12334 = CARTESIAN_POINT('',(-0.145422713299,0.56,0.131585164202));
#12335 = CARTESIAN_POINT('',(-0.145422713299,0.55,0.131585164202));
#12336 = CARTESIAN_POINT('',(-0.138214657895,0.56,0.133191312128));
#12337 = CARTESIAN_POINT('',(-0.138214657895,0.55,0.133191312128));
#12338 = CARTESIAN_POINT('',(-0.130697372342,0.56,0.134099364728));
#12339 = CARTESIAN_POINT('',(-0.130697372342,0.55,0.134099364728));
#12340 = CARTESIAN_POINT('',(-0.12560517854,0.56,0.134250184088));
#12341 = CARTESIAN_POINT('',(-0.12560517854,0.55,0.134250184088));
#12342 = CARTESIAN_POINT('',(-0.123008624434,0.56,0.134327088198));
#12343 = CARTESIAN_POINT('',(-0.123008624434,0.55,0.134327088198));
#12344 = ADVANCED_FACE('',(#12345),#12372,.T.);
#12345 = FACE_BOUND('',#12346,.T.);
#12346 = EDGE_LOOP('',(#12347,#12369,#12370,#12371));
#12347 = ORIENTED_EDGE('',*,*,#12348,.F.);
#12348 = EDGE_CURVE('',#12275,#12120,#12349,.T.);
#12349 = B_SPLINE_CURVE_WITH_KNOTS('',3,(#12350,#12351,#12352,#12353,
    #12354,#12355,#12356,#12357,#12358,#12359,#12360,#12361,#12362,
    #12363,#12364,#12365,#12366,#12367,#12368),.UNSPECIFIED.,.F.,.F.,(4,
    1,1,1,1,1,1,1,1,1,1,1,1,1,1,1,4),(0.,6.796237149446E-02,
    0.133283402868,0.197835297757,0.260891986531,0.323376504483,
    0.386350075469,0.449637731052,0.514795326978,0.579239913241,
    0.641814177758,0.701358564786,0.760726765986,0.819222067924,
    0.878716169385,0.938147354053,1.),.UNSPECIFIED.);
#12350 = CARTESIAN_POINT('',(-0.123008624434,0.55,0.134327088198));
#12351 = CARTESIAN_POINT('',(-0.120412074583,0.55,0.134250178058));
#12352 = CARTESIAN_POINT('',(-0.115319889123,0.55,0.134099346873));
#12353 = CARTESIAN_POINT('',(-0.1078025431,0.55,0.133191379989));
#12354 = CARTESIAN_POINT('',(-0.100594711236,0.55,0.131584915195));
#12355 = CARTESIAN_POINT('',(-9.369006037673E-02,0.55,0.129303638169));
#12356 = CARTESIAN_POINT('',(-8.703591727014E-02,0.55,0.12651827721));
#12357 = CARTESIAN_POINT('',(-8.072544511912E-02,0.55,0.122995085236));
#12358 = CARTESIAN_POINT('',(-7.472263576459E-02,0.55,0.118799473461));
#12359 = CARTESIAN_POINT('',(-6.904657580986E-02,0.55,0.114087430638));
#12360 = CARTESIAN_POINT('',(-6.378318197595E-02,0.55,0.108950145443));
#12361 = CARTESIAN_POINT('',(-5.925545408874E-02,0.55,0.1034271732));
#12362 = CARTESIAN_POINT('',(-5.538713076463E-02,0.55,9.765778366771E-02
    ));
#12363 = CARTESIAN_POINT('',(-5.224371205784E-02,0.55,9.163799467958E-02
    ));
#12364 = CARTESIAN_POINT('',(-4.973758292609E-02,0.55,8.532504591604E-02
    ));
#12365 = CARTESIAN_POINT('',(-4.802543620699E-02,0.55,7.875337352415E-02
    ));
#12366 = CARTESIAN_POINT('',(-4.691250731458E-02,0.55,7.191817092766E-02
    ));
#12367 = CARTESIAN_POINT('',(-4.678937069052E-02,0.55,6.728093847215E-02
    ));
#12368 = CARTESIAN_POINT('',(-4.672657315211E-02,0.55,6.491603050553E-02
    ));
#12369 = ORIENTED_EDGE('',*,*,#12300,.F.);
#12370 = ORIENTED_EDGE('',*,*,#11811,.T.);
#12371 = ORIENTED_EDGE('',*,*,#12145,.T.);
#12372 = B_SPLINE_SURFACE_WITH_KNOTS('',3,1,(
    (#12373,#12374)
    ,(#12375,#12376)
    ,(#12377,#12378)
    ,(#12379,#12380)
    ,(#12381,#12382)
    ,(#12383,#12384)
    ,(#12385,#12386)
    ,(#12387,#12388)
    ,(#12389,#12390)
    ,(#12391,#12392)
    ,(#12393,#12394)
    ,(#12395,#12396)
    ,(#12397,#12398)
    ,(#12399,#12400)
    ,(#12401,#12402)
    ,(#12403,#12404)
    ,(#12405,#12406)
    ,(#12407,#12408)
    ,(#12409,#12410
    )),.UNSPECIFIED.,.F.,.F.,.F.,(4,1,1,1,1,1,1,1,1,1,1,1,1,1,1,1,4),(2,
    2),(0.,6.796237149446E-02,0.133283402868,0.197835297757,
    0.260891986531,0.323376504483,0.386350075469,0.449637731052,
    0.514795326978,0.579239913241,0.641814177758,0.701358564786,
    0.760726765986,0.819222067924,0.878716169385,0.938147354053,1.),(0.,
    1.),.UNSPECIFIED.);
#12373 = CARTESIAN_POINT('',(-0.123008624434,0.56,0.134327088198));
#12374 = CARTESIAN_POINT('',(-0.123008624434,0.55,0.134327088198));
#12375 = CARTESIAN_POINT('',(-0.120412074583,0.56,0.134250178058));
#12376 = CARTESIAN_POINT('',(-0.120412074583,0.55,0.134250178058));
#12377 = CARTESIAN_POINT('',(-0.115319889123,0.56,0.134099346873));
#12378 = CARTESIAN_POINT('',(-0.115319889123,0.55,0.134099346873));
#12379 = CARTESIAN_POINT('',(-0.1078025431,0.56,0.133191379989));
#12380 = CARTESIAN_POINT('',(-0.1078025431,0.55,0.133191379989));
#12381 = CARTESIAN_POINT('',(-0.100594711236,0.56,0.131584915195));
#12382 = CARTESIAN_POINT('',(-0.100594711236,0.55,0.131584915195));
#12383 = CARTESIAN_POINT('',(-9.369006037673E-02,0.56,0.129303638169));
#12384 = CARTESIAN_POINT('',(-9.369006037673E-02,0.55,0.129303638169));
#12385 = CARTESIAN_POINT('',(-8.703591727014E-02,0.56,0.12651827721));
#12386 = CARTESIAN_POINT('',(-8.703591727014E-02,0.55,0.12651827721));
#12387 = CARTESIAN_POINT('',(-8.072544511912E-02,0.56,0.122995085236));
#12388 = CARTESIAN_POINT('',(-8.072544511912E-02,0.55,0.122995085236));
#12389 = CARTESIAN_POINT('',(-7.472263576459E-02,0.56,0.118799473461));
#12390 = CARTESIAN_POINT('',(-7.472263576459E-02,0.55,0.118799473461));
#12391 = CARTESIAN_POINT('',(-6.904657580986E-02,0.56,0.114087430638));
#12392 = CARTESIAN_POINT('',(-6.904657580986E-02,0.55,0.114087430638));
#12393 = CARTESIAN_POINT('',(-6.378318197595E-02,0.56,0.108950145443));
#12394 = CARTESIAN_POINT('',(-6.378318197595E-02,0.55,0.108950145443));
#12395 = CARTESIAN_POINT('',(-5.925545408874E-02,0.56,0.1034271732));
#12396 = CARTESIAN_POINT('',(-5.925545408874E-02,0.55,0.1034271732));
#12397 = CARTESIAN_POINT('',(-5.538713076463E-02,0.56,9.765778366771E-02
    ));
#12398 = CARTESIAN_POINT('',(-5.538713076463E-02,0.55,9.765778366771E-02
    ));
#12399 = CARTESIAN_POINT('',(-5.224371205784E-02,0.56,9.163799467958E-02
    ));
#12400 = CARTESIAN_POINT('',(-5.224371205784E-02,0.55,9.163799467958E-02
    ));
#12401 = CARTESIAN_POINT('',(-4.973758292609E-02,0.56,8.532504591604E-02
    ));
#12402 = CARTESIAN_POINT('',(-4.973758292609E-02,0.55,8.532504591604E-02
    ));
#12403 = CARTESIAN_POINT('',(-4.802543620699E-02,0.56,7.875337352415E-02
    ));
#12404 = CARTESIAN_POINT('',(-4.802543620699E-02,0.55,7.875337352415E-02
    ));
#12405 = CARTESIAN_POINT('',(-4.691250731458E-02,0.56,7.191817092766E-02
    ));
#12406 = CARTESIAN_POINT('',(-4.691250731458E-02,0.55,7.191817092766E-02
    ));
#12407 = CARTESIAN_POINT('',(-4.678937069052E-02,0.56,6.728093847215E-02
    ));
#12408 = CARTESIAN_POINT('',(-4.678937069052E-02,0.55,6.728093847215E-02
    ));
#12409 = CARTESIAN_POINT('',(-4.672657315211E-02,0.56,6.491603050553E-02
    ));
#12410 = CARTESIAN_POINT('',(-4.672657315211E-02,0.55,6.491603050553E-02
    ));
#12411 = ADVANCED_FACE('',(#12412),#12418,.F.);
#12412 = FACE_BOUND('',#12413,.T.);
#12413 = EDGE_LOOP('',(#12414,#12415,#12416,#12417));
#12414 = ORIENTED_EDGE('',*,*,#12348,.T.);
#12415 = ORIENTED_EDGE('',*,*,#12119,.T.);
#12416 = ORIENTED_EDGE('',*,*,#12200,.T.);
#12417 = ORIENTED_EDGE('',*,*,#12274,.T.);
#12418 = PLANE('',#12419);
#12419 = AXIS2_PLACEMENT_3D('',#12420,#12421,#12422);
#12420 = CARTESIAN_POINT('',(1.351560977094,0.55,0.4));
#12421 = DIRECTION('',(-3.761581922631E-31,-1.,-1.019578823125E-46));
#12422 = DIRECTION('',(1.,-3.761581922631E-31,0.));
#12423 = ADVANCED_FACE('',(#12424,#12554),#12676,.T.);
#12424 = FACE_BOUND('',#12425,.T.);
#12425 = EDGE_LOOP('',(#12426,#12460,#12492,#12524));
#12426 = ORIENTED_EDGE('',*,*,#12427,.F.);
#12427 = EDGE_CURVE('',#12428,#12430,#12432,.T.);
#12428 = VERTEX_POINT('',#12429);
#12429 = CARTESIAN_POINT('',(0.13759834672,0.56,0.170224524095));
#12430 = VERTEX_POINT('',#12431);
#12431 = CARTESIAN_POINT('',(2.058111915558E-02,0.56,-1.360961052011E-02
    ));
#12432 = B_SPLINE_CURVE_WITH_KNOTS('',3,(#12433,#12434,#12435,#12436,
    #12437,#12438,#12439,#12440,#12441,#12442,#12443,#12444,#12445,
    #12446,#12447,#12448,#12449,#12450,#12451,#12452,#12453,#12454,
    #12455,#12456,#12457,#12458,#12459),.UNSPECIFIED.,.F.,.F.,(4,1,1,1,1
    ,1,1,1,1,1,1,1,1,1,1,1,1,1,1,1,1,1,1,1,4),(0.,3.378714634699E-02,
    6.662165772429E-02,9.928487809597E-02,0.131361165043,0.163585187595,
    0.196103926987,0.228902254324,0.262158055905,0.295991222258,
    0.330217845725,0.365059825892,0.40095073734,0.437620382077,
    0.475707529437,0.515380691625,0.556413541493,0.599764829873,
    0.646424155584,0.696431444518,0.749781517802,0.806573306976,
    0.867435531565,0.931886753251,1.),.UNSPECIFIED.);
#12433 = CARTESIAN_POINT('',(0.13759834672,0.56,0.170224524095));
#12434 = CARTESIAN_POINT('',(0.134837935321,0.56,0.170177888549));
#12435 = CARTESIAN_POINT('',(0.129394942845,0.56,0.170085932356));
#12436 = CARTESIAN_POINT('',(0.121329700301,0.56,0.169134559207));
#12437 = CARTESIAN_POINT('',(0.113501455957,0.56,0.167605008886));
#12438 = CARTESIAN_POINT('',(0.105871580553,0.56,0.165463348476));
#12439 = CARTESIAN_POINT('',(9.840092904454E-02,0.56,0.162841864845));
#12440 = CARTESIAN_POINT('',(9.119130037896E-02,0.56,0.159426496485));
#12441 = CARTESIAN_POINT('',(8.416253200989E-02,0.56,0.155493089589));
#12442 = CARTESIAN_POINT('',(7.733337640808E-02,0.56,0.151013547445));
#12443 = CARTESIAN_POINT('',(7.08321603041E-02,0.56,0.145881379132));
#12444 = CARTESIAN_POINT('',(6.462229977272E-02,0.56,0.140204950264));
#12445 = CARTESIAN_POINT('',(5.885979786302E-02,0.56,0.133842609134));
#12446 = CARTESIAN_POINT('',(5.349638830129E-02,0.56,0.126894816823));
#12447 = CARTESIAN_POINT('',(4.839897948171E-02,0.56,0.11942549259));
#12448 = CARTESIAN_POINT('',(4.371004214979E-02,0.56,0.111332655285));
#12449 = CARTESIAN_POINT('',(3.937295674298E-02,0.56,0.102648394236));
#12450 = CARTESIAN_POINT('',(3.540860767613E-02,0.56,9.331660316894E-02)
  );
#12451 = CARTESIAN_POINT('',(3.189374132464E-02,0.56,8.320111038296E-02)
  );
#12452 = CARTESIAN_POINT('',(2.87889705133E-02,0.56,7.218619253271E-02)
  );
#12453 = CARTESIAN_POINT('',(2.633755476629E-02,0.56,6.01746289213E-02)
  );
#12454 = CARTESIAN_POINT('',(2.4239259233E-02,0.56,4.726289221077E-02));
#12455 = CARTESIAN_POINT('',(2.254682092865E-02,0.56,3.339549917218E-02)
  );
#12456 = CARTESIAN_POINT('',(2.139138839682E-02,0.56,1.856492135349E-02)
  );
#12457 = CARTESIAN_POINT('',(2.067725689324E-02,0.56,2.780400460877E-03)
  );
#12458 = CARTESIAN_POINT('',(2.061374985123E-02,0.56,-8.046576970783E-03
    ));
#12459 = CARTESIAN_POINT('',(2.058111915558E-02,0.56,-1.360961052011E-02
    ));
#12460 = ORIENTED_EDGE('',*,*,#12461,.F.);
#12461 = EDGE_CURVE('',#12462,#12428,#12464,.T.);
#12462 = VERTEX_POINT('',#12463);
#12463 = CARTESIAN_POINT('',(0.258401631976,0.56,-1.360961052011E-02));
#12464 = B_SPLINE_CURVE_WITH_KNOTS('',3,(#12465,#12466,#12467,#12468,
    #12469,#12470,#12471,#12472,#12473,#12474,#12475,#12476,#12477,
    #12478,#12479,#12480,#12481,#12482,#12483,#12484,#12485,#12486,
    #12487,#12488,#12489,#12490,#12491),.UNSPECIFIED.,.F.,.F.,(4,1,1,1,1
    ,1,1,1,1,1,1,1,1,1,1,1,1,1,1,1,1,1,1,1,4),(0.,6.506328961728E-02,
    0.126773166467,0.185515763226,0.240764679168,0.292979796024,
    0.34225037278,0.388919286186,0.432775664058,0.474628432631,
    0.514774690638,0.553605893498,0.591426406431,0.628028119946,
    0.66380363411,0.698984336132,0.733591489307,0.767628469151,
    0.801208347787,0.834263839727,0.866980694729,0.899719741518,
    0.932701912499,0.966175883433,1.),.UNSPECIFIED.);
#12465 = CARTESIAN_POINT('',(0.258401631976,0.56,-1.360961052011E-02));
#12466 = CARTESIAN_POINT('',(0.258336473522,0.56,-8.257219726017E-03));
#12467 = CARTESIAN_POINT('',(0.258209514931,0.56,2.171695459866E-03));
#12468 = CARTESIAN_POINT('',(0.257551644254,0.56,1.742479299185E-02));
#12469 = CARTESIAN_POINT('',(0.256255781136,0.56,3.18245973217E-02));
#12470 = CARTESIAN_POINT('',(0.254634782305,0.56,4.540564356757E-02));
#12471 = CARTESIAN_POINT('',(0.252389686008,0.56,5.811140545087E-02));
#12472 = CARTESIAN_POINT('',(0.249629169383,0.56,6.998585029766E-02));
#12473 = CARTESIAN_POINT('',(0.2465641371,0.56,8.10802574642E-02));
#12474 = CARTESIAN_POINT('',(0.242780657689,0.56,9.13037386252E-02));
#12475 = CARTESIAN_POINT('',(0.238639586655,0.56,0.100798910912));
#12476 = CARTESIAN_POINT('',(0.234134067037,0.56,0.109665625745));
#12477 = CARTESIAN_POINT('',(0.229307084429,0.56,0.117982255013));
#12478 = CARTESIAN_POINT('',(0.224048209928,0.56,0.125682229706));
#12479 = CARTESIAN_POINT('',(0.218442868609,0.56,0.132820095413));
#12480 = CARTESIAN_POINT('',(0.212371089729,0.56,0.139269857678));
#12481 = CARTESIAN_POINT('',(0.206004031219,0.56,0.145186924874));
#12482 = CARTESIAN_POINT('',(0.199262789636,0.56,0.150452087621));
#12483 = CARTESIAN_POINT('',(0.192221634513,0.56,0.155060568084));
#12484 = CARTESIAN_POINT('',(0.18502572682,0.56,0.159181953123));
#12485 = CARTESIAN_POINT('',(0.177547388485,0.56,0.162505222628));
#12486 = CARTESIAN_POINT('',(0.169956093212,0.56,0.165358726726));
#12487 = CARTESIAN_POINT('',(0.162143256601,0.56,0.167538771914));
#12488 = CARTESIAN_POINT('',(0.154118617532,0.56,0.169046157467));
#12489 = CARTESIAN_POINT('',(0.145922993939,0.56,0.170103342312));
#12490 = CARTESIAN_POINT('',(0.140382837431,0.56,0.1701839903));
#12491 = CARTESIAN_POINT('',(0.13759834672,0.56,0.170224524095));
#12492 = ORIENTED_EDGE('',*,*,#12493,.F.);
#12493 = EDGE_CURVE('',#12494,#12462,#12496,.T.);
#12494 = VERTEX_POINT('',#12495);
#12495 = CARTESIAN_POINT('',(0.13759834672,0.56,-0.197724193853));
#12496 = B_SPLINE_CURVE_WITH_KNOTS('',3,(#12497,#12498,#12499,#12500,
    #12501,#12502,#12503,#12504,#12505,#12506,#12507,#12508,#12509,
    #12510,#12511,#12512,#12513,#12514,#12515,#12516,#12517,#12518,
    #12519,#12520,#12521,#12522,#12523),.UNSPECIFIED.,.F.,.F.,(4,1,1,1,1
    ,1,1,1,1,1,1,1,1,1,1,1,1,1,1,1,1,1,1,1,4),(0.,3.378811616271E-02,
    6.719393237388E-02,9.986241085683E-02,0.132566612126,0.165151173255,
    0.197913187356,0.231319003567,0.265083278267,0.299255308758,
    0.334398566505,0.369942823509,0.4062835607,0.444063819699,
    0.482997706873,0.523354446613,0.565536589604,0.609612924066,
    0.656390811376,0.705885494936,0.758324500262,0.813831782941,
    0.872794559039,0.93472222954,1.),.UNSPECIFIED.);
#12497 = CARTESIAN_POINT('',(0.13759834672,0.56,-0.197724193853));
#12498 = CARTESIAN_POINT('',(0.140381894568,0.56,-0.197675412336));
#12499 = CARTESIAN_POINT('',(0.145917495458,0.56,-0.197578401245));
#12500 = CARTESIAN_POINT('',(0.154101532982,0.56,-0.196646006992));
#12501 = CARTESIAN_POINT('',(0.162096501154,0.56,-0.195098894682));
#12502 = CARTESIAN_POINT('',(0.169868315024,0.56,-0.192906797224));
#12503 = CARTESIAN_POINT('',(0.177480813671,0.56,-0.190187229558));
#12504 = CARTESIAN_POINT('',(0.184874454435,0.56,-0.186778517847));
#12505 = CARTESIAN_POINT('',(0.1920951626,0.56,-0.182810631113));
#12506 = CARTESIAN_POINT('',(0.199028191352,0.56,-0.178148243382));
#12507 = CARTESIAN_POINT('',(0.205749652886,0.56,-0.172950015762));
#12508 = CARTESIAN_POINT('',(0.212094449183,0.56,-0.167073748882));
#12509 = CARTESIAN_POINT('',(0.218063157773,0.56,-0.160578776955));
#12510 = CARTESIAN_POINT('',(0.223730688312,0.56,-0.153534590567));
#12511 = CARTESIAN_POINT('',(0.228936248032,0.56,-0.145806082083));
#12512 = CARTESIAN_POINT('',(0.233893591255,0.56,-0.137527671102));
#12513 = CARTESIAN_POINT('',(0.238330794845,0.56,-0.128554584622));
#12514 = CARTESIAN_POINT('',(0.242604262363,0.56,-0.119036537838));
#12515 = CARTESIAN_POINT('',(0.246292961037,0.56,-0.108710171958));
#12516 = CARTESIAN_POINT('',(0.249619585564,0.56,-9.763369590579E-02));
#12517 = CARTESIAN_POINT('',(0.252307482422,0.56,-8.567627722045E-02));
#12518 = CARTESIAN_POINT('',(0.254546409656,0.56,-7.290065269094E-02));
#12519 = CARTESIAN_POINT('',(0.25628089925,0.56,-5.925990436693E-02));
#12520 = CARTESIAN_POINT('',(0.257544163458,0.56,-4.478327281575E-02));
#12521 = CARTESIAN_POINT('',(0.258211471962,0.56,-2.946123375167E-02));
#12522 = CARTESIAN_POINT('',(0.258337142083,0.56,-1.898544883396E-02));
#12523 = CARTESIAN_POINT('',(0.258401631976,0.56,-1.360961052011E-02));
#12524 = ORIENTED_EDGE('',*,*,#12525,.F.);
#12525 = EDGE_CURVE('',#12430,#12494,#12526,.T.);
#12526 = B_SPLINE_CURVE_WITH_KNOTS('',3,(#12527,#12528,#12529,#12530,
    #12531,#12532,#12533,#12534,#12535,#12536,#12537,#12538,#12539,
    #12540,#12541,#12542,#12543,#12544,#12545,#12546,#12547,#12548,
    #12549,#12550,#12551,#12552,#12553),.UNSPECIFIED.,.F.,.F.,(4,1,1,1,1
    ,1,1,1,1,1,1,1,1,1,1,1,1,1,1,1,1,1,1,1,4),(0.,6.859462225874E-02,
    0.133246042443,0.194312586468,0.251279223117,0.304513439256,
    0.354234906653,0.400480588774,0.443410754938,0.484014868616,
    0.523252300773,0.561042372728,0.597900239364,0.633518488856,
    0.66831435117,0.702495671286,0.736685353513,0.770293169361,
    0.803437255019,0.835912951666,0.868460245789,0.900846538243,
    0.933466524631,0.966257575298,1.),.UNSPECIFIED.);
#12527 = CARTESIAN_POINT('',(2.058111915558E-02,0.56,-1.360961052011E-02
    ));
#12528 = CARTESIAN_POINT('',(2.061392097133E-02,0.56,-1.921934929353E-02
    ));
#12529 = CARTESIAN_POINT('',(2.067763897121E-02,0.56,-3.011634771828E-02
    ));
#12530 = CARTESIAN_POINT('',(2.138648106544E-02,0.56,-4.599481192496E-02
    ));
#12531 = CARTESIAN_POINT('',(2.256401529675E-02,0.56,-6.089084082448E-02
    ));
#12532 = CARTESIAN_POINT('',(2.417775258178E-02,0.56,-7.480514742832E-02
    ));
#12533 = CARTESIAN_POINT('',(2.614155060414E-02,0.56,-8.774132388009E-02
    ));
#12534 = CARTESIAN_POINT('',(2.876309926427E-02,0.56,-9.966479959372E-02
    ));
#12535 = CARTESIAN_POINT('',(3.174437952577E-02,0.56,-0.110630760255));
#12536 = CARTESIAN_POINT('',(3.519962410682E-02,0.56,-0.120674965103));
#12537 = CARTESIAN_POINT('',(3.909840300865E-02,0.56,-0.129932735405));
#12538 = CARTESIAN_POINT('',(4.334182908086E-02,0.56,-0.138575255534));
#12539 = CARTESIAN_POINT('',(4.809830852322E-02,0.56,-0.146589448768));
#12540 = CARTESIAN_POINT('',(5.309599981593E-02,0.56,-0.15410322781));
#12541 = CARTESIAN_POINT('',(5.853720697871E-02,0.56,-0.160993597289));
#12542 = CARTESIAN_POINT('',(6.426708602543E-02,0.56,-0.167357863541));
#12543 = CARTESIAN_POINT('',(7.050927365215E-02,0.56,-0.173048938588));
#12544 = CARTESIAN_POINT('',(7.705157447949E-02,0.56,-0.178233568826));
#12545 = CARTESIAN_POINT('',(8.395322091866E-02,0.56,-0.182778515993));
#12546 = CARTESIAN_POINT('',(9.101748753298E-02,0.56,-0.186781789855));
#12547 = CARTESIAN_POINT('',(9.829299811858E-02,0.56,-0.190201776581));
#12548 = CARTESIAN_POINT('',(0.105799616408,0.56,-0.192890820167));
#12549 = CARTESIAN_POINT('',(0.113469872197,0.56,-0.195111904844));
#12550 = CARTESIAN_POINT('',(0.121330578866,0.56,-0.196630799609));
#12551 = CARTESIAN_POINT('',(0.12939471526,0.56,-0.197586490458));
#12552 = CARTESIAN_POINT('',(0.13483785874,0.56,-0.197677857232));
#12553 = CARTESIAN_POINT('',(0.13759834672,0.56,-0.197724193853));
#12554 = FACE_BOUND('',#12555,.T.);
#12555 = EDGE_LOOP('',(#12556,#12586,#12614,#12642,#12658));
#12556 = ORIENTED_EDGE('',*,*,#12557,.F.);
#12557 = EDGE_CURVE('',#12558,#12560,#12562,.T.);
#12558 = VERTEX_POINT('',#12559);
#12559 = CARTESIAN_POINT('',(5.199137556584E-02,0.56,-1.374983487908E-02
    ));
#12560 = VERTEX_POINT('',#12561);
#12561 = CARTESIAN_POINT('',(0.138650029412,0.56,0.134327088198));
#12562 = B_SPLINE_CURVE_WITH_KNOTS('',3,(#12563,#12564,#12565,#12566,
    #12567,#12568,#12569,#12570,#12571,#12572,#12573,#12574,#12575,
    #12576,#12577,#12578,#12579,#12580,#12581,#12582,#12583,#12584,
    #12585),.UNSPECIFIED.,.F.,.F.,(4,1,1,1,1,1,1,1,1,1,1,1,1,1,1,1,1,1,1
    ,1,4),(0.,7.295106587587E-02,0.141583694187,0.205926460171,
    0.265301357185,0.320597232714,0.371816503099,0.418789769709,
    0.461698728616,0.502133582104,0.540804315293,0.578180525328,
    0.614296865208,0.649678243265,0.68429946009,0.718358952772,
    0.752080864648,0.817652438602,0.879722076405,0.939965559731,1.),
  .UNSPECIFIED.);
#12563 = CARTESIAN_POINT('',(5.199137556584E-02,0.56,-1.374983487908E-02
    ));
#12564 = CARTESIAN_POINT('',(5.200332027259E-02,0.56,-9.074964998696E-03
    ));
#12565 = CARTESIAN_POINT('',(5.202650260293E-02,0.56,-1.960518780212E-06
    ));
#12566 = CARTESIAN_POINT('',(5.263212266065E-02,0.56,1.318236557881E-02)
  );
#12567 = CARTESIAN_POINT('',(5.34571458606E-02,0.56,2.547939846053E-02)
  );
#12568 = CARTESIAN_POINT('',(5.452127557912E-02,0.56,3.690475210704E-02)
  );
#12569 = CARTESIAN_POINT('',(5.610157043172E-02,0.56,4.741975335802E-02)
  );
#12570 = CARTESIAN_POINT('',(5.787224921349E-02,0.56,5.709672166454E-02)
  );
#12571 = CARTESIAN_POINT('',(6.002705817541E-02,0.56,6.588444537592E-02)
  );
#12572 = CARTESIAN_POINT('',(6.257655996211E-02,0.56,7.384322644637E-02)
  );
#12573 = CARTESIAN_POINT('',(6.548046965145E-02,0.56,8.110813329591E-02)
  );
#12574 = CARTESIAN_POINT('',(6.865105601846E-02,0.56,8.786825480864E-02)
  );
#12575 = CARTESIAN_POINT('',(7.205712830895E-02,0.56,9.420344845222E-02)
  );
#12576 = CARTESIAN_POINT('',(7.586904336425E-02,0.56,0.10005680929));
#12577 = CARTESIAN_POINT('',(8.002054968715E-02,0.56,0.105447425697));
#12578 = CARTESIAN_POINT('',(8.44178756009E-02,0.56,0.110470708929));
#12579 = CARTESIAN_POINT('',(8.922513402511E-02,0.56,0.114950407063));
#12580 = CARTESIAN_POINT('',(9.587550827943E-02,0.56,0.120323092566));
#12581 = CARTESIAN_POINT('',(0.104655155722,0.56,0.125875005939));
#12582 = CARTESIAN_POINT('',(0.115717201245,0.56,0.130709614922));
#12583 = CARTESIAN_POINT('',(0.127084046343,0.56,0.133747860565));
#12584 = CARTESIAN_POINT('',(0.134799171352,0.56,0.134134236161));
#12585 = CARTESIAN_POINT('',(0.138650029412,0.56,0.134327088198));
#12586 = ORIENTED_EDGE('',*,*,#12587,.F.);
#12587 = EDGE_CURVE('',#12588,#12558,#12590,.T.);
#12588 = VERTEX_POINT('',#12589);
#12589 = CARTESIAN_POINT('',(0.138650029412,0.56,-0.161826757956));
#12590 = B_SPLINE_CURVE_WITH_KNOTS('',3,(#12591,#12592,#12593,#12594,
    #12595,#12596,#12597,#12598,#12599,#12600,#12601,#12602,#12603,
    #12604,#12605,#12606,#12607,#12608,#12609,#12610,#12611,#12612,
    #12613),.UNSPECIFIED.,.F.,.F.,(4,1,1,1,1,1,1,1,1,1,1,1,1,1,1,1,1,1,1
    ,1,4),(0.,6.038661931106E-02,0.120883248586,0.182754618625,
    0.247811029758,0.281299100043,0.315087624151,0.34970239555,
    0.384856581119,0.420966197226,0.458511188261,0.497174722127,
    0.537602047866,0.58050301842,0.627467540027,0.678388209559,
    0.733983220593,0.793746704551,0.857713672161,0.926697864361,1.),
  .UNSPECIFIED.);
#12591 = CARTESIAN_POINT('',(0.138650029412,0.56,-0.161826757956));
#12592 = CARTESIAN_POINT('',(0.134778970203,0.56,-0.161623613291));
#12593 = CARTESIAN_POINT('',(0.127029799643,0.56,-0.161216953881));
#12594 = CARTESIAN_POINT('',(0.11558500417,0.56,-0.158347628522));
#12595 = CARTESIAN_POINT('',(0.104614569006,0.56,-0.153346331928));
#12596 = CARTESIAN_POINT('',(9.589027153801E-02,0.56,-0.147851094681));
#12597 = CARTESIAN_POINT('',(8.920389288725E-02,0.56,-0.142617263537));
#12598 = CARTESIAN_POINT('',(8.449562354957E-02,0.56,-0.138078618131));
#12599 = CARTESIAN_POINT('',(8.008100632781E-02,0.56,-0.133113992695));
#12600 = CARTESIAN_POINT('',(7.601423631404E-02,0.56,-0.12767380121));
#12601 = CARTESIAN_POINT('',(7.220530799481E-02,0.56,-0.121827264478));
#12602 = CARTESIAN_POINT('',(6.870720673724E-02,0.56,-0.115528388005));
#12603 = CARTESIAN_POINT('',(6.555547376964E-02,0.56,-0.108745251583));
#12604 = CARTESIAN_POINT('',(6.264702015162E-02,0.56,-0.101483608041));
#12605 = CARTESIAN_POINT('',(6.0089741349E-02,0.56,-9.352551359747E-02)
  );
#12606 = CARTESIAN_POINT('',(5.7980345026E-02,0.56,-8.474861423812E-02)
  );
#12607 = CARTESIAN_POINT('',(5.603163971401E-02,0.56,-7.51024250592E-02)
  );
#12608 = CARTESIAN_POINT('',(5.465211282396E-02,0.56,-6.453047426469E-02
    ));
#12609 = CARTESIAN_POINT('',(5.342573724778E-02,0.56,-5.310225892776E-02
    ));
#12610 = CARTESIAN_POINT('',(5.263760245256E-02,0.56,-4.077452710483E-02
    ));
#12611 = CARTESIAN_POINT('',(5.202447670564E-02,0.56,-2.756808906459E-02
    ));
#12612 = CARTESIAN_POINT('',(5.200263026936E-02,0.56,-1.844817321433E-02
    ));
#12613 = CARTESIAN_POINT('',(5.199137556584E-02,0.56,-1.374983487908E-02
    ));
#12614 = ORIENTED_EDGE('',*,*,#12615,.F.);
#12615 = EDGE_CURVE('',#12616,#12588,#12618,.T.);
#12616 = VERTEX_POINT('',#12617);
#12617 = CARTESIAN_POINT('',(0.226991375566,0.56,-1.374983487908E-02));
#12618 = B_SPLINE_CURVE_WITH_KNOTS('',3,(#12619,#12620,#12621,#12622,
    #12623,#12624,#12625,#12626,#12627,#12628,#12629,#12630,#12631,
    #12632,#12633,#12634,#12635,#12636,#12637,#12638,#12639,#12640,
    #12641),.UNSPECIFIED.,.F.,.F.,(4,1,1,1,1,1,1,1,1,1,1,1,1,1,1,1,1,1,1
    ,1,4),(0.,6.568119799064E-02,0.128486464174,0.188175130328,
    0.24510613067,0.299448424529,0.350822936009,0.399941680534,
    0.446671743632,0.491254533373,0.53337634427,0.573852754968,
    0.612526311719,0.649597136445,0.685532041554,0.720105786068,
    0.753837662974,0.818925416047,0.88049346165,0.940311333846,1.),
  .UNSPECIFIED.);
#12619 = CARTESIAN_POINT('',(0.226991375566,0.56,-1.374983487908E-02));
#12620 = CARTESIAN_POINT('',(0.226936356643,0.56,-1.795659213089E-02));
#12621 = CARTESIAN_POINT('',(0.226828727867,0.56,-2.618590860894E-02));
#12622 = CARTESIAN_POINT('',(0.226417329097,0.56,-3.823772667516E-02));
#12623 = CARTESIAN_POINT('',(0.225354971648,0.56,-4.968450276607E-02));
#12624 = CARTESIAN_POINT('',(0.224175059761,0.56,-6.05755500325E-02));
#12625 = CARTESIAN_POINT('',(0.222435337652,0.56,-7.085058030295E-02));
#12626 = CARTESIAN_POINT('',(0.220559556964,0.56,-8.059561082858E-02));
#12627 = CARTESIAN_POINT('',(0.218039435735,0.56,-8.968991331052E-02));
#12628 = CARTESIAN_POINT('',(0.215347458238,0.56,-9.827587148168E-02));
#12629 = CARTESIAN_POINT('',(0.212266418684,0.56,-0.106255936932));
#12630 = CARTESIAN_POINT('',(0.208874845259,0.56,-0.113667315568));
#12631 = CARTESIAN_POINT('',(0.205252669382,0.56,-0.120545788044));
#12632 = CARTESIAN_POINT('',(0.201318445336,0.56,-0.126872482201));
#12633 = CARTESIAN_POINT('',(0.197118877029,0.56,-0.132675736492));
#12634 = CARTESIAN_POINT('',(0.19254312211,0.56,-0.137839195948));
#12635 = CARTESIAN_POINT('',(0.187772684828,0.56,-0.142522892759));
#12636 = CARTESIAN_POINT('',(0.181090966246,0.56,-0.147869149671));
#12637 = CARTESIAN_POINT('',(0.172343537266,0.56,-0.153320319219));
#12638 = CARTESIAN_POINT('',(0.161458972532,0.56,-0.158336895205));
#12639 = CARTESIAN_POINT('',(0.150131908107,0.56,-0.161217724468));
#12640 = CARTESIAN_POINT('',(0.142474562698,0.56,-0.161623893171));
#12641 = CARTESIAN_POINT('',(0.138650029412,0.56,-0.161826757956));
#12642 = ORIENTED_EDGE('',*,*,#12643,.F.);
#12643 = EDGE_CURVE('',#12644,#12616,#12646,.T.);
#12644 = VERTEX_POINT('',#12645);
#12645 = CARTESIAN_POINT('',(0.213740173643,0.56,7.424095037733E-02));
#12646 = B_SPLINE_CURVE_WITH_KNOTS('',3,(#12647,#12648,#12649,#12650,
    #12651,#12652,#12653,#12654,#12655,#12656,#12657),.UNSPECIFIED.,.F.,
  .F.,(4,1,1,1,1,1,1,1,4),(0.,0.110588338595,0.224541754054,
    0.34250349405,0.464324098417,0.590756032702,0.722227475356,
    0.858842836209,1.),.UNSPECIFIED.);
#12647 = CARTESIAN_POINT('',(0.213740173643,0.56,7.424095037733E-02));
#12648 = CARTESIAN_POINT('',(0.214795350422,0.56,7.11179764307E-02));
#12649 = CARTESIAN_POINT('',(0.216937811805,0.56,6.477700000635E-02));
#12650 = CARTESIAN_POINT('',(0.219698989232,0.56,5.49406347983E-02));
#12651 = CARTESIAN_POINT('',(0.221873529153,0.56,4.462035840451E-02));
#12652 = CARTESIAN_POINT('',(0.223829865728,0.56,3.387784673266E-02));
#12653 = CARTESIAN_POINT('',(0.225165171318,0.56,2.263387663156E-02));
#12654 = CARTESIAN_POINT('',(0.226239952646,0.56,1.092323823999E-02));
#12655 = CARTESIAN_POINT('',(0.22687302134,0.56,-1.262897983555E-03));
#12656 = CARTESIAN_POINT('',(0.226951496447,0.56,-9.54239710308E-03));
#12657 = CARTESIAN_POINT('',(0.226991375566,0.56,-1.374983487908E-02));
#12658 = ORIENTED_EDGE('',*,*,#12659,.F.);
#12659 = EDGE_CURVE('',#12560,#12644,#12660,.T.);
#12660 = B_SPLINE_CURVE_WITH_KNOTS('',3,(#12661,#12662,#12663,#12664,
    #12665,#12666,#12667,#12668,#12669,#12670,#12671,#12672,#12673,
    #12674,#12675),.UNSPECIFIED.,.F.,.F.,(4,1,1,1,1,1,1,1,1,1,1,1,4),(0.
    ,0.112813400744,0.225393883921,0.339594814563,0.459675410225,
    0.521735190088,0.583925838739,0.648174144765,0.713881038113,
    0.781004454907,0.851450927557,0.924050692664,1.),.UNSPECIFIED.);
#12661 = CARTESIAN_POINT('',(0.138650029412,0.56,0.134327088198));
#12662 = CARTESIAN_POINT('',(0.142525796578,0.56,0.134167310117));
#12663 = CARTESIAN_POINT('',(0.150269328896,0.56,0.133848083836));
#12664 = CARTESIAN_POINT('',(0.16158270841,0.56,0.130768210099));
#12665 = CARTESIAN_POINT('',(0.172565735419,0.56,0.126121256153));
#12666 = CARTESIAN_POINT('',(0.181172929447,0.56,0.120626505611));
#12667 = CARTESIAN_POINT('',(0.187721183797,0.56,0.115393672666));
#12668 = CARTESIAN_POINT('',(0.192412882807,0.56,0.110932207834));
#12669 = CARTESIAN_POINT('',(0.196719087651,0.56,0.105936621104));
#12670 = CARTESIAN_POINT('',(0.200803295136,0.56,0.100546691512));
#12671 = CARTESIAN_POINT('',(0.204549202704,0.56,9.465944309484E-02));
#12672 = CARTESIAN_POINT('',(0.207955516473,0.56,8.830318556823E-02));
#12673 = CARTESIAN_POINT('',(0.211063851228,0.56,8.146026777701E-02));
#12674 = CARTESIAN_POINT('',(0.212834755823,0.56,7.668329386543E-02));
#12675 = CARTESIAN_POINT('',(0.213740173643,0.56,7.424095037733E-02));
#12676 = PLANE('',#12677);
#12677 = AXIS2_PLACEMENT_3D('',#12678,#12679,#12680);
#12678 = CARTESIAN_POINT('',(4.11328817936E-02,0.56,0.106108676337));
#12679 = DIRECTION('',(2.247161780009E-15,1.,-1.330120806929E-13));
#12680 = DIRECTION('',(0.,1.330120806929E-13,1.));
#12681 = ADVANCED_FACE('',(#12682),#12698,.T.);
#12682 = FACE_BOUND('',#12683,.T.);
#12683 = EDGE_LOOP('',(#12684,#12685,#12691,#12692));
#12684 = ORIENTED_EDGE('',*,*,#10238,.F.);
#12685 = ORIENTED_EDGE('',*,*,#12686,.F.);
#12686 = EDGE_CURVE('',#12428,#10207,#12687,.T.);
#12687 = LINE('',#12688,#12689);
#12688 = CARTESIAN_POINT('',(0.13759834672,0.56,0.170224524095));
#12689 = VECTOR('',#12690,1.);
#12690 = DIRECTION('',(-3.761581922631E-31,-1.,-9.429630734102E-47));
#12691 = ORIENTED_EDGE('',*,*,#12427,.T.);
#12692 = ORIENTED_EDGE('',*,*,#12693,.T.);
#12693 = EDGE_CURVE('',#12430,#10239,#12694,.T.);
#12694 = LINE('',#12695,#12696);
#12695 = CARTESIAN_POINT('',(2.058111915558E-02,0.56,-1.360961052011E-02
    ));
#12696 = VECTOR('',#12697,1.);
#12697 = DIRECTION('',(-3.761581922631E-31,-1.,-9.429630734102E-47));
#12698 = B_SPLINE_SURFACE_WITH_KNOTS('',3,1,(
    (#12699,#12700)
    ,(#12701,#12702)
    ,(#12703,#12704)
    ,(#12705,#12706)
    ,(#12707,#12708)
    ,(#12709,#12710)
    ,(#12711,#12712)
    ,(#12713,#12714)
    ,(#12715,#12716)
    ,(#12717,#12718)
    ,(#12719,#12720)
    ,(#12721,#12722)
    ,(#12723,#12724)
    ,(#12725,#12726)
    ,(#12727,#12728)
    ,(#12729,#12730)
    ,(#12731,#12732)
    ,(#12733,#12734)
    ,(#12735,#12736)
    ,(#12737,#12738)
    ,(#12739,#12740)
    ,(#12741,#12742)
    ,(#12743,#12744)
    ,(#12745,#12746)
    ,(#12747,#12748)
    ,(#12749,#12750)
    ,(#12751,#12752
    )),.UNSPECIFIED.,.F.,.F.,.F.,(4,1,1,1,1,1,1,1,1,1,1,1,1,1,1,1,1,1,1,
    1,1,1,1,1,4),(2,2),(0.,3.378714634699E-02,6.662165772429E-02,
    9.928487809597E-02,0.131361165043,0.163585187595,0.196103926987,
    0.228902254324,0.262158055905,0.295991222258,0.330217845725,
    0.365059825892,0.40095073734,0.437620382077,0.475707529437,
    0.515380691625,0.556413541493,0.599764829873,0.646424155584,
    0.696431444518,0.749781517802,0.806573306976,0.867435531565,
    0.931886753251,1.),(0.,1.),.UNSPECIFIED.);
#12699 = CARTESIAN_POINT('',(0.13759834672,0.56,0.170224524095));
#12700 = CARTESIAN_POINT('',(0.13759834672,0.55,0.170224524095));
#12701 = CARTESIAN_POINT('',(0.134837935321,0.56,0.170177888549));
#12702 = CARTESIAN_POINT('',(0.134837935321,0.55,0.170177888549));
#12703 = CARTESIAN_POINT('',(0.129394942845,0.56,0.170085932356));
#12704 = CARTESIAN_POINT('',(0.129394942845,0.55,0.170085932356));
#12705 = CARTESIAN_POINT('',(0.121329700301,0.56,0.169134559207));
#12706 = CARTESIAN_POINT('',(0.121329700301,0.55,0.169134559207));
#12707 = CARTESIAN_POINT('',(0.113501455957,0.56,0.167605008886));
#12708 = CARTESIAN_POINT('',(0.113501455957,0.55,0.167605008886));
#12709 = CARTESIAN_POINT('',(0.105871580553,0.56,0.165463348476));
#12710 = CARTESIAN_POINT('',(0.105871580553,0.55,0.165463348476));
#12711 = CARTESIAN_POINT('',(9.840092904454E-02,0.56,0.162841864845));
#12712 = CARTESIAN_POINT('',(9.840092904454E-02,0.55,0.162841864845));
#12713 = CARTESIAN_POINT('',(9.119130037896E-02,0.56,0.159426496485));
#12714 = CARTESIAN_POINT('',(9.119130037896E-02,0.55,0.159426496485));
#12715 = CARTESIAN_POINT('',(8.416253200989E-02,0.56,0.155493089589));
#12716 = CARTESIAN_POINT('',(8.416253200989E-02,0.55,0.155493089589));
#12717 = CARTESIAN_POINT('',(7.733337640808E-02,0.56,0.151013547445));
#12718 = CARTESIAN_POINT('',(7.733337640808E-02,0.55,0.151013547445));
#12719 = CARTESIAN_POINT('',(7.08321603041E-02,0.56,0.145881379132));
#12720 = CARTESIAN_POINT('',(7.08321603041E-02,0.55,0.145881379132));
#12721 = CARTESIAN_POINT('',(6.462229977272E-02,0.56,0.140204950264));
#12722 = CARTESIAN_POINT('',(6.462229977272E-02,0.55,0.140204950264));
#12723 = CARTESIAN_POINT('',(5.885979786302E-02,0.56,0.133842609134));
#12724 = CARTESIAN_POINT('',(5.885979786302E-02,0.55,0.133842609134));
#12725 = CARTESIAN_POINT('',(5.349638830129E-02,0.56,0.126894816823));
#12726 = CARTESIAN_POINT('',(5.349638830129E-02,0.55,0.126894816823));
#12727 = CARTESIAN_POINT('',(4.839897948171E-02,0.56,0.11942549259));
#12728 = CARTESIAN_POINT('',(4.839897948171E-02,0.55,0.11942549259));
#12729 = CARTESIAN_POINT('',(4.371004214979E-02,0.56,0.111332655285));
#12730 = CARTESIAN_POINT('',(4.371004214979E-02,0.55,0.111332655285));
#12731 = CARTESIAN_POINT('',(3.937295674298E-02,0.56,0.102648394236));
#12732 = CARTESIAN_POINT('',(3.937295674298E-02,0.55,0.102648394236));
#12733 = CARTESIAN_POINT('',(3.540860767613E-02,0.56,9.331660316894E-02)
  );
#12734 = CARTESIAN_POINT('',(3.540860767613E-02,0.55,9.331660316894E-02)
  );
#12735 = CARTESIAN_POINT('',(3.189374132464E-02,0.56,8.320111038296E-02)
  );
#12736 = CARTESIAN_POINT('',(3.189374132464E-02,0.55,8.320111038296E-02)
  );
#12737 = CARTESIAN_POINT('',(2.87889705133E-02,0.56,7.218619253271E-02)
  );
#12738 = CARTESIAN_POINT('',(2.87889705133E-02,0.55,7.218619253271E-02)
  );
#12739 = CARTESIAN_POINT('',(2.633755476629E-02,0.56,6.01746289213E-02)
  );
#12740 = CARTESIAN_POINT('',(2.633755476629E-02,0.55,6.01746289213E-02)
  );
#12741 = CARTESIAN_POINT('',(2.4239259233E-02,0.56,4.726289221077E-02));
#12742 = CARTESIAN_POINT('',(2.4239259233E-02,0.55,4.726289221077E-02));
#12743 = CARTESIAN_POINT('',(2.254682092865E-02,0.56,3.339549917218E-02)
  );
#12744 = CARTESIAN_POINT('',(2.254682092865E-02,0.55,3.339549917218E-02)
  );
#12745 = CARTESIAN_POINT('',(2.139138839682E-02,0.56,1.856492135349E-02)
  );
#12746 = CARTESIAN_POINT('',(2.139138839682E-02,0.55,1.856492135349E-02)
  );
#12747 = CARTESIAN_POINT('',(2.067725689324E-02,0.56,2.780400460877E-03)
  );
#12748 = CARTESIAN_POINT('',(2.067725689324E-02,0.55,2.780400460877E-03)
  );
#12749 = CARTESIAN_POINT('',(2.061374985123E-02,0.56,-8.046576970783E-03
    ));
#12750 = CARTESIAN_POINT('',(2.061374985123E-02,0.55,-8.046576970783E-03
    ));
#12751 = CARTESIAN_POINT('',(2.058111915558E-02,0.56,-1.360961052011E-02
    ));
#12752 = CARTESIAN_POINT('',(2.058111915558E-02,0.55,-1.360961052011E-02
    ));
#12753 = ADVANCED_FACE('',(#12754),#12765,.T.);
#12754 = FACE_BOUND('',#12755,.T.);
#12755 = EDGE_LOOP('',(#12756,#12757,#12763,#12764));
#12756 = ORIENTED_EDGE('',*,*,#10204,.F.);
#12757 = ORIENTED_EDGE('',*,*,#12758,.F.);
#12758 = EDGE_CURVE('',#12462,#10205,#12759,.T.);
#12759 = LINE('',#12760,#12761);
#12760 = CARTESIAN_POINT('',(0.258401631976,0.56,-1.360961052011E-02));
#12761 = VECTOR('',#12762,1.);
#12762 = DIRECTION('',(-3.761581922631E-31,-1.,-9.429630734102E-47));
#12763 = ORIENTED_EDGE('',*,*,#12461,.T.);
#12764 = ORIENTED_EDGE('',*,*,#12686,.T.);
#12765 = B_SPLINE_SURFACE_WITH_KNOTS('',3,1,(
    (#12766,#12767)
    ,(#12768,#12769)
    ,(#12770,#12771)
    ,(#12772,#12773)
    ,(#12774,#12775)
    ,(#12776,#12777)
    ,(#12778,#12779)
    ,(#12780,#12781)
    ,(#12782,#12783)
    ,(#12784,#12785)
    ,(#12786,#12787)
    ,(#12788,#12789)
    ,(#12790,#12791)
    ,(#12792,#12793)
    ,(#12794,#12795)
    ,(#12796,#12797)
    ,(#12798,#12799)
    ,(#12800,#12801)
    ,(#12802,#12803)
    ,(#12804,#12805)
    ,(#12806,#12807)
    ,(#12808,#12809)
    ,(#12810,#12811)
    ,(#12812,#12813)
    ,(#12814,#12815)
    ,(#12816,#12817)
    ,(#12818,#12819
    )),.UNSPECIFIED.,.F.,.F.,.F.,(4,1,1,1,1,1,1,1,1,1,1,1,1,1,1,1,1,1,1,
    1,1,1,1,1,4),(2,2),(0.,6.506328961728E-02,0.126773166467,
    0.185515763226,0.240764679168,0.292979796024,0.34225037278,
    0.388919286186,0.432775664058,0.474628432631,0.514774690638,
    0.553605893498,0.591426406431,0.628028119946,0.66380363411,
    0.698984336132,0.733591489307,0.767628469151,0.801208347787,
    0.834263839727,0.866980694729,0.899719741518,0.932701912499,
    0.966175883433,1.),(0.,1.),.UNSPECIFIED.);
#12766 = CARTESIAN_POINT('',(0.258401631976,0.56,-1.360961052011E-02));
#12767 = CARTESIAN_POINT('',(0.258401631976,0.55,-1.360961052011E-02));
#12768 = CARTESIAN_POINT('',(0.258336473522,0.56,-8.257219726017E-03));
#12769 = CARTESIAN_POINT('',(0.258336473522,0.55,-8.257219726017E-03));
#12770 = CARTESIAN_POINT('',(0.258209514931,0.56,2.171695459866E-03));
#12771 = CARTESIAN_POINT('',(0.258209514931,0.55,2.171695459866E-03));
#12772 = CARTESIAN_POINT('',(0.257551644254,0.56,1.742479299185E-02));
#12773 = CARTESIAN_POINT('',(0.257551644254,0.55,1.742479299185E-02));
#12774 = CARTESIAN_POINT('',(0.256255781136,0.56,3.18245973217E-02));
#12775 = CARTESIAN_POINT('',(0.256255781136,0.55,3.18245973217E-02));
#12776 = CARTESIAN_POINT('',(0.254634782305,0.56,4.540564356757E-02));
#12777 = CARTESIAN_POINT('',(0.254634782305,0.55,4.540564356757E-02));
#12778 = CARTESIAN_POINT('',(0.252389686008,0.56,5.811140545087E-02));
#12779 = CARTESIAN_POINT('',(0.252389686008,0.55,5.811140545087E-02));
#12780 = CARTESIAN_POINT('',(0.249629169383,0.56,6.998585029766E-02));
#12781 = CARTESIAN_POINT('',(0.249629169383,0.55,6.998585029766E-02));
#12782 = CARTESIAN_POINT('',(0.2465641371,0.56,8.10802574642E-02));
#12783 = CARTESIAN_POINT('',(0.2465641371,0.55,8.10802574642E-02));
#12784 = CARTESIAN_POINT('',(0.242780657689,0.56,9.13037386252E-02));
#12785 = CARTESIAN_POINT('',(0.242780657689,0.55,9.13037386252E-02));
#12786 = CARTESIAN_POINT('',(0.238639586655,0.56,0.100798910912));
#12787 = CARTESIAN_POINT('',(0.238639586655,0.55,0.100798910912));
#12788 = CARTESIAN_POINT('',(0.234134067037,0.56,0.109665625745));
#12789 = CARTESIAN_POINT('',(0.234134067037,0.55,0.109665625745));
#12790 = CARTESIAN_POINT('',(0.229307084429,0.56,0.117982255013));
#12791 = CARTESIAN_POINT('',(0.229307084429,0.55,0.117982255013));
#12792 = CARTESIAN_POINT('',(0.224048209928,0.56,0.125682229706));
#12793 = CARTESIAN_POINT('',(0.224048209928,0.55,0.125682229706));
#12794 = CARTESIAN_POINT('',(0.218442868609,0.56,0.132820095413));
#12795 = CARTESIAN_POINT('',(0.218442868609,0.55,0.132820095413));
#12796 = CARTESIAN_POINT('',(0.212371089729,0.56,0.139269857678));
#12797 = CARTESIAN_POINT('',(0.212371089729,0.55,0.139269857678));
#12798 = CARTESIAN_POINT('',(0.206004031219,0.56,0.145186924874));
#12799 = CARTESIAN_POINT('',(0.206004031219,0.55,0.145186924874));
#12800 = CARTESIAN_POINT('',(0.199262789636,0.56,0.150452087621));
#12801 = CARTESIAN_POINT('',(0.199262789636,0.55,0.150452087621));
#12802 = CARTESIAN_POINT('',(0.192221634513,0.56,0.155060568084));
#12803 = CARTESIAN_POINT('',(0.192221634513,0.55,0.155060568084));
#12804 = CARTESIAN_POINT('',(0.18502572682,0.56,0.159181953123));
#12805 = CARTESIAN_POINT('',(0.18502572682,0.55,0.159181953123));
#12806 = CARTESIAN_POINT('',(0.177547388485,0.56,0.162505222628));
#12807 = CARTESIAN_POINT('',(0.177547388485,0.55,0.162505222628));
#12808 = CARTESIAN_POINT('',(0.169956093212,0.56,0.165358726726));
#12809 = CARTESIAN_POINT('',(0.169956093212,0.55,0.165358726726));
#12810 = CARTESIAN_POINT('',(0.162143256601,0.56,0.167538771914));
#12811 = CARTESIAN_POINT('',(0.162143256601,0.55,0.167538771914));
#12812 = CARTESIAN_POINT('',(0.154118617532,0.56,0.169046157467));
#12813 = CARTESIAN_POINT('',(0.154118617532,0.55,0.169046157467));
#12814 = CARTESIAN_POINT('',(0.145922993939,0.56,0.170103342312));
#12815 = CARTESIAN_POINT('',(0.145922993939,0.55,0.170103342312));
#12816 = CARTESIAN_POINT('',(0.140382837431,0.56,0.1701839903));
#12817 = CARTESIAN_POINT('',(0.140382837431,0.55,0.1701839903));
#12818 = CARTESIAN_POINT('',(0.13759834672,0.56,0.170224524095));
#12819 = CARTESIAN_POINT('',(0.13759834672,0.55,0.170224524095));
#12820 = ADVANCED_FACE('',(#12821),#12832,.T.);
#12821 = FACE_BOUND('',#12822,.T.);
#12822 = EDGE_LOOP('',(#12823,#12824,#12830,#12831));
#12823 = ORIENTED_EDGE('',*,*,#10302,.F.);
#12824 = ORIENTED_EDGE('',*,*,#12825,.F.);
#12825 = EDGE_CURVE('',#12494,#10271,#12826,.T.);
#12826 = LINE('',#12827,#12828);
#12827 = CARTESIAN_POINT('',(0.13759834672,0.56,-0.197724193853));
#12828 = VECTOR('',#12829,1.);
#12829 = DIRECTION('',(-3.761581922631E-31,-1.,-9.429630734102E-47));
#12830 = ORIENTED_EDGE('',*,*,#12493,.T.);
#12831 = ORIENTED_EDGE('',*,*,#12758,.T.);
#12832 = B_SPLINE_SURFACE_WITH_KNOTS('',3,1,(
    (#12833,#12834)
    ,(#12835,#12836)
    ,(#12837,#12838)
    ,(#12839,#12840)
    ,(#12841,#12842)
    ,(#12843,#12844)
    ,(#12845,#12846)
    ,(#12847,#12848)
    ,(#12849,#12850)
    ,(#12851,#12852)
    ,(#12853,#12854)
    ,(#12855,#12856)
    ,(#12857,#12858)
    ,(#12859,#12860)
    ,(#12861,#12862)
    ,(#12863,#12864)
    ,(#12865,#12866)
    ,(#12867,#12868)
    ,(#12869,#12870)
    ,(#12871,#12872)
    ,(#12873,#12874)
    ,(#12875,#12876)
    ,(#12877,#12878)
    ,(#12879,#12880)
    ,(#12881,#12882)
    ,(#12883,#12884)
    ,(#12885,#12886
    )),.UNSPECIFIED.,.F.,.F.,.F.,(4,1,1,1,1,1,1,1,1,1,1,1,1,1,1,1,1,1,1,
    1,1,1,1,1,4),(2,2),(0.,3.378811616271E-02,6.719393237388E-02,
    9.986241085683E-02,0.132566612126,0.165151173255,0.197913187356,
    0.231319003567,0.265083278267,0.299255308758,0.334398566505,
    0.369942823509,0.4062835607,0.444063819699,0.482997706873,
    0.523354446613,0.565536589604,0.609612924066,0.656390811376,
    0.705885494936,0.758324500262,0.813831782941,0.872794559039,
    0.93472222954,1.),(0.,1.),.UNSPECIFIED.);
#12833 = CARTESIAN_POINT('',(0.13759834672,0.56,-0.197724193853));
#12834 = CARTESIAN_POINT('',(0.13759834672,0.55,-0.197724193853));
#12835 = CARTESIAN_POINT('',(0.140381894568,0.56,-0.197675412336));
#12836 = CARTESIAN_POINT('',(0.140381894568,0.55,-0.197675412336));
#12837 = CARTESIAN_POINT('',(0.145917495458,0.56,-0.197578401245));
#12838 = CARTESIAN_POINT('',(0.145917495458,0.55,-0.197578401245));
#12839 = CARTESIAN_POINT('',(0.154101532982,0.56,-0.196646006992));
#12840 = CARTESIAN_POINT('',(0.154101532982,0.55,-0.196646006992));
#12841 = CARTESIAN_POINT('',(0.162096501154,0.56,-0.195098894682));
#12842 = CARTESIAN_POINT('',(0.162096501154,0.55,-0.195098894682));
#12843 = CARTESIAN_POINT('',(0.169868315024,0.56,-0.192906797224));
#12844 = CARTESIAN_POINT('',(0.169868315024,0.55,-0.192906797224));
#12845 = CARTESIAN_POINT('',(0.177480813671,0.56,-0.190187229558));
#12846 = CARTESIAN_POINT('',(0.177480813671,0.55,-0.190187229558));
#12847 = CARTESIAN_POINT('',(0.184874454435,0.56,-0.186778517847));
#12848 = CARTESIAN_POINT('',(0.184874454435,0.55,-0.186778517847));
#12849 = CARTESIAN_POINT('',(0.1920951626,0.56,-0.182810631113));
#12850 = CARTESIAN_POINT('',(0.1920951626,0.55,-0.182810631113));
#12851 = CARTESIAN_POINT('',(0.199028191352,0.56,-0.178148243382));
#12852 = CARTESIAN_POINT('',(0.199028191352,0.55,-0.178148243382));
#12853 = CARTESIAN_POINT('',(0.205749652886,0.56,-0.172950015762));
#12854 = CARTESIAN_POINT('',(0.205749652886,0.55,-0.172950015762));
#12855 = CARTESIAN_POINT('',(0.212094449183,0.56,-0.167073748882));
#12856 = CARTESIAN_POINT('',(0.212094449183,0.55,-0.167073748882));
#12857 = CARTESIAN_POINT('',(0.218063157773,0.56,-0.160578776955));
#12858 = CARTESIAN_POINT('',(0.218063157773,0.55,-0.160578776955));
#12859 = CARTESIAN_POINT('',(0.223730688312,0.56,-0.153534590567));
#12860 = CARTESIAN_POINT('',(0.223730688312,0.55,-0.153534590567));
#12861 = CARTESIAN_POINT('',(0.228936248032,0.56,-0.145806082083));
#12862 = CARTESIAN_POINT('',(0.228936248032,0.55,-0.145806082083));
#12863 = CARTESIAN_POINT('',(0.233893591255,0.56,-0.137527671102));
#12864 = CARTESIAN_POINT('',(0.233893591255,0.55,-0.137527671102));
#12865 = CARTESIAN_POINT('',(0.238330794845,0.56,-0.128554584622));
#12866 = CARTESIAN_POINT('',(0.238330794845,0.55,-0.128554584622));
#12867 = CARTESIAN_POINT('',(0.242604262363,0.56,-0.119036537838));
#12868 = CARTESIAN_POINT('',(0.242604262363,0.55,-0.119036537838));
#12869 = CARTESIAN_POINT('',(0.246292961037,0.56,-0.108710171958));
#12870 = CARTESIAN_POINT('',(0.246292961037,0.55,-0.108710171958));
#12871 = CARTESIAN_POINT('',(0.249619585564,0.56,-9.763369590579E-02));
#12872 = CARTESIAN_POINT('',(0.249619585564,0.55,-9.763369590579E-02));
#12873 = CARTESIAN_POINT('',(0.252307482422,0.56,-8.567627722045E-02));
#12874 = CARTESIAN_POINT('',(0.252307482422,0.55,-8.567627722045E-02));
#12875 = CARTESIAN_POINT('',(0.254546409656,0.56,-7.290065269094E-02));
#12876 = CARTESIAN_POINT('',(0.254546409656,0.55,-7.290065269094E-02));
#12877 = CARTESIAN_POINT('',(0.25628089925,0.56,-5.925990436693E-02));
#12878 = CARTESIAN_POINT('',(0.25628089925,0.55,-5.925990436693E-02));
#12879 = CARTESIAN_POINT('',(0.257544163458,0.56,-4.478327281575E-02));
#12880 = CARTESIAN_POINT('',(0.257544163458,0.55,-4.478327281575E-02));
#12881 = CARTESIAN_POINT('',(0.258211471962,0.56,-2.946123375167E-02));
#12882 = CARTESIAN_POINT('',(0.258211471962,0.55,-2.946123375167E-02));
#12883 = CARTESIAN_POINT('',(0.258337142083,0.56,-1.898544883396E-02));
#12884 = CARTESIAN_POINT('',(0.258337142083,0.55,-1.898544883396E-02));
#12885 = CARTESIAN_POINT('',(0.258401631976,0.56,-1.360961052011E-02));
#12886 = CARTESIAN_POINT('',(0.258401631976,0.55,-1.360961052011E-02));
#12887 = ADVANCED_FACE('',(#12888),#12894,.T.);
#12888 = FACE_BOUND('',#12889,.T.);
#12889 = EDGE_LOOP('',(#12890,#12891,#12892,#12893));
#12890 = ORIENTED_EDGE('',*,*,#10270,.F.);
#12891 = ORIENTED_EDGE('',*,*,#12693,.F.);
#12892 = ORIENTED_EDGE('',*,*,#12525,.T.);
#12893 = ORIENTED_EDGE('',*,*,#12825,.T.);
#12894 = B_SPLINE_SURFACE_WITH_KNOTS('',3,1,(
    (#12895,#12896)
    ,(#12897,#12898)
    ,(#12899,#12900)
    ,(#12901,#12902)
    ,(#12903,#12904)
    ,(#12905,#12906)
    ,(#12907,#12908)
    ,(#12909,#12910)
    ,(#12911,#12912)
    ,(#12913,#12914)
    ,(#12915,#12916)
    ,(#12917,#12918)
    ,(#12919,#12920)
    ,(#12921,#12922)
    ,(#12923,#12924)
    ,(#12925,#12926)
    ,(#12927,#12928)
    ,(#12929,#12930)
    ,(#12931,#12932)
    ,(#12933,#12934)
    ,(#12935,#12936)
    ,(#12937,#12938)
    ,(#12939,#12940)
    ,(#12941,#12942)
    ,(#12943,#12944)
    ,(#12945,#12946)
    ,(#12947,#12948
    )),.UNSPECIFIED.,.F.,.F.,.F.,(4,1,1,1,1,1,1,1,1,1,1,1,1,1,1,1,1,1,1,
    1,1,1,1,1,4),(2,2),(0.,6.859462225874E-02,0.133246042443,
    0.194312586468,0.251279223117,0.304513439256,0.354234906653,
    0.400480588774,0.443410754938,0.484014868616,0.523252300773,
    0.561042372728,0.597900239364,0.633518488856,0.66831435117,
    0.702495671286,0.736685353513,0.770293169361,0.803437255019,
    0.835912951666,0.868460245789,0.900846538243,0.933466524631,
    0.966257575298,1.),(0.,1.),.UNSPECIFIED.);
#12895 = CARTESIAN_POINT('',(2.058111915558E-02,0.56,-1.360961052011E-02
    ));
#12896 = CARTESIAN_POINT('',(2.058111915558E-02,0.55,-1.360961052011E-02
    ));
#12897 = CARTESIAN_POINT('',(2.061392097133E-02,0.56,-1.921934929353E-02
    ));
#12898 = CARTESIAN_POINT('',(2.061392097133E-02,0.55,-1.921934929353E-02
    ));
#12899 = CARTESIAN_POINT('',(2.067763897121E-02,0.56,-3.011634771828E-02
    ));
#12900 = CARTESIAN_POINT('',(2.067763897121E-02,0.55,-3.011634771828E-02
    ));
#12901 = CARTESIAN_POINT('',(2.138648106544E-02,0.56,-4.599481192496E-02
    ));
#12902 = CARTESIAN_POINT('',(2.138648106544E-02,0.55,-4.599481192496E-02
    ));
#12903 = CARTESIAN_POINT('',(2.256401529675E-02,0.56,-6.089084082448E-02
    ));
#12904 = CARTESIAN_POINT('',(2.256401529675E-02,0.55,-6.089084082448E-02
    ));
#12905 = CARTESIAN_POINT('',(2.417775258178E-02,0.56,-7.480514742832E-02
    ));
#12906 = CARTESIAN_POINT('',(2.417775258178E-02,0.55,-7.480514742832E-02
    ));
#12907 = CARTESIAN_POINT('',(2.614155060414E-02,0.56,-8.774132388009E-02
    ));
#12908 = CARTESIAN_POINT('',(2.614155060414E-02,0.55,-8.774132388009E-02
    ));
#12909 = CARTESIAN_POINT('',(2.876309926427E-02,0.56,-9.966479959372E-02
    ));
#12910 = CARTESIAN_POINT('',(2.876309926427E-02,0.55,-9.966479959372E-02
    ));
#12911 = CARTESIAN_POINT('',(3.174437952577E-02,0.56,-0.110630760255));
#12912 = CARTESIAN_POINT('',(3.174437952577E-02,0.55,-0.110630760255));
#12913 = CARTESIAN_POINT('',(3.519962410682E-02,0.56,-0.120674965103));
#12914 = CARTESIAN_POINT('',(3.519962410682E-02,0.55,-0.120674965103));
#12915 = CARTESIAN_POINT('',(3.909840300865E-02,0.56,-0.129932735405));
#12916 = CARTESIAN_POINT('',(3.909840300865E-02,0.55,-0.129932735405));
#12917 = CARTESIAN_POINT('',(4.334182908086E-02,0.56,-0.138575255534));
#12918 = CARTESIAN_POINT('',(4.334182908086E-02,0.55,-0.138575255534));
#12919 = CARTESIAN_POINT('',(4.809830852322E-02,0.56,-0.146589448768));
#12920 = CARTESIAN_POINT('',(4.809830852322E-02,0.55,-0.146589448768));
#12921 = CARTESIAN_POINT('',(5.309599981593E-02,0.56,-0.15410322781));
#12922 = CARTESIAN_POINT('',(5.309599981593E-02,0.55,-0.15410322781));
#12923 = CARTESIAN_POINT('',(5.853720697871E-02,0.56,-0.160993597289));
#12924 = CARTESIAN_POINT('',(5.853720697871E-02,0.55,-0.160993597289));
#12925 = CARTESIAN_POINT('',(6.426708602543E-02,0.56,-0.167357863541));
#12926 = CARTESIAN_POINT('',(6.426708602543E-02,0.55,-0.167357863541));
#12927 = CARTESIAN_POINT('',(7.050927365215E-02,0.56,-0.173048938588));
#12928 = CARTESIAN_POINT('',(7.050927365215E-02,0.55,-0.173048938588));
#12929 = CARTESIAN_POINT('',(7.705157447949E-02,0.56,-0.178233568826));
#12930 = CARTESIAN_POINT('',(7.705157447949E-02,0.55,-0.178233568826));
#12931 = CARTESIAN_POINT('',(8.395322091866E-02,0.56,-0.182778515993));
#12932 = CARTESIAN_POINT('',(8.395322091866E-02,0.55,-0.182778515993));
#12933 = CARTESIAN_POINT('',(9.101748753298E-02,0.56,-0.186781789855));
#12934 = CARTESIAN_POINT('',(9.101748753298E-02,0.55,-0.186781789855));
#12935 = CARTESIAN_POINT('',(9.829299811858E-02,0.56,-0.190201776581));
#12936 = CARTESIAN_POINT('',(9.829299811858E-02,0.55,-0.190201776581));
#12937 = CARTESIAN_POINT('',(0.105799616408,0.56,-0.192890820167));
#12938 = CARTESIAN_POINT('',(0.105799616408,0.55,-0.192890820167));
#12939 = CARTESIAN_POINT('',(0.113469872197,0.56,-0.195111904844));
#12940 = CARTESIAN_POINT('',(0.113469872197,0.55,-0.195111904844));
#12941 = CARTESIAN_POINT('',(0.121330578866,0.56,-0.196630799609));
#12942 = CARTESIAN_POINT('',(0.121330578866,0.55,-0.196630799609));
#12943 = CARTESIAN_POINT('',(0.12939471526,0.56,-0.197586490458));
#12944 = CARTESIAN_POINT('',(0.12939471526,0.55,-0.197586490458));
#12945 = CARTESIAN_POINT('',(0.13483785874,0.56,-0.197677857232));
#12946 = CARTESIAN_POINT('',(0.13483785874,0.55,-0.197677857232));
#12947 = CARTESIAN_POINT('',(0.13759834672,0.56,-0.197724193853));
#12948 = CARTESIAN_POINT('',(0.13759834672,0.55,-0.197724193853));
#12949 = ADVANCED_FACE('',(#12950),#12995,.T.);
#12950 = FACE_BOUND('',#12951,.T.);
#12951 = EDGE_LOOP('',(#12952,#12982,#12988,#12989));
#12952 = ORIENTED_EDGE('',*,*,#12953,.F.);
#12953 = EDGE_CURVE('',#12954,#12956,#12958,.T.);
#12954 = VERTEX_POINT('',#12955);
#12955 = CARTESIAN_POINT('',(0.138650029412,0.55,-0.161826757956));
#12956 = VERTEX_POINT('',#12957);
#12957 = CARTESIAN_POINT('',(5.199137556584E-02,0.55,-1.374983487908E-02
    ));
#12958 = B_SPLINE_CURVE_WITH_KNOTS('',3,(#12959,#12960,#12961,#12962,
    #12963,#12964,#12965,#12966,#12967,#12968,#12969,#12970,#12971,
    #12972,#12973,#12974,#12975,#12976,#12977,#12978,#12979,#12980,
    #12981),.UNSPECIFIED.,.F.,.F.,(4,1,1,1,1,1,1,1,1,1,1,1,1,1,1,1,1,1,1
    ,1,4),(0.,6.038661931106E-02,0.120883248586,0.182754618625,
    0.247811029758,0.281299100043,0.315087624151,0.34970239555,
    0.384856581119,0.420966197226,0.458511188261,0.497174722127,
    0.537602047866,0.58050301842,0.627467540027,0.678388209559,
    0.733983220593,0.793746704551,0.857713672161,0.926697864361,1.),
  .UNSPECIFIED.);
#12959 = CARTESIAN_POINT('',(0.138650029412,0.55,-0.161826757956));
#12960 = CARTESIAN_POINT('',(0.134778970203,0.55,-0.161623613291));
#12961 = CARTESIAN_POINT('',(0.127029799643,0.55,-0.161216953881));
#12962 = CARTESIAN_POINT('',(0.11558500417,0.55,-0.158347628522));
#12963 = CARTESIAN_POINT('',(0.104614569006,0.55,-0.153346331928));
#12964 = CARTESIAN_POINT('',(9.589027153801E-02,0.55,-0.147851094681));
#12965 = CARTESIAN_POINT('',(8.920389288725E-02,0.55,-0.142617263537));
#12966 = CARTESIAN_POINT('',(8.449562354957E-02,0.55,-0.138078618131));
#12967 = CARTESIAN_POINT('',(8.008100632781E-02,0.55,-0.133113992695));
#12968 = CARTESIAN_POINT('',(7.601423631404E-02,0.55,-0.12767380121));
#12969 = CARTESIAN_POINT('',(7.220530799481E-02,0.55,-0.121827264478));
#12970 = CARTESIAN_POINT('',(6.870720673724E-02,0.55,-0.115528388005));
#12971 = CARTESIAN_POINT('',(6.555547376964E-02,0.55,-0.108745251583));
#12972 = CARTESIAN_POINT('',(6.264702015162E-02,0.55,-0.101483608041));
#12973 = CARTESIAN_POINT('',(6.0089741349E-02,0.55,-9.352551359747E-02)
  );
#12974 = CARTESIAN_POINT('',(5.7980345026E-02,0.55,-8.474861423812E-02)
  );
#12975 = CARTESIAN_POINT('',(5.603163971401E-02,0.55,-7.51024250592E-02)
  );
#12976 = CARTESIAN_POINT('',(5.465211282396E-02,0.55,-6.453047426469E-02
    ));
#12977 = CARTESIAN_POINT('',(5.342573724778E-02,0.55,-5.310225892776E-02
    ));
#12978 = CARTESIAN_POINT('',(5.263760245256E-02,0.55,-4.077452710483E-02
    ));
#12979 = CARTESIAN_POINT('',(5.202447670564E-02,0.55,-2.756808906459E-02
    ));
#12980 = CARTESIAN_POINT('',(5.200263026936E-02,0.55,-1.844817321433E-02
    ));
#12981 = CARTESIAN_POINT('',(5.199137556584E-02,0.55,-1.374983487908E-02
    ));
#12982 = ORIENTED_EDGE('',*,*,#12983,.F.);
#12983 = EDGE_CURVE('',#12588,#12954,#12984,.T.);
#12984 = LINE('',#12985,#12986);
#12985 = CARTESIAN_POINT('',(0.138650029412,0.56,-0.161826757956));
#12986 = VECTOR('',#12987,1.);
#12987 = DIRECTION('',(-3.761581922631E-31,-1.,-9.429630734102E-47));
#12988 = ORIENTED_EDGE('',*,*,#12587,.T.);
#12989 = ORIENTED_EDGE('',*,*,#12990,.T.);
#12990 = EDGE_CURVE('',#12558,#12956,#12991,.T.);
#12991 = LINE('',#12992,#12993);
#12992 = CARTESIAN_POINT('',(5.199137556584E-02,0.56,-1.374983487908E-02
    ));
#12993 = VECTOR('',#12994,1.);
#12994 = DIRECTION('',(-3.761581922631E-31,-1.,-9.429630734102E-47));
#12995 = B_SPLINE_SURFACE_WITH_KNOTS('',3,1,(
    (#12996,#12997)
    ,(#12998,#12999)
    ,(#13000,#13001)
    ,(#13002,#13003)
    ,(#13004,#13005)
    ,(#13006,#13007)
    ,(#13008,#13009)
    ,(#13010,#13011)
    ,(#13012,#13013)
    ,(#13014,#13015)
    ,(#13016,#13017)
    ,(#13018,#13019)
    ,(#13020,#13021)
    ,(#13022,#13023)
    ,(#13024,#13025)
    ,(#13026,#13027)
    ,(#13028,#13029)
    ,(#13030,#13031)
    ,(#13032,#13033)
    ,(#13034,#13035)
    ,(#13036,#13037)
    ,(#13038,#13039)
    ,(#13040,#13041
    )),.UNSPECIFIED.,.F.,.F.,.F.,(4,1,1,1,1,1,1,1,1,1,1,1,1,1,1,1,1,1,1,
    1,4),(2,2),(0.,6.038661931106E-02,0.120883248586,0.182754618625,
    0.247811029758,0.281299100043,0.315087624151,0.34970239555,
    0.384856581119,0.420966197226,0.458511188261,0.497174722127,
    0.537602047866,0.58050301842,0.627467540027,0.678388209559,
    0.733983220593,0.793746704551,0.857713672161,0.926697864361,1.),(0.,
    1.),.UNSPECIFIED.);
#12996 = CARTESIAN_POINT('',(0.138650029412,0.56,-0.161826757956));
#12997 = CARTESIAN_POINT('',(0.138650029412,0.55,-0.161826757956));
#12998 = CARTESIAN_POINT('',(0.134778970203,0.56,-0.161623613291));
#12999 = CARTESIAN_POINT('',(0.134778970203,0.55,-0.161623613291));
#13000 = CARTESIAN_POINT('',(0.127029799643,0.56,-0.161216953881));
#13001 = CARTESIAN_POINT('',(0.127029799643,0.55,-0.161216953881));
#13002 = CARTESIAN_POINT('',(0.11558500417,0.56,-0.158347628522));
#13003 = CARTESIAN_POINT('',(0.11558500417,0.55,-0.158347628522));
#13004 = CARTESIAN_POINT('',(0.104614569006,0.56,-0.153346331928));
#13005 = CARTESIAN_POINT('',(0.104614569006,0.55,-0.153346331928));
#13006 = CARTESIAN_POINT('',(9.589027153801E-02,0.56,-0.147851094681));
#13007 = CARTESIAN_POINT('',(9.589027153801E-02,0.55,-0.147851094681));
#13008 = CARTESIAN_POINT('',(8.920389288725E-02,0.56,-0.142617263537));
#13009 = CARTESIAN_POINT('',(8.920389288725E-02,0.55,-0.142617263537));
#13010 = CARTESIAN_POINT('',(8.449562354957E-02,0.56,-0.138078618131));
#13011 = CARTESIAN_POINT('',(8.449562354957E-02,0.55,-0.138078618131));
#13012 = CARTESIAN_POINT('',(8.008100632781E-02,0.56,-0.133113992695));
#13013 = CARTESIAN_POINT('',(8.008100632781E-02,0.55,-0.133113992695));
#13014 = CARTESIAN_POINT('',(7.601423631404E-02,0.56,-0.12767380121));
#13015 = CARTESIAN_POINT('',(7.601423631404E-02,0.55,-0.12767380121));
#13016 = CARTESIAN_POINT('',(7.220530799481E-02,0.56,-0.121827264478));
#13017 = CARTESIAN_POINT('',(7.220530799481E-02,0.55,-0.121827264478));
#13018 = CARTESIAN_POINT('',(6.870720673724E-02,0.56,-0.115528388005));
#13019 = CARTESIAN_POINT('',(6.870720673724E-02,0.55,-0.115528388005));
#13020 = CARTESIAN_POINT('',(6.555547376964E-02,0.56,-0.108745251583));
#13021 = CARTESIAN_POINT('',(6.555547376964E-02,0.55,-0.108745251583));
#13022 = CARTESIAN_POINT('',(6.264702015162E-02,0.56,-0.101483608041));
#13023 = CARTESIAN_POINT('',(6.264702015162E-02,0.55,-0.101483608041));
#13024 = CARTESIAN_POINT('',(6.0089741349E-02,0.56,-9.352551359747E-02)
  );
#13025 = CARTESIAN_POINT('',(6.0089741349E-02,0.55,-9.352551359747E-02)
  );
#13026 = CARTESIAN_POINT('',(5.7980345026E-02,0.56,-8.474861423812E-02)
  );
#13027 = CARTESIAN_POINT('',(5.7980345026E-02,0.55,-8.474861423812E-02)
  );
#13028 = CARTESIAN_POINT('',(5.603163971401E-02,0.56,-7.51024250592E-02)
  );
#13029 = CARTESIAN_POINT('',(5.603163971401E-02,0.55,-7.51024250592E-02)
  );
#13030 = CARTESIAN_POINT('',(5.465211282396E-02,0.56,-6.453047426469E-02
    ));
#13031 = CARTESIAN_POINT('',(5.465211282396E-02,0.55,-6.453047426469E-02
    ));
#13032 = CARTESIAN_POINT('',(5.342573724778E-02,0.56,-5.310225892776E-02
    ));
#13033 = CARTESIAN_POINT('',(5.342573724778E-02,0.55,-5.310225892776E-02
    ));
#13034 = CARTESIAN_POINT('',(5.263760245256E-02,0.56,-4.077452710483E-02
    ));
#13035 = CARTESIAN_POINT('',(5.263760245256E-02,0.55,-4.077452710483E-02
    ));
#13036 = CARTESIAN_POINT('',(5.202447670564E-02,0.56,-2.756808906459E-02
    ));
#13037 = CARTESIAN_POINT('',(5.202447670564E-02,0.55,-2.756808906459E-02
    ));
#13038 = CARTESIAN_POINT('',(5.200263026936E-02,0.56,-1.844817321433E-02
    ));
#13039 = CARTESIAN_POINT('',(5.200263026936E-02,0.55,-1.844817321433E-02
    ));
#13040 = CARTESIAN_POINT('',(5.199137556584E-02,0.56,-1.374983487908E-02
    ));
#13041 = CARTESIAN_POINT('',(5.199137556584E-02,0.55,-1.374983487908E-02
    ));
#13042 = ADVANCED_FACE('',(#13043),#13081,.T.);
#13043 = FACE_BOUND('',#13044,.T.);
#13044 = EDGE_LOOP('',(#13045,#13073,#13074,#13075));
#13045 = ORIENTED_EDGE('',*,*,#13046,.F.);
#13046 = EDGE_CURVE('',#12956,#13047,#13049,.T.);
#13047 = VERTEX_POINT('',#13048);
#13048 = CARTESIAN_POINT('',(0.138650029412,0.55,0.134327088198));
#13049 = B_SPLINE_CURVE_WITH_KNOTS('',3,(#13050,#13051,#13052,#13053,
    #13054,#13055,#13056,#13057,#13058,#13059,#13060,#13061,#13062,
    #13063,#13064,#13065,#13066,#13067,#13068,#13069,#13070,#13071,
    #13072),.UNSPECIFIED.,.F.,.F.,(4,1,1,1,1,1,1,1,1,1,1,1,1,1,1,1,1,1,1
    ,1,4),(0.,7.295106587587E-02,0.141583694187,0.205926460171,
    0.265301357185,0.320597232714,0.371816503099,0.418789769709,
    0.461698728616,0.502133582104,0.540804315293,0.578180525328,
    0.614296865208,0.649678243265,0.68429946009,0.718358952772,
    0.752080864648,0.817652438602,0.879722076405,0.939965559731,1.),
  .UNSPECIFIED.);
#13050 = CARTESIAN_POINT('',(5.199137556584E-02,0.55,-1.374983487908E-02
    ));
#13051 = CARTESIAN_POINT('',(5.200332027259E-02,0.55,-9.074964998696E-03
    ));
#13052 = CARTESIAN_POINT('',(5.202650260293E-02,0.55,-1.960518780212E-06
    ));
#13053 = CARTESIAN_POINT('',(5.263212266065E-02,0.55,1.318236557881E-02)
  );
#13054 = CARTESIAN_POINT('',(5.34571458606E-02,0.55,2.547939846053E-02)
  );
#13055 = CARTESIAN_POINT('',(5.452127557912E-02,0.55,3.690475210704E-02)
  );
#13056 = CARTESIAN_POINT('',(5.610157043172E-02,0.55,4.741975335802E-02)
  );
#13057 = CARTESIAN_POINT('',(5.787224921349E-02,0.55,5.709672166454E-02)
  );
#13058 = CARTESIAN_POINT('',(6.002705817541E-02,0.55,6.588444537592E-02)
  );
#13059 = CARTESIAN_POINT('',(6.257655996211E-02,0.55,7.384322644637E-02)
  );
#13060 = CARTESIAN_POINT('',(6.548046965145E-02,0.55,8.110813329591E-02)
  );
#13061 = CARTESIAN_POINT('',(6.865105601846E-02,0.55,8.786825480864E-02)
  );
#13062 = CARTESIAN_POINT('',(7.205712830895E-02,0.55,9.420344845222E-02)
  );
#13063 = CARTESIAN_POINT('',(7.586904336425E-02,0.55,0.10005680929));
#13064 = CARTESIAN_POINT('',(8.002054968715E-02,0.55,0.105447425697));
#13065 = CARTESIAN_POINT('',(8.44178756009E-02,0.55,0.110470708929));
#13066 = CARTESIAN_POINT('',(8.922513402511E-02,0.55,0.114950407063));
#13067 = CARTESIAN_POINT('',(9.587550827943E-02,0.55,0.120323092566));
#13068 = CARTESIAN_POINT('',(0.104655155722,0.55,0.125875005939));
#13069 = CARTESIAN_POINT('',(0.115717201245,0.55,0.130709614922));
#13070 = CARTESIAN_POINT('',(0.127084046343,0.55,0.133747860565));
#13071 = CARTESIAN_POINT('',(0.134799171352,0.55,0.134134236161));
#13072 = CARTESIAN_POINT('',(0.138650029412,0.55,0.134327088198));
#13073 = ORIENTED_EDGE('',*,*,#12990,.F.);
#13074 = ORIENTED_EDGE('',*,*,#12557,.T.);
#13075 = ORIENTED_EDGE('',*,*,#13076,.T.);
#13076 = EDGE_CURVE('',#12560,#13047,#13077,.T.);
#13077 = LINE('',#13078,#13079);
#13078 = CARTESIAN_POINT('',(0.138650029412,0.56,0.134327088198));
#13079 = VECTOR('',#13080,1.);
#13080 = DIRECTION('',(-3.761581922631E-31,-1.,-9.429630734102E-47));
#13081 = B_SPLINE_SURFACE_WITH_KNOTS('',3,1,(
    (#13082,#13083)
    ,(#13084,#13085)
    ,(#13086,#13087)
    ,(#13088,#13089)
    ,(#13090,#13091)
    ,(#13092,#13093)
    ,(#13094,#13095)
    ,(#13096,#13097)
    ,(#13098,#13099)
    ,(#13100,#13101)
    ,(#13102,#13103)
    ,(#13104,#13105)
    ,(#13106,#13107)
    ,(#13108,#13109)
    ,(#13110,#13111)
    ,(#13112,#13113)
    ,(#13114,#13115)
    ,(#13116,#13117)
    ,(#13118,#13119)
    ,(#13120,#13121)
    ,(#13122,#13123)
    ,(#13124,#13125)
    ,(#13126,#13127
    )),.UNSPECIFIED.,.F.,.F.,.F.,(4,1,1,1,1,1,1,1,1,1,1,1,1,1,1,1,1,1,1,
    1,4),(2,2),(0.,7.295106587587E-02,0.141583694187,0.205926460171,
    0.265301357185,0.320597232714,0.371816503099,0.418789769709,
    0.461698728616,0.502133582104,0.540804315293,0.578180525328,
    0.614296865208,0.649678243265,0.68429946009,0.718358952772,
    0.752080864648,0.817652438602,0.879722076405,0.939965559731,1.),(0.,
    1.),.UNSPECIFIED.);
#13082 = CARTESIAN_POINT('',(5.199137556584E-02,0.56,-1.374983487908E-02
    ));
#13083 = CARTESIAN_POINT('',(5.199137556584E-02,0.55,-1.374983487908E-02
    ));
#13084 = CARTESIAN_POINT('',(5.200332027259E-02,0.56,-9.074964998696E-03
    ));
#13085 = CARTESIAN_POINT('',(5.200332027259E-02,0.55,-9.074964998696E-03
    ));
#13086 = CARTESIAN_POINT('',(5.202650260293E-02,0.56,-1.960518780212E-06
    ));
#13087 = CARTESIAN_POINT('',(5.202650260293E-02,0.55,-1.960518780212E-06
    ));
#13088 = CARTESIAN_POINT('',(5.263212266065E-02,0.56,1.318236557881E-02)
  );
#13089 = CARTESIAN_POINT('',(5.263212266065E-02,0.55,1.318236557881E-02)
  );
#13090 = CARTESIAN_POINT('',(5.34571458606E-02,0.56,2.547939846053E-02)
  );
#13091 = CARTESIAN_POINT('',(5.34571458606E-02,0.55,2.547939846053E-02)
  );
#13092 = CARTESIAN_POINT('',(5.452127557912E-02,0.56,3.690475210704E-02)
  );
#13093 = CARTESIAN_POINT('',(5.452127557912E-02,0.55,3.690475210704E-02)
  );
#13094 = CARTESIAN_POINT('',(5.610157043172E-02,0.56,4.741975335802E-02)
  );
#13095 = CARTESIAN_POINT('',(5.610157043172E-02,0.55,4.741975335802E-02)
  );
#13096 = CARTESIAN_POINT('',(5.787224921349E-02,0.56,5.709672166454E-02)
  );
#13097 = CARTESIAN_POINT('',(5.787224921349E-02,0.55,5.709672166454E-02)
  );
#13098 = CARTESIAN_POINT('',(6.002705817541E-02,0.56,6.588444537592E-02)
  );
#13099 = CARTESIAN_POINT('',(6.002705817541E-02,0.55,6.588444537592E-02)
  );
#13100 = CARTESIAN_POINT('',(6.257655996211E-02,0.56,7.384322644637E-02)
  );
#13101 = CARTESIAN_POINT('',(6.257655996211E-02,0.55,7.384322644637E-02)
  );
#13102 = CARTESIAN_POINT('',(6.548046965145E-02,0.56,8.110813329591E-02)
  );
#13103 = CARTESIAN_POINT('',(6.548046965145E-02,0.55,8.110813329591E-02)
  );
#13104 = CARTESIAN_POINT('',(6.865105601846E-02,0.56,8.786825480864E-02)
  );
#13105 = CARTESIAN_POINT('',(6.865105601846E-02,0.55,8.786825480864E-02)
  );
#13106 = CARTESIAN_POINT('',(7.205712830895E-02,0.56,9.420344845222E-02)
  );
#13107 = CARTESIAN_POINT('',(7.205712830895E-02,0.55,9.420344845222E-02)
  );
#13108 = CARTESIAN_POINT('',(7.586904336425E-02,0.56,0.10005680929));
#13109 = CARTESIAN_POINT('',(7.586904336425E-02,0.55,0.10005680929));
#13110 = CARTESIAN_POINT('',(8.002054968715E-02,0.56,0.105447425697));
#13111 = CARTESIAN_POINT('',(8.002054968715E-02,0.55,0.105447425697));
#13112 = CARTESIAN_POINT('',(8.44178756009E-02,0.56,0.110470708929));
#13113 = CARTESIAN_POINT('',(8.44178756009E-02,0.55,0.110470708929));
#13114 = CARTESIAN_POINT('',(8.922513402511E-02,0.56,0.114950407063));
#13115 = CARTESIAN_POINT('',(8.922513402511E-02,0.55,0.114950407063));
#13116 = CARTESIAN_POINT('',(9.587550827943E-02,0.56,0.120323092566));
#13117 = CARTESIAN_POINT('',(9.587550827943E-02,0.55,0.120323092566));
#13118 = CARTESIAN_POINT('',(0.104655155722,0.56,0.125875005939));
#13119 = CARTESIAN_POINT('',(0.104655155722,0.55,0.125875005939));
#13120 = CARTESIAN_POINT('',(0.115717201245,0.56,0.130709614922));
#13121 = CARTESIAN_POINT('',(0.115717201245,0.55,0.130709614922));
#13122 = CARTESIAN_POINT('',(0.127084046343,0.56,0.133747860565));
#13123 = CARTESIAN_POINT('',(0.127084046343,0.55,0.133747860565));
#13124 = CARTESIAN_POINT('',(0.134799171352,0.56,0.134134236161));
#13125 = CARTESIAN_POINT('',(0.134799171352,0.55,0.134134236161));
#13126 = CARTESIAN_POINT('',(0.138650029412,0.56,0.134327088198));
#13127 = CARTESIAN_POINT('',(0.138650029412,0.55,0.134327088198));
#13128 = ADVANCED_FACE('',(#13129),#13159,.T.);
#13129 = FACE_BOUND('',#13130,.T.);
#13130 = EDGE_LOOP('',(#13131,#13151,#13152,#13153));
#13131 = ORIENTED_EDGE('',*,*,#13132,.F.);
#13132 = EDGE_CURVE('',#13047,#13133,#13135,.T.);
#13133 = VERTEX_POINT('',#13134);
#13134 = CARTESIAN_POINT('',(0.213740173643,0.55,7.424095037733E-02));
#13135 = B_SPLINE_CURVE_WITH_KNOTS('',3,(#13136,#13137,#13138,#13139,
    #13140,#13141,#13142,#13143,#13144,#13145,#13146,#13147,#13148,
    #13149,#13150),.UNSPECIFIED.,.F.,.F.,(4,1,1,1,1,1,1,1,1,1,1,1,4),(0.
    ,0.112813400744,0.225393883921,0.339594814563,0.459675410225,
    0.521735190088,0.583925838739,0.648174144765,0.713881038113,
    0.781004454907,0.851450927557,0.924050692664,1.),.UNSPECIFIED.);
#13136 = CARTESIAN_POINT('',(0.138650029412,0.55,0.134327088198));
#13137 = CARTESIAN_POINT('',(0.142525796578,0.55,0.134167310117));
#13138 = CARTESIAN_POINT('',(0.150269328896,0.55,0.133848083836));
#13139 = CARTESIAN_POINT('',(0.16158270841,0.55,0.130768210099));
#13140 = CARTESIAN_POINT('',(0.172565735419,0.55,0.126121256153));
#13141 = CARTESIAN_POINT('',(0.181172929447,0.55,0.120626505611));
#13142 = CARTESIAN_POINT('',(0.187721183797,0.55,0.115393672666));
#13143 = CARTESIAN_POINT('',(0.192412882807,0.55,0.110932207834));
#13144 = CARTESIAN_POINT('',(0.196719087651,0.55,0.105936621104));
#13145 = CARTESIAN_POINT('',(0.200803295136,0.55,0.100546691512));
#13146 = CARTESIAN_POINT('',(0.204549202704,0.55,9.465944309484E-02));
#13147 = CARTESIAN_POINT('',(0.207955516473,0.55,8.830318556823E-02));
#13148 = CARTESIAN_POINT('',(0.211063851228,0.55,8.146026777701E-02));
#13149 = CARTESIAN_POINT('',(0.212834755823,0.55,7.668329386543E-02));
#13150 = CARTESIAN_POINT('',(0.213740173643,0.55,7.424095037733E-02));
#13151 = ORIENTED_EDGE('',*,*,#13076,.F.);
#13152 = ORIENTED_EDGE('',*,*,#12659,.T.);
#13153 = ORIENTED_EDGE('',*,*,#13154,.T.);
#13154 = EDGE_CURVE('',#12644,#13133,#13155,.T.);
#13155 = LINE('',#13156,#13157);
#13156 = CARTESIAN_POINT('',(0.213740173643,0.56,7.424095037733E-02));
#13157 = VECTOR('',#13158,1.);
#13158 = DIRECTION('',(-3.761581922631E-31,-1.,-9.429630734102E-47));
#13159 = B_SPLINE_SURFACE_WITH_KNOTS('',3,1,(
    (#13160,#13161)
    ,(#13162,#13163)
    ,(#13164,#13165)
    ,(#13166,#13167)
    ,(#13168,#13169)
    ,(#13170,#13171)
    ,(#13172,#13173)
    ,(#13174,#13175)
    ,(#13176,#13177)
    ,(#13178,#13179)
    ,(#13180,#13181)
    ,(#13182,#13183)
    ,(#13184,#13185)
    ,(#13186,#13187)
    ,(#13188,#13189
    )),.UNSPECIFIED.,.F.,.F.,.F.,(4,1,1,1,1,1,1,1,1,1,1,1,4),(2,2),(0.,
    0.112813400744,0.225393883921,0.339594814563,0.459675410225,
    0.521735190088,0.583925838739,0.648174144765,0.713881038113,
    0.781004454907,0.851450927557,0.924050692664,1.),(0.,1.),
  .UNSPECIFIED.);
#13160 = CARTESIAN_POINT('',(0.138650029412,0.56,0.134327088198));
#13161 = CARTESIAN_POINT('',(0.138650029412,0.55,0.134327088198));
#13162 = CARTESIAN_POINT('',(0.142525796578,0.56,0.134167310117));
#13163 = CARTESIAN_POINT('',(0.142525796578,0.55,0.134167310117));
#13164 = CARTESIAN_POINT('',(0.150269328896,0.56,0.133848083836));
#13165 = CARTESIAN_POINT('',(0.150269328896,0.55,0.133848083836));
#13166 = CARTESIAN_POINT('',(0.16158270841,0.56,0.130768210099));
#13167 = CARTESIAN_POINT('',(0.16158270841,0.55,0.130768210099));
#13168 = CARTESIAN_POINT('',(0.172565735419,0.56,0.126121256153));
#13169 = CARTESIAN_POINT('',(0.172565735419,0.55,0.126121256153));
#13170 = CARTESIAN_POINT('',(0.181172929447,0.56,0.120626505611));
#13171 = CARTESIAN_POINT('',(0.181172929447,0.55,0.120626505611));
#13172 = CARTESIAN_POINT('',(0.187721183797,0.56,0.115393672666));
#13173 = CARTESIAN_POINT('',(0.187721183797,0.55,0.115393672666));
#13174 = CARTESIAN_POINT('',(0.192412882807,0.56,0.110932207834));
#13175 = CARTESIAN_POINT('',(0.192412882807,0.55,0.110932207834));
#13176 = CARTESIAN_POINT('',(0.196719087651,0.56,0.105936621104));
#13177 = CARTESIAN_POINT('',(0.196719087651,0.55,0.105936621104));
#13178 = CARTESIAN_POINT('',(0.200803295136,0.56,0.100546691512));
#13179 = CARTESIAN_POINT('',(0.200803295136,0.55,0.100546691512));
#13180 = CARTESIAN_POINT('',(0.204549202704,0.56,9.465944309484E-02));
#13181 = CARTESIAN_POINT('',(0.204549202704,0.55,9.465944309484E-02));
#13182 = CARTESIAN_POINT('',(0.207955516473,0.56,8.830318556823E-02));
#13183 = CARTESIAN_POINT('',(0.207955516473,0.55,8.830318556823E-02));
#13184 = CARTESIAN_POINT('',(0.211063851228,0.56,8.146026777701E-02));
#13185 = CARTESIAN_POINT('',(0.211063851228,0.55,8.146026777701E-02));
#13186 = CARTESIAN_POINT('',(0.212834755823,0.56,7.668329386543E-02));
#13187 = CARTESIAN_POINT('',(0.212834755823,0.55,7.668329386543E-02));
#13188 = CARTESIAN_POINT('',(0.213740173643,0.56,7.424095037733E-02));
#13189 = CARTESIAN_POINT('',(0.213740173643,0.55,7.424095037733E-02));
#13190 = ADVANCED_FACE('',(#13191),#13217,.T.);
#13191 = FACE_BOUND('',#13192,.T.);
#13192 = EDGE_LOOP('',(#13193,#13209,#13210,#13211));
#13193 = ORIENTED_EDGE('',*,*,#13194,.F.);
#13194 = EDGE_CURVE('',#13133,#13195,#13197,.T.);
#13195 = VERTEX_POINT('',#13196);
#13196 = CARTESIAN_POINT('',(0.226991375566,0.55,-1.374983487908E-02));
#13197 = B_SPLINE_CURVE_WITH_KNOTS('',3,(#13198,#13199,#13200,#13201,
    #13202,#13203,#13204,#13205,#13206,#13207,#13208),.UNSPECIFIED.,.F.,
  .F.,(4,1,1,1,1,1,1,1,4),(0.,0.110588338595,0.224541754054,
    0.34250349405,0.464324098417,0.590756032702,0.722227475356,
    0.858842836209,1.),.UNSPECIFIED.);
#13198 = CARTESIAN_POINT('',(0.213740173643,0.55,7.424095037733E-02));
#13199 = CARTESIAN_POINT('',(0.214795350422,0.55,7.11179764307E-02));
#13200 = CARTESIAN_POINT('',(0.216937811805,0.55,6.477700000635E-02));
#13201 = CARTESIAN_POINT('',(0.219698989232,0.55,5.49406347983E-02));
#13202 = CARTESIAN_POINT('',(0.221873529153,0.55,4.462035840451E-02));
#13203 = CARTESIAN_POINT('',(0.223829865728,0.55,3.387784673266E-02));
#13204 = CARTESIAN_POINT('',(0.225165171318,0.55,2.263387663156E-02));
#13205 = CARTESIAN_POINT('',(0.226239952646,0.55,1.092323823999E-02));
#13206 = CARTESIAN_POINT('',(0.22687302134,0.55,-1.262897983555E-03));
#13207 = CARTESIAN_POINT('',(0.226951496447,0.55,-9.54239710308E-03));
#13208 = CARTESIAN_POINT('',(0.226991375566,0.55,-1.374983487908E-02));
#13209 = ORIENTED_EDGE('',*,*,#13154,.F.);
#13210 = ORIENTED_EDGE('',*,*,#12643,.T.);
#13211 = ORIENTED_EDGE('',*,*,#13212,.T.);
#13212 = EDGE_CURVE('',#12616,#13195,#13213,.T.);
#13213 = LINE('',#13214,#13215);
#13214 = CARTESIAN_POINT('',(0.226991375566,0.56,-1.374983487908E-02));
#13215 = VECTOR('',#13216,1.);
#13216 = DIRECTION('',(-3.761581922631E-31,-1.,-9.429630734102E-47));
#13217 = B_SPLINE_SURFACE_WITH_KNOTS('',3,1,(
    (#13218,#13219)
    ,(#13220,#13221)
    ,(#13222,#13223)
    ,(#13224,#13225)
    ,(#13226,#13227)
    ,(#13228,#13229)
    ,(#13230,#13231)
    ,(#13232,#13233)
    ,(#13234,#13235)
    ,(#13236,#13237)
    ,(#13238,#13239
    )),.UNSPECIFIED.,.F.,.F.,.F.,(4,1,1,1,1,1,1,1,4),(2,2),(0.,
    0.110588338595,0.224541754054,0.34250349405,0.464324098417,
    0.590756032702,0.722227475356,0.858842836209,1.),(0.,1.),
  .UNSPECIFIED.);
#13218 = CARTESIAN_POINT('',(0.213740173643,0.56,7.424095037733E-02));
#13219 = CARTESIAN_POINT('',(0.213740173643,0.55,7.424095037733E-02));
#13220 = CARTESIAN_POINT('',(0.214795350422,0.56,7.11179764307E-02));
#13221 = CARTESIAN_POINT('',(0.214795350422,0.55,7.11179764307E-02));
#13222 = CARTESIAN_POINT('',(0.216937811805,0.56,6.477700000635E-02));
#13223 = CARTESIAN_POINT('',(0.216937811805,0.55,6.477700000635E-02));
#13224 = CARTESIAN_POINT('',(0.219698989232,0.56,5.49406347983E-02));
#13225 = CARTESIAN_POINT('',(0.219698989232,0.55,5.49406347983E-02));
#13226 = CARTESIAN_POINT('',(0.221873529153,0.56,4.462035840451E-02));
#13227 = CARTESIAN_POINT('',(0.221873529153,0.55,4.462035840451E-02));
#13228 = CARTESIAN_POINT('',(0.223829865728,0.56,3.387784673266E-02));
#13229 = CARTESIAN_POINT('',(0.223829865728,0.55,3.387784673266E-02));
#13230 = CARTESIAN_POINT('',(0.225165171318,0.56,2.263387663156E-02));
#13231 = CARTESIAN_POINT('',(0.225165171318,0.55,2.263387663156E-02));
#13232 = CARTESIAN_POINT('',(0.226239952646,0.56,1.092323823999E-02));
#13233 = CARTESIAN_POINT('',(0.226239952646,0.55,1.092323823999E-02));
#13234 = CARTESIAN_POINT('',(0.22687302134,0.56,-1.262897983555E-03));
#13235 = CARTESIAN_POINT('',(0.22687302134,0.55,-1.262897983555E-03));
#13236 = CARTESIAN_POINT('',(0.226951496447,0.56,-9.54239710308E-03));
#13237 = CARTESIAN_POINT('',(0.226951496447,0.55,-9.54239710308E-03));
#13238 = CARTESIAN_POINT('',(0.226991375566,0.56,-1.374983487908E-02));
#13239 = CARTESIAN_POINT('',(0.226991375566,0.55,-1.374983487908E-02));
#13240 = ADVANCED_FACE('',(#13241),#13272,.T.);
#13241 = FACE_BOUND('',#13242,.T.);
#13242 = EDGE_LOOP('',(#13243,#13269,#13270,#13271));
#13243 = ORIENTED_EDGE('',*,*,#13244,.F.);
#13244 = EDGE_CURVE('',#13195,#12954,#13245,.T.);
#13245 = B_SPLINE_CURVE_WITH_KNOTS('',3,(#13246,#13247,#13248,#13249,
    #13250,#13251,#13252,#13253,#13254,#13255,#13256,#13257,#13258,
    #13259,#13260,#13261,#13262,#13263,#13264,#13265,#13266,#13267,
    #13268),.UNSPECIFIED.,.F.,.F.,(4,1,1,1,1,1,1,1,1,1,1,1,1,1,1,1,1,1,1
    ,1,4),(0.,6.568119799064E-02,0.128486464174,0.188175130328,
    0.24510613067,0.299448424529,0.350822936009,0.399941680534,
    0.446671743632,0.491254533373,0.53337634427,0.573852754968,
    0.612526311719,0.649597136445,0.685532041554,0.720105786068,
    0.753837662974,0.818925416047,0.88049346165,0.940311333846,1.),
  .UNSPECIFIED.);
#13246 = CARTESIAN_POINT('',(0.226991375566,0.55,-1.374983487908E-02));
#13247 = CARTESIAN_POINT('',(0.226936356643,0.55,-1.795659213089E-02));
#13248 = CARTESIAN_POINT('',(0.226828727867,0.55,-2.618590860894E-02));
#13249 = CARTESIAN_POINT('',(0.226417329097,0.55,-3.823772667516E-02));
#13250 = CARTESIAN_POINT('',(0.225354971648,0.55,-4.968450276607E-02));
#13251 = CARTESIAN_POINT('',(0.224175059761,0.55,-6.05755500325E-02));
#13252 = CARTESIAN_POINT('',(0.222435337652,0.55,-7.085058030295E-02));
#13253 = CARTESIAN_POINT('',(0.220559556964,0.55,-8.059561082858E-02));
#13254 = CARTESIAN_POINT('',(0.218039435735,0.55,-8.968991331052E-02));
#13255 = CARTESIAN_POINT('',(0.215347458238,0.55,-9.827587148168E-02));
#13256 = CARTESIAN_POINT('',(0.212266418684,0.55,-0.106255936932));
#13257 = CARTESIAN_POINT('',(0.208874845259,0.55,-0.113667315568));
#13258 = CARTESIAN_POINT('',(0.205252669382,0.55,-0.120545788044));
#13259 = CARTESIAN_POINT('',(0.201318445336,0.55,-0.126872482201));
#13260 = CARTESIAN_POINT('',(0.197118877029,0.55,-0.132675736492));
#13261 = CARTESIAN_POINT('',(0.19254312211,0.55,-0.137839195948));
#13262 = CARTESIAN_POINT('',(0.187772684828,0.55,-0.142522892759));
#13263 = CARTESIAN_POINT('',(0.181090966246,0.55,-0.147869149671));
#13264 = CARTESIAN_POINT('',(0.172343537266,0.55,-0.153320319219));
#13265 = CARTESIAN_POINT('',(0.161458972532,0.55,-0.158336895205));
#13266 = CARTESIAN_POINT('',(0.150131908107,0.55,-0.161217724468));
#13267 = CARTESIAN_POINT('',(0.142474562698,0.55,-0.161623893171));
#13268 = CARTESIAN_POINT('',(0.138650029412,0.55,-0.161826757956));
#13269 = ORIENTED_EDGE('',*,*,#13212,.F.);
#13270 = ORIENTED_EDGE('',*,*,#12615,.T.);
#13271 = ORIENTED_EDGE('',*,*,#12983,.T.);
#13272 = B_SPLINE_SURFACE_WITH_KNOTS('',3,1,(
    (#13273,#13274)
    ,(#13275,#13276)
    ,(#13277,#13278)
    ,(#13279,#13280)
    ,(#13281,#13282)
    ,(#13283,#13284)
    ,(#13285,#13286)
    ,(#13287,#13288)
    ,(#13289,#13290)
    ,(#13291,#13292)
    ,(#13293,#13294)
    ,(#13295,#13296)
    ,(#13297,#13298)
    ,(#13299,#13300)
    ,(#13301,#13302)
    ,(#13303,#13304)
    ,(#13305,#13306)
    ,(#13307,#13308)
    ,(#13309,#13310)
    ,(#13311,#13312)
    ,(#13313,#13314)
    ,(#13315,#13316)
    ,(#13317,#13318
    )),.UNSPECIFIED.,.F.,.F.,.F.,(4,1,1,1,1,1,1,1,1,1,1,1,1,1,1,1,1,1,1,
    1,4),(2,2),(0.,6.568119799064E-02,0.128486464174,0.188175130328,
    0.24510613067,0.299448424529,0.350822936009,0.399941680534,
    0.446671743632,0.491254533373,0.53337634427,0.573852754968,
    0.612526311719,0.649597136445,0.685532041554,0.720105786068,
    0.753837662974,0.818925416047,0.88049346165,0.940311333846,1.),(0.,
    1.),.UNSPECIFIED.);
#13273 = CARTESIAN_POINT('',(0.226991375566,0.56,-1.374983487908E-02));
#13274 = CARTESIAN_POINT('',(0.226991375566,0.55,-1.374983487908E-02));
#13275 = CARTESIAN_POINT('',(0.226936356643,0.56,-1.795659213089E-02));
#13276 = CARTESIAN_POINT('',(0.226936356643,0.55,-1.795659213089E-02));
#13277 = CARTESIAN_POINT('',(0.226828727867,0.56,-2.618590860894E-02));
#13278 = CARTESIAN_POINT('',(0.226828727867,0.55,-2.618590860894E-02));
#13279 = CARTESIAN_POINT('',(0.226417329097,0.56,-3.823772667516E-02));
#13280 = CARTESIAN_POINT('',(0.226417329097,0.55,-3.823772667516E-02));
#13281 = CARTESIAN_POINT('',(0.225354971648,0.56,-4.968450276607E-02));
#13282 = CARTESIAN_POINT('',(0.225354971648,0.55,-4.968450276607E-02));
#13283 = CARTESIAN_POINT('',(0.224175059761,0.56,-6.05755500325E-02));
#13284 = CARTESIAN_POINT('',(0.224175059761,0.55,-6.05755500325E-02));
#13285 = CARTESIAN_POINT('',(0.222435337652,0.56,-7.085058030295E-02));
#13286 = CARTESIAN_POINT('',(0.222435337652,0.55,-7.085058030295E-02));
#13287 = CARTESIAN_POINT('',(0.220559556964,0.56,-8.059561082858E-02));
#13288 = CARTESIAN_POINT('',(0.220559556964,0.55,-8.059561082858E-02));
#13289 = CARTESIAN_POINT('',(0.218039435735,0.56,-8.968991331052E-02));
#13290 = CARTESIAN_POINT('',(0.218039435735,0.55,-8.968991331052E-02));
#13291 = CARTESIAN_POINT('',(0.215347458238,0.56,-9.827587148168E-02));
#13292 = CARTESIAN_POINT('',(0.215347458238,0.55,-9.827587148168E-02));
#13293 = CARTESIAN_POINT('',(0.212266418684,0.56,-0.106255936932));
#13294 = CARTESIAN_POINT('',(0.212266418684,0.55,-0.106255936932));
#13295 = CARTESIAN_POINT('',(0.208874845259,0.56,-0.113667315568));
#13296 = CARTESIAN_POINT('',(0.208874845259,0.55,-0.113667315568));
#13297 = CARTESIAN_POINT('',(0.205252669382,0.56,-0.120545788044));
#13298 = CARTESIAN_POINT('',(0.205252669382,0.55,-0.120545788044));
#13299 = CARTESIAN_POINT('',(0.201318445336,0.56,-0.126872482201));
#13300 = CARTESIAN_POINT('',(0.201318445336,0.55,-0.126872482201));
#13301 = CARTESIAN_POINT('',(0.197118877029,0.56,-0.132675736492));
#13302 = CARTESIAN_POINT('',(0.197118877029,0.55,-0.132675736492));
#13303 = CARTESIAN_POINT('',(0.19254312211,0.56,-0.137839195948));
#13304 = CARTESIAN_POINT('',(0.19254312211,0.55,-0.137839195948));
#13305 = CARTESIAN_POINT('',(0.187772684828,0.56,-0.142522892759));
#13306 = CARTESIAN_POINT('',(0.187772684828,0.55,-0.142522892759));
#13307 = CARTESIAN_POINT('',(0.181090966246,0.56,-0.147869149671));
#13308 = CARTESIAN_POINT('',(0.181090966246,0.55,-0.147869149671));
#13309 = CARTESIAN_POINT('',(0.172343537266,0.56,-0.153320319219));
#13310 = CARTESIAN_POINT('',(0.172343537266,0.55,-0.153320319219));
#13311 = CARTESIAN_POINT('',(0.161458972532,0.56,-0.158336895205));
#13312 = CARTESIAN_POINT('',(0.161458972532,0.55,-0.158336895205));
#13313 = CARTESIAN_POINT('',(0.150131908107,0.56,-0.161217724468));
#13314 = CARTESIAN_POINT('',(0.150131908107,0.55,-0.161217724468));
#13315 = CARTESIAN_POINT('',(0.142474562698,0.56,-0.161623893171));
#13316 = CARTESIAN_POINT('',(0.142474562698,0.55,-0.161623893171));
#13317 = CARTESIAN_POINT('',(0.138650029412,0.56,-0.161826757956));
#13318 = CARTESIAN_POINT('',(0.138650029412,0.55,-0.161826757956));
#13319 = ADVANCED_FACE('',(#13320),#13327,.F.);
#13320 = FACE_BOUND('',#13321,.T.);
#13321 = EDGE_LOOP('',(#13322,#13323,#13324,#13325,#13326));
#13322 = ORIENTED_EDGE('',*,*,#13244,.T.);
#13323 = ORIENTED_EDGE('',*,*,#12953,.T.);
#13324 = ORIENTED_EDGE('',*,*,#13046,.T.);
#13325 = ORIENTED_EDGE('',*,*,#13132,.T.);
#13326 = ORIENTED_EDGE('',*,*,#13194,.T.);
#13327 = PLANE('',#13328);
#13328 = AXIS2_PLACEMENT_3D('',#13329,#13330,#13331);
#13329 = CARTESIAN_POINT('',(1.351560977094,0.55,0.4));
#13330 = DIRECTION('',(-3.761581922631E-31,-1.,-1.019578823125E-46));
#13331 = DIRECTION('',(1.,-3.761581922631E-31,0.));
#13332 = ADVANCED_FACE('',(#13333),#13370,.T.);
#13333 = FACE_BOUND('',#13334,.T.);
#13334 = EDGE_LOOP('',(#13335,#13336,#13344,#13364));
#13335 = ORIENTED_EDGE('',*,*,#9928,.F.);
#13336 = ORIENTED_EDGE('',*,*,#13337,.F.);
#13337 = EDGE_CURVE('',#13338,#9905,#13340,.T.);
#13338 = VERTEX_POINT('',#13339);
#13339 = CARTESIAN_POINT('',(0.407880798643,0.56,-0.161826757956));
#13340 = LINE('',#13341,#13342);
#13341 = CARTESIAN_POINT('',(0.407880798643,0.56,-0.161826757956));
#13342 = VECTOR('',#13343,1.);
#13343 = DIRECTION('',(-3.761581922631E-31,-1.,-9.429630734102E-47));
#13344 = ORIENTED_EDGE('',*,*,#13345,.T.);
#13345 = EDGE_CURVE('',#13338,#13346,#13348,.T.);
#13346 = VERTEX_POINT('',#13347);
#13347 = CARTESIAN_POINT('',(0.334683683258,0.56,-0.10798060411));
#13348 = B_SPLINE_CURVE_WITH_KNOTS('',3,(#13349,#13350,#13351,#13352,
    #13353,#13354,#13355,#13356,#13357,#13358,#13359,#13360,#13361,
    #13362,#13363),.UNSPECIFIED.,.F.,.F.,(4,1,1,1,1,1,1,1,1,1,1,1,4),(0.
    ,0.122711942366,0.239684964017,0.351815855256,0.463766132862,
    0.520817793161,0.579448291448,0.64060414512,0.705297511806,
    0.773633880713,0.844669381886,0.920056508021,1.),.UNSPECIFIED.);
#13349 = CARTESIAN_POINT('',(0.407880798643,0.56,-0.161826757956));
#13350 = CARTESIAN_POINT('',(0.403895631842,0.56,-0.161687621756));
#13351 = CARTESIAN_POINT('',(0.396111674204,0.56,-0.161415856396));
#13352 = CARTESIAN_POINT('',(0.384890182513,0.56,-0.159035555051));
#13353 = CARTESIAN_POINT('',(0.374458249113,0.56,-0.155237746702));
#13354 = CARTESIAN_POINT('',(0.366484382454,0.56,-0.150704444758));
#13355 = CARTESIAN_POINT('',(0.360596125038,0.56,-0.146229401373));
#13356 = CARTESIAN_POINT('',(0.356388431218,0.56,-0.142321162736));
#13357 = CARTESIAN_POINT('',(0.352256380178,0.56,-0.13797788037));
#13358 = CARTESIAN_POINT('',(0.348471812493,0.56,-0.132932042842));
#13359 = CARTESIAN_POINT('',(0.344644414825,0.56,-0.127525363823));
#13360 = CARTESIAN_POINT('',(0.341159958672,0.56,-0.121482995669));
#13361 = CARTESIAN_POINT('',(0.337773989447,0.56,-0.114962556239));
#13362 = CARTESIAN_POINT('',(0.335733734485,0.56,-0.110352992784));
#13363 = CARTESIAN_POINT('',(0.334683683258,0.56,-0.10798060411));
#13364 = ORIENTED_EDGE('',*,*,#13365,.T.);
#13365 = EDGE_CURVE('',#13346,#9929,#13366,.T.);
#13366 = LINE('',#13367,#13368);
#13367 = CARTESIAN_POINT('',(0.334683683258,0.56,-0.10798060411));
#13368 = VECTOR('',#13369,1.);
#13369 = DIRECTION('',(-3.761581922631E-31,-1.,-9.429630734102E-47));
#13370 = B_SPLINE_SURFACE_WITH_KNOTS('',3,1,(
    (#13371,#13372)
    ,(#13373,#13374)
    ,(#13375,#13376)
    ,(#13377,#13378)
    ,(#13379,#13380)
    ,(#13381,#13382)
    ,(#13383,#13384)
    ,(#13385,#13386)
    ,(#13387,#13388)
    ,(#13389,#13390)
    ,(#13391,#13392)
    ,(#13393,#13394)
    ,(#13395,#13396)
    ,(#13397,#13398)
    ,(#13399,#13400
    )),.UNSPECIFIED.,.F.,.F.,.F.,(4,1,1,1,1,1,1,1,1,1,1,1,4),(2,2),(0.,
    0.122711942366,0.239684964017,0.351815855256,0.463766132862,
    0.520817793161,0.579448291448,0.64060414512,0.705297511806,
    0.773633880713,0.844669381886,0.920056508021,1.),(0.,1.),
  .UNSPECIFIED.);
#13371 = CARTESIAN_POINT('',(0.407880798643,0.56,-0.161826757956));
#13372 = CARTESIAN_POINT('',(0.407880798643,0.55,-0.161826757956));
#13373 = CARTESIAN_POINT('',(0.403895631842,0.56,-0.161687621756));
#13374 = CARTESIAN_POINT('',(0.403895631842,0.55,-0.161687621756));
#13375 = CARTESIAN_POINT('',(0.396111674204,0.56,-0.161415856396));
#13376 = CARTESIAN_POINT('',(0.396111674204,0.55,-0.161415856396));
#13377 = CARTESIAN_POINT('',(0.384890182513,0.56,-0.159035555051));
#13378 = CARTESIAN_POINT('',(0.384890182513,0.55,-0.159035555051));
#13379 = CARTESIAN_POINT('',(0.374458249113,0.56,-0.155237746702));
#13380 = CARTESIAN_POINT('',(0.374458249113,0.55,-0.155237746702));
#13381 = CARTESIAN_POINT('',(0.366484382454,0.56,-0.150704444758));
#13382 = CARTESIAN_POINT('',(0.366484382454,0.55,-0.150704444758));
#13383 = CARTESIAN_POINT('',(0.360596125038,0.56,-0.146229401373));
#13384 = CARTESIAN_POINT('',(0.360596125038,0.55,-0.146229401373));
#13385 = CARTESIAN_POINT('',(0.356388431218,0.56,-0.142321162736));
#13386 = CARTESIAN_POINT('',(0.356388431218,0.55,-0.142321162736));
#13387 = CARTESIAN_POINT('',(0.352256380178,0.56,-0.13797788037));
#13388 = CARTESIAN_POINT('',(0.352256380178,0.55,-0.13797788037));
#13389 = CARTESIAN_POINT('',(0.348471812493,0.56,-0.132932042842));
#13390 = CARTESIAN_POINT('',(0.348471812493,0.55,-0.132932042842));
#13391 = CARTESIAN_POINT('',(0.344644414825,0.56,-0.127525363823));
#13392 = CARTESIAN_POINT('',(0.344644414825,0.55,-0.127525363823));
#13393 = CARTESIAN_POINT('',(0.341159958672,0.56,-0.121482995669));
#13394 = CARTESIAN_POINT('',(0.341159958672,0.55,-0.121482995669));
#13395 = CARTESIAN_POINT('',(0.337773989447,0.56,-0.114962556239));
#13396 = CARTESIAN_POINT('',(0.337773989447,0.55,-0.114962556239));
#13397 = CARTESIAN_POINT('',(0.335733734485,0.56,-0.110352992784));
#13398 = CARTESIAN_POINT('',(0.335733734485,0.55,-0.110352992784));
#13399 = CARTESIAN_POINT('',(0.334683683258,0.56,-0.10798060411));
#13400 = CARTESIAN_POINT('',(0.334683683258,0.55,-0.10798060411));
#13401 = ADVANCED_FACE('',(#13402),#13436,.T.);
#13402 = FACE_BOUND('',#13403,.T.);
#13403 = EDGE_LOOP('',(#13404,#13405,#13413,#13435));
#13404 = ORIENTED_EDGE('',*,*,#9902,.F.);
#13405 = ORIENTED_EDGE('',*,*,#13406,.F.);
#13406 = EDGE_CURVE('',#13407,#9903,#13409,.T.);
#13407 = VERTEX_POINT('',#13408);
#13408 = CARTESIAN_POINT('',(0.478273426848,0.56,-0.106928921418));
#13409 = LINE('',#13410,#13411);
#13410 = CARTESIAN_POINT('',(0.478273426848,0.56,-0.106928921418));
#13411 = VECTOR('',#13412,1.);
#13412 = DIRECTION('',(-3.761581922631E-31,-1.,-9.429630734102E-47));
#13413 = ORIENTED_EDGE('',*,*,#13414,.T.);
#13414 = EDGE_CURVE('',#13407,#13338,#13415,.T.);
#13415 = B_SPLINE_CURVE_WITH_KNOTS('',3,(#13416,#13417,#13418,#13419,
    #13420,#13421,#13422,#13423,#13424,#13425,#13426,#13427,#13428,
    #13429,#13430,#13431,#13432,#13433,#13434),.UNSPECIFIED.,.F.,.F.,(4,
    1,1,1,1,1,1,1,1,1,1,1,1,1,1,1,4),(0.,5.527454908753E-02,
    0.109966093882,0.163247442852,0.218076185482,0.273300874374,
    0.330909300011,0.390994523365,0.454175953431,0.518861540849,
    0.583310532011,0.648516681864,0.715030887097,0.782502072854,
    0.852322685077,0.924928489784,1.),.UNSPECIFIED.);
#13416 = CARTESIAN_POINT('',(0.478273426848,0.56,-0.106928921418));
#13417 = CARTESIAN_POINT('',(0.478231985752,0.56,-0.108756695932));
#13418 = CARTESIAN_POINT('',(0.478149540656,0.56,-0.112392966641));
#13419 = CARTESIAN_POINT('',(0.477109812878,0.56,-0.11770547351));
#13420 = CARTESIAN_POINT('',(0.47554740878,0.56,-0.122855568103));
#13421 = CARTESIAN_POINT('',(0.473399435849,0.56,-0.127821349128));
#13422 = CARTESIAN_POINT('',(0.470524415978,0.56,-0.132568376518));
#13423 = CARTESIAN_POINT('',(0.467083817326,0.56,-0.137137121412));
#13424 = CARTESIAN_POINT('',(0.462987007298,0.56,-0.141501499313));
#13425 = CARTESIAN_POINT('',(0.458292462597,0.56,-0.145569531268));
#13426 = CARTESIAN_POINT('',(0.4532512821,0.56,-0.149446454985));
#13427 = CARTESIAN_POINT('',(0.447726304595,0.56,-0.152737818683));
#13428 = CARTESIAN_POINT('',(0.441884117124,0.56,-0.15555232489));
#13429 = CARTESIAN_POINT('',(0.435718251639,0.56,-0.157873275101));
#13430 = CARTESIAN_POINT('',(0.429208698607,0.56,-0.159619203922));
#13431 = CARTESIAN_POINT('',(0.422386042842,0.56,-0.160872788062));
#13432 = CARTESIAN_POINT('',(0.41523727449,0.56,-0.161656553536));
#13433 = CARTESIAN_POINT('',(0.41036010129,0.56,-0.161769395126));
#13434 = CARTESIAN_POINT('',(0.407880798643,0.56,-0.161826757956));
#13435 = ORIENTED_EDGE('',*,*,#13337,.T.);
#13436 = B_SPLINE_SURFACE_WITH_KNOTS('',3,1,(
    (#13437,#13438)
    ,(#13439,#13440)
    ,(#13441,#13442)
    ,(#13443,#13444)
    ,(#13445,#13446)
    ,(#13447,#13448)
    ,(#13449,#13450)
    ,(#13451,#13452)
    ,(#13453,#13454)
    ,(#13455,#13456)
    ,(#13457,#13458)
    ,(#13459,#13460)
    ,(#13461,#13462)
    ,(#13463,#13464)
    ,(#13465,#13466)
    ,(#13467,#13468)
    ,(#13469,#13470)
    ,(#13471,#13472)
    ,(#13473,#13474
    )),.UNSPECIFIED.,.F.,.F.,.F.,(4,1,1,1,1,1,1,1,1,1,1,1,1,1,1,1,4),(2,
    2),(0.,5.527454908753E-02,0.109966093882,0.163247442852,
    0.218076185482,0.273300874374,0.330909300011,0.390994523365,
    0.454175953431,0.518861540849,0.583310532011,0.648516681864,
    0.715030887097,0.782502072854,0.852322685077,0.924928489784,1.),(0.,
    1.),.UNSPECIFIED.);
#13437 = CARTESIAN_POINT('',(0.478273426848,0.56,-0.106928921418));
#13438 = CARTESIAN_POINT('',(0.478273426848,0.55,-0.106928921418));
#13439 = CARTESIAN_POINT('',(0.478231985752,0.56,-0.108756695932));
#13440 = CARTESIAN_POINT('',(0.478231985752,0.55,-0.108756695932));
#13441 = CARTESIAN_POINT('',(0.478149540656,0.56,-0.112392966641));
#13442 = CARTESIAN_POINT('',(0.478149540656,0.55,-0.112392966641));
#13443 = CARTESIAN_POINT('',(0.477109812878,0.56,-0.11770547351));
#13444 = CARTESIAN_POINT('',(0.477109812878,0.55,-0.11770547351));
#13445 = CARTESIAN_POINT('',(0.47554740878,0.56,-0.122855568103));
#13446 = CARTESIAN_POINT('',(0.47554740878,0.55,-0.122855568103));
#13447 = CARTESIAN_POINT('',(0.473399435849,0.56,-0.127821349128));
#13448 = CARTESIAN_POINT('',(0.473399435849,0.55,-0.127821349128));
#13449 = CARTESIAN_POINT('',(0.470524415978,0.56,-0.132568376518));
#13450 = CARTESIAN_POINT('',(0.470524415978,0.55,-0.132568376518));
#13451 = CARTESIAN_POINT('',(0.467083817326,0.56,-0.137137121412));
#13452 = CARTESIAN_POINT('',(0.467083817326,0.55,-0.137137121412));
#13453 = CARTESIAN_POINT('',(0.462987007298,0.56,-0.141501499313));
#13454 = CARTESIAN_POINT('',(0.462987007298,0.55,-0.141501499313));
#13455 = CARTESIAN_POINT('',(0.458292462597,0.56,-0.145569531268));
#13456 = CARTESIAN_POINT('',(0.458292462597,0.55,-0.145569531268));
#13457 = CARTESIAN_POINT('',(0.4532512821,0.56,-0.149446454985));
#13458 = CARTESIAN_POINT('',(0.4532512821,0.55,-0.149446454985));
#13459 = CARTESIAN_POINT('',(0.447726304595,0.56,-0.152737818683));
#13460 = CARTESIAN_POINT('',(0.447726304595,0.55,-0.152737818683));
#13461 = CARTESIAN_POINT('',(0.441884117124,0.56,-0.15555232489));
#13462 = CARTESIAN_POINT('',(0.441884117124,0.55,-0.15555232489));
#13463 = CARTESIAN_POINT('',(0.435718251639,0.56,-0.157873275101));
#13464 = CARTESIAN_POINT('',(0.435718251639,0.55,-0.157873275101));
#13465 = CARTESIAN_POINT('',(0.429208698607,0.56,-0.159619203922));
#13466 = CARTESIAN_POINT('',(0.429208698607,0.55,-0.159619203922));
#13467 = CARTESIAN_POINT('',(0.422386042842,0.56,-0.160872788062));
#13468 = CARTESIAN_POINT('',(0.422386042842,0.55,-0.160872788062));
#13469 = CARTESIAN_POINT('',(0.41523727449,0.56,-0.161656553536));
#13470 = CARTESIAN_POINT('',(0.41523727449,0.55,-0.161656553536));
#13471 = CARTESIAN_POINT('',(0.41036010129,0.56,-0.161769395126));
#13472 = CARTESIAN_POINT('',(0.41036010129,0.55,-0.161769395126));
#13473 = CARTESIAN_POINT('',(0.407880798643,0.56,-0.161826757956));
#13474 = CARTESIAN_POINT('',(0.407880798643,0.55,-0.161826757956));
#13475 = ADVANCED_FACE('',(#13476),#13506,.T.);
#13476 = FACE_BOUND('',#13477,.T.);
#13477 = EDGE_LOOP('',(#13478,#13479,#13487,#13505));
#13478 = ORIENTED_EDGE('',*,*,#10184,.F.);
#13479 = ORIENTED_EDGE('',*,*,#13480,.F.);
#13480 = EDGE_CURVE('',#13481,#10177,#13483,.T.);
#13481 = VERTEX_POINT('',#13482);
#13482 = CARTESIAN_POINT('',(0.388529837104,0.56,-4.964727077652E-02));
#13483 = LINE('',#13484,#13485);
#13484 = CARTESIAN_POINT('',(0.388529837104,0.56,-4.964727077652E-02));
#13485 = VECTOR('',#13486,1.);
#13486 = DIRECTION('',(-3.761581922631E-31,-1.,-9.429630734102E-47));
#13487 = ORIENTED_EDGE('',*,*,#13488,.T.);
#13488 = EDGE_CURVE('',#13481,#13407,#13489,.T.);
#13489 = B_SPLINE_CURVE_WITH_KNOTS('',3,(#13490,#13491,#13492,#13493,
    #13494,#13495,#13496,#13497,#13498,#13499,#13500,#13501,#13502,
    #13503,#13504),.UNSPECIFIED.,.F.,.F.,(4,1,1,1,1,1,1,1,1,1,1,1,4),(0.
    ,0.110165553211,0.215787256175,0.318027434909,0.417573954166,
    0.511650487647,0.596162097103,0.672934533485,0.74366955735,
    0.810677001065,0.874058962314,0.936696301919,1.),.UNSPECIFIED.);
#13490 = CARTESIAN_POINT('',(0.388529837104,0.56,-4.964727077652E-02));
#13491 = CARTESIAN_POINT('',(0.392859953676,0.56,-4.972075114864E-02));
#13492 = CARTESIAN_POINT('',(0.401341588332,0.56,-4.986468114691E-02));
#13493 = CARTESIAN_POINT('',(0.413731018808,0.56,-5.160548218641E-02));
#13494 = CARTESIAN_POINT('',(0.425578350022,0.56,-5.401354499199E-02));
#13495 = CARTESIAN_POINT('',(0.436621024222,0.56,-5.770206421902E-02));
#13496 = CARTESIAN_POINT('',(0.446685895557,0.56,-6.198609390495E-02));
#13497 = CARTESIAN_POINT('',(0.455417855765,0.56,-6.697131485653E-02));
#13498 = CARTESIAN_POINT('',(0.462694570492,0.56,-7.25127897812E-02));
#13499 = CARTESIAN_POINT('',(0.468480677642,0.56,-7.869605071543E-02));
#13500 = CARTESIAN_POINT('',(0.472833600506,0.56,-8.532755546377E-02));
#13501 = CARTESIAN_POINT('',(0.476016280249,0.56,-9.223922123252E-02));
#13502 = CARTESIAN_POINT('',(0.477896312873,0.56,-9.949162732615E-02));
#13503 = CARTESIAN_POINT('',(0.478147279565,0.56,-0.104441094119));
#13504 = CARTESIAN_POINT('',(0.478273426848,0.56,-0.106928921418));
#13505 = ORIENTED_EDGE('',*,*,#13406,.T.);
#13506 = B_SPLINE_SURFACE_WITH_KNOTS('',3,1,(
    (#13507,#13508)
    ,(#13509,#13510)
    ,(#13511,#13512)
    ,(#13513,#13514)
    ,(#13515,#13516)
    ,(#13517,#13518)
    ,(#13519,#13520)
    ,(#13521,#13522)
    ,(#13523,#13524)
    ,(#13525,#13526)
    ,(#13527,#13528)
    ,(#13529,#13530)
    ,(#13531,#13532)
    ,(#13533,#13534)
    ,(#13535,#13536
    )),.UNSPECIFIED.,.F.,.F.,.F.,(4,1,1,1,1,1,1,1,1,1,1,1,4),(2,2),(0.,
    0.110165553211,0.215787256175,0.318027434909,0.417573954166,
    0.511650487647,0.596162097103,0.672934533485,0.74366955735,
    0.810677001065,0.874058962314,0.936696301919,1.),(0.,1.),
  .UNSPECIFIED.);
#13507 = CARTESIAN_POINT('',(0.388529837104,0.56,-4.964727077652E-02));
#13508 = CARTESIAN_POINT('',(0.388529837104,0.55,-4.964727077652E-02));
#13509 = CARTESIAN_POINT('',(0.392859953676,0.56,-4.972075114864E-02));
#13510 = CARTESIAN_POINT('',(0.392859953676,0.55,-4.972075114864E-02));
#13511 = CARTESIAN_POINT('',(0.401341588332,0.56,-4.986468114691E-02));
#13512 = CARTESIAN_POINT('',(0.401341588332,0.55,-4.986468114691E-02));
#13513 = CARTESIAN_POINT('',(0.413731018808,0.56,-5.160548218641E-02));
#13514 = CARTESIAN_POINT('',(0.413731018808,0.55,-5.160548218641E-02));
#13515 = CARTESIAN_POINT('',(0.425578350022,0.56,-5.401354499199E-02));
#13516 = CARTESIAN_POINT('',(0.425578350022,0.55,-5.401354499199E-02));
#13517 = CARTESIAN_POINT('',(0.436621024222,0.56,-5.770206421902E-02));
#13518 = CARTESIAN_POINT('',(0.436621024222,0.55,-5.770206421902E-02));
#13519 = CARTESIAN_POINT('',(0.446685895557,0.56,-6.198609390495E-02));
#13520 = CARTESIAN_POINT('',(0.446685895557,0.55,-6.198609390495E-02));
#13521 = CARTESIAN_POINT('',(0.455417855765,0.56,-6.697131485653E-02));
#13522 = CARTESIAN_POINT('',(0.455417855765,0.55,-6.697131485653E-02));
#13523 = CARTESIAN_POINT('',(0.462694570492,0.56,-7.25127897812E-02));
#13524 = CARTESIAN_POINT('',(0.462694570492,0.55,-7.25127897812E-02));
#13525 = CARTESIAN_POINT('',(0.468480677642,0.56,-7.869605071543E-02));
#13526 = CARTESIAN_POINT('',(0.468480677642,0.55,-7.869605071543E-02));
#13527 = CARTESIAN_POINT('',(0.472833600506,0.56,-8.532755546377E-02));
#13528 = CARTESIAN_POINT('',(0.472833600506,0.55,-8.532755546377E-02));
#13529 = CARTESIAN_POINT('',(0.476016280249,0.56,-9.223922123252E-02));
#13530 = CARTESIAN_POINT('',(0.476016280249,0.55,-9.223922123252E-02));
#13531 = CARTESIAN_POINT('',(0.477896312873,0.56,-9.949162732615E-02));
#13532 = CARTESIAN_POINT('',(0.477896312873,0.55,-9.949162732615E-02));
#13533 = CARTESIAN_POINT('',(0.478147279565,0.56,-0.104441094119));
#13534 = CARTESIAN_POINT('',(0.478147279565,0.55,-0.104441094119));
#13535 = CARTESIAN_POINT('',(0.478273426848,0.56,-0.106928921418));
#13536 = CARTESIAN_POINT('',(0.478273426848,0.55,-0.106928921418));
#13537 = ADVANCED_FACE('',(#13538),#13556,.T.);
#13538 = FACE_BOUND('',#13539,.T.);
#13539 = EDGE_LOOP('',(#13540,#13541,#13549,#13555));
#13540 = ORIENTED_EDGE('',*,*,#10176,.F.);
#13541 = ORIENTED_EDGE('',*,*,#13542,.F.);
#13542 = EDGE_CURVE('',#13543,#10153,#13545,.T.);
#13543 = VERTEX_POINT('',#13544);
#13544 = CARTESIAN_POINT('',(0.388529837104,0.56,-1.374983487908E-02));
#13545 = LINE('',#13546,#13547);
#13546 = CARTESIAN_POINT('',(0.388529837104,0.56,-1.374983487908E-02));
#13547 = VECTOR('',#13548,1.);
#13548 = DIRECTION('',(-3.761581922631E-31,-1.,-9.429630734102E-47));
#13549 = ORIENTED_EDGE('',*,*,#13550,.T.);
#13550 = EDGE_CURVE('',#13543,#13481,#13551,.T.);
#13551 = LINE('',#13552,#13553);
#13552 = CARTESIAN_POINT('',(0.388529837104,0.56,-1.374983487908E-02));
#13553 = VECTOR('',#13554,1.);
#13554 = DIRECTION('',(0.,0.,-1.));
#13555 = ORIENTED_EDGE('',*,*,#13480,.T.);
#13556 = PLANE('',#13557);
#13557 = AXIS2_PLACEMENT_3D('',#13558,#13559,#13560);
#13558 = CARTESIAN_POINT('',(0.388529837104,0.56,-1.374983487908E-02));
#13559 = DIRECTION('',(-1.,3.761581922631E-31,0.));
#13560 = DIRECTION('',(-3.761581922631E-31,-1.,0.));
#13561 = ADVANCED_FACE('',(#13562),#13596,.T.);
#13562 = FACE_BOUND('',#13563,.T.);
#13563 = EDGE_LOOP('',(#13564,#13565,#13573,#13595));
#13564 = ORIENTED_EDGE('',*,*,#10152,.F.);
#13565 = ORIENTED_EDGE('',*,*,#13566,.F.);
#13566 = EDGE_CURVE('',#13567,#10129,#13569,.T.);
#13567 = VERTEX_POINT('',#13568);
#13568 = CARTESIAN_POINT('',(0.496222144797,0.56,6.028862665938E-02));
#13569 = LINE('',#13570,#13571);
#13570 = CARTESIAN_POINT('',(0.496222144797,0.56,6.028862665938E-02));
#13571 = VECTOR('',#13572,1.);
#13572 = DIRECTION('',(-3.761581922631E-31,-1.,-9.429630734102E-47));
#13573 = ORIENTED_EDGE('',*,*,#13574,.T.);
#13574 = EDGE_CURVE('',#13567,#13543,#13575,.T.);
#13575 = B_SPLINE_CURVE_WITH_KNOTS('',3,(#13576,#13577,#13578,#13579,
    #13580,#13581,#13582,#13583,#13584,#13585,#13586,#13587,#13588,
    #13589,#13590,#13591,#13592,#13593,#13594),.UNSPECIFIED.,.F.,.F.,(4,
    1,1,1,1,1,1,1,1,1,1,1,1,1,1,1,4),(0.,6.690918560566E-02,
    0.133485440423,0.20103511657,0.271234340019,0.342879984162,
    0.41383612961,0.485976621974,0.560229557256,0.599884180752,
    0.644054839643,0.691891931584,0.744687524474,0.80149177517,
    0.86285769822,0.929328379395,1.),.UNSPECIFIED.);
#13576 = CARTESIAN_POINT('',(0.496222144797,0.56,6.028862665938E-02));
#13577 = CARTESIAN_POINT('',(0.496069114644,0.56,5.702749277238E-02));
#13578 = CARTESIAN_POINT('',(0.495763815796,0.56,5.052145194637E-02));
#13579 = CARTESIAN_POINT('',(0.493432957851,0.56,4.094969451912E-02));
#13580 = CARTESIAN_POINT('',(0.489599071431,0.56,3.172735327521E-02));
#13581 = CARTESIAN_POINT('',(0.4842318203,0.56,2.301177426942E-02));
#13582 = CARTESIAN_POINT('',(0.477698247435,0.56,1.493418411597E-02));
#13583 = CARTESIAN_POINT('',(0.470061756749,0.56,7.727035868167E-03));
#13584 = CARTESIAN_POINT('',(0.461258933912,0.56,1.780026761058E-03));
#13585 = CARTESIAN_POINT('',(0.453156947009,0.56,-2.32883887881E-03));
#13586 = CARTESIAN_POINT('',(0.445980431358,0.56,-5.132546397187E-03));
#13587 = CARTESIAN_POINT('',(0.439838892914,0.56,-7.000042842113E-03));
#13588 = CARTESIAN_POINT('',(0.432963232576,0.56,-8.581408409722E-03));
#13589 = CARTESIAN_POINT('',(0.425436597689,0.56,-1.005263556219E-02));
#13590 = CARTESIAN_POINT('',(0.417202276044,0.56,-1.130477037738E-02));
#13591 = CARTESIAN_POINT('',(0.408269232247,0.56,-1.234895195172E-02));
#13592 = CARTESIAN_POINT('',(0.398635656086,0.56,-1.318445604617E-02));
#13593 = CARTESIAN_POINT('',(0.3919665395,0.56,-1.355756557432E-02));
#13594 = CARTESIAN_POINT('',(0.388529837104,0.56,-1.374983487908E-02));
#13595 = ORIENTED_EDGE('',*,*,#13542,.T.);
#13596 = B_SPLINE_SURFACE_WITH_KNOTS('',3,1,(
    (#13597,#13598)
    ,(#13599,#13600)
    ,(#13601,#13602)
    ,(#13603,#13604)
    ,(#13605,#13606)
    ,(#13607,#13608)
    ,(#13609,#13610)
    ,(#13611,#13612)
    ,(#13613,#13614)
    ,(#13615,#13616)
    ,(#13617,#13618)
    ,(#13619,#13620)
    ,(#13621,#13622)
    ,(#13623,#13624)
    ,(#13625,#13626)
    ,(#13627,#13628)
    ,(#13629,#13630)
    ,(#13631,#13632)
    ,(#13633,#13634
    )),.UNSPECIFIED.,.F.,.F.,.F.,(4,1,1,1,1,1,1,1,1,1,1,1,1,1,1,1,4),(2,
    2),(0.,6.690918560566E-02,0.133485440423,0.20103511657,
    0.271234340019,0.342879984162,0.41383612961,0.485976621974,
    0.560229557256,0.599884180752,0.644054839643,0.691891931584,
    0.744687524474,0.80149177517,0.86285769822,0.929328379395,1.),(0.,1.
    ),.UNSPECIFIED.);
#13597 = CARTESIAN_POINT('',(0.496222144797,0.56,6.028862665938E-02));
#13598 = CARTESIAN_POINT('',(0.496222144797,0.55,6.028862665938E-02));
#13599 = CARTESIAN_POINT('',(0.496069114644,0.56,5.702749277238E-02));
#13600 = CARTESIAN_POINT('',(0.496069114644,0.55,5.702749277238E-02));
#13601 = CARTESIAN_POINT('',(0.495763815796,0.56,5.052145194637E-02));
#13602 = CARTESIAN_POINT('',(0.495763815796,0.55,5.052145194637E-02));
#13603 = CARTESIAN_POINT('',(0.493432957851,0.56,4.094969451912E-02));
#13604 = CARTESIAN_POINT('',(0.493432957851,0.55,4.094969451912E-02));
#13605 = CARTESIAN_POINT('',(0.489599071431,0.56,3.172735327521E-02));
#13606 = CARTESIAN_POINT('',(0.489599071431,0.55,3.172735327521E-02));
#13607 = CARTESIAN_POINT('',(0.4842318203,0.56,2.301177426942E-02));
#13608 = CARTESIAN_POINT('',(0.4842318203,0.55,2.301177426942E-02));
#13609 = CARTESIAN_POINT('',(0.477698247435,0.56,1.493418411597E-02));
#13610 = CARTESIAN_POINT('',(0.477698247435,0.55,1.493418411597E-02));
#13611 = CARTESIAN_POINT('',(0.470061756749,0.56,7.727035868167E-03));
#13612 = CARTESIAN_POINT('',(0.470061756749,0.55,7.727035868167E-03));
#13613 = CARTESIAN_POINT('',(0.461258933912,0.56,1.780026761058E-03));
#13614 = CARTESIAN_POINT('',(0.461258933912,0.55,1.780026761058E-03));
#13615 = CARTESIAN_POINT('',(0.453156947009,0.56,-2.32883887881E-03));
#13616 = CARTESIAN_POINT('',(0.453156947009,0.55,-2.32883887881E-03));
#13617 = CARTESIAN_POINT('',(0.445980431358,0.56,-5.132546397187E-03));
#13618 = CARTESIAN_POINT('',(0.445980431358,0.55,-5.132546397187E-03));
#13619 = CARTESIAN_POINT('',(0.439838892914,0.56,-7.000042842113E-03));
#13620 = CARTESIAN_POINT('',(0.439838892914,0.55,-7.000042842113E-03));
#13621 = CARTESIAN_POINT('',(0.432963232576,0.56,-8.581408409722E-03));
#13622 = CARTESIAN_POINT('',(0.432963232576,0.55,-8.581408409722E-03));
#13623 = CARTESIAN_POINT('',(0.425436597689,0.56,-1.005263556219E-02));
#13624 = CARTESIAN_POINT('',(0.425436597689,0.55,-1.005263556219E-02));
#13625 = CARTESIAN_POINT('',(0.417202276044,0.56,-1.130477037738E-02));
#13626 = CARTESIAN_POINT('',(0.417202276044,0.55,-1.130477037738E-02));
#13627 = CARTESIAN_POINT('',(0.408269232247,0.56,-1.234895195172E-02));
#13628 = CARTESIAN_POINT('',(0.408269232247,0.55,-1.234895195172E-02));
#13629 = CARTESIAN_POINT('',(0.398635656086,0.56,-1.318445604617E-02));
#13630 = CARTESIAN_POINT('',(0.398635656086,0.55,-1.318445604617E-02));
#13631 = CARTESIAN_POINT('',(0.3919665395,0.56,-1.355756557432E-02));
#13632 = CARTESIAN_POINT('',(0.3919665395,0.55,-1.355756557432E-02));
#13633 = CARTESIAN_POINT('',(0.388529837104,0.56,-1.374983487908E-02));
#13634 = CARTESIAN_POINT('',(0.388529837104,0.55,-1.374983487908E-02));
#13635 = ADVANCED_FACE('',(#13636),#13670,.T.);
#13636 = FACE_BOUND('',#13637,.T.);
#13637 = EDGE_LOOP('',(#13638,#13639,#13647,#13669));
#13638 = ORIENTED_EDGE('',*,*,#10128,.F.);
#13639 = ORIENTED_EDGE('',*,*,#13640,.F.);
#13640 = EDGE_CURVE('',#13641,#10113,#13643,.T.);
#13641 = VERTEX_POINT('',#13642);
#13642 = CARTESIAN_POINT('',(0.407109564668,0.56,0.134327088198));
#13643 = LINE('',#13644,#13645);
#13644 = CARTESIAN_POINT('',(0.407109564668,0.56,0.134327088198));
#13645 = VECTOR('',#13646,1.);
#13646 = DIRECTION('',(-3.761581922631E-31,-1.,-9.429630734102E-47));
#13647 = ORIENTED_EDGE('',*,*,#13648,.T.);
#13648 = EDGE_CURVE('',#13641,#13567,#13649,.T.);
#13649 = B_SPLINE_CURVE_WITH_KNOTS('',3,(#13650,#13651,#13652,#13653,
    #13654,#13655,#13656,#13657,#13658,#13659,#13660,#13661,#13662,
    #13663,#13664,#13665,#13666,#13667,#13668),.UNSPECIFIED.,.F.,.F.,(4,
    1,1,1,1,1,1,1,1,1,1,1,1,1,1,1,4),(0.,7.607173695556E-02,
    0.148751714575,0.218402793846,0.285759581062,0.350598023675,
    0.414964044598,0.478069338572,0.541760676007,0.604349858539,
    0.664075021071,0.72146362308,0.777587128236,0.832644446927,
    0.887843511068,0.943460342652,1.),.UNSPECIFIED.);
#13650 = CARTESIAN_POINT('',(0.407109564668,0.56,0.134327088198));
#13651 = CARTESIAN_POINT('',(0.410384914933,0.56,0.134265497673));
#13652 = CARTESIAN_POINT('',(0.416789579625,0.56,0.134145062719));
#13653 = CARTESIAN_POINT('',(0.426135065558,0.56,0.133037492034));
#13654 = CARTESIAN_POINT('',(0.435025810315,0.56,0.13142445069));
#13655 = CARTESIAN_POINT('',(0.443363102892,0.56,0.128933152408));
#13656 = CARTESIAN_POINT('',(0.451256153627,0.56,0.125855067262));
#13657 = CARTESIAN_POINT('',(0.458594318589,0.56,0.121990226719));
#13658 = CARTESIAN_POINT('',(0.465473929208,0.56,0.117455754555));
#13659 = CARTESIAN_POINT('',(0.471806869751,0.56,0.112301838691));
#13660 = CARTESIAN_POINT('',(0.477501420502,0.56,0.106659689183));
#13661 = CARTESIAN_POINT('',(0.482515371826,0.56,0.100758382072));
#13662 = CARTESIAN_POINT('',(0.486777837974,0.56,9.462279912081E-02));
#13663 = CARTESIAN_POINT('',(0.490216195793,0.56,8.821898702914E-02));
#13664 = CARTESIAN_POINT('',(0.492931250823,0.56,8.157346414113E-02));
#13665 = CARTESIAN_POINT('',(0.49477957088,0.56,7.466758120569E-02));
#13666 = CARTESIAN_POINT('',(0.496064722393,0.56,6.755785458528E-02));
#13667 = CARTESIAN_POINT('',(0.49616938361,0.56,6.272495769112E-02));
#13668 = CARTESIAN_POINT('',(0.496222144797,0.56,6.028862665938E-02));
#13669 = ORIENTED_EDGE('',*,*,#13566,.T.);
#13670 = B_SPLINE_SURFACE_WITH_KNOTS('',3,1,(
    (#13671,#13672)
    ,(#13673,#13674)
    ,(#13675,#13676)
    ,(#13677,#13678)
    ,(#13679,#13680)
    ,(#13681,#13682)
    ,(#13683,#13684)
    ,(#13685,#13686)
    ,(#13687,#13688)
    ,(#13689,#13690)
    ,(#13691,#13692)
    ,(#13693,#13694)
    ,(#13695,#13696)
    ,(#13697,#13698)
    ,(#13699,#13700)
    ,(#13701,#13702)
    ,(#13703,#13704)
    ,(#13705,#13706)
    ,(#13707,#13708
    )),.UNSPECIFIED.,.F.,.F.,.F.,(4,1,1,1,1,1,1,1,1,1,1,1,1,1,1,1,4),(2,
    2),(0.,7.607173695556E-02,0.148751714575,0.218402793846,
    0.285759581062,0.350598023675,0.414964044598,0.478069338572,
    0.541760676007,0.604349858539,0.664075021071,0.72146362308,
    0.777587128236,0.832644446927,0.887843511068,0.943460342652,1.),(0.,
    1.),.UNSPECIFIED.);
#13671 = CARTESIAN_POINT('',(0.407109564668,0.56,0.134327088198));
#13672 = CARTESIAN_POINT('',(0.407109564668,0.55,0.134327088198));
#13673 = CARTESIAN_POINT('',(0.410384914933,0.56,0.134265497673));
#13674 = CARTESIAN_POINT('',(0.410384914933,0.55,0.134265497673));
#13675 = CARTESIAN_POINT('',(0.416789579625,0.56,0.134145062719));
#13676 = CARTESIAN_POINT('',(0.416789579625,0.55,0.134145062719));
#13677 = CARTESIAN_POINT('',(0.426135065558,0.56,0.133037492034));
#13678 = CARTESIAN_POINT('',(0.426135065558,0.55,0.133037492034));
#13679 = CARTESIAN_POINT('',(0.435025810315,0.56,0.13142445069));
#13680 = CARTESIAN_POINT('',(0.435025810315,0.55,0.13142445069));
#13681 = CARTESIAN_POINT('',(0.443363102892,0.56,0.128933152408));
#13682 = CARTESIAN_POINT('',(0.443363102892,0.55,0.128933152408));
#13683 = CARTESIAN_POINT('',(0.451256153627,0.56,0.125855067262));
#13684 = CARTESIAN_POINT('',(0.451256153627,0.55,0.125855067262));
#13685 = CARTESIAN_POINT('',(0.458594318589,0.56,0.121990226719));
#13686 = CARTESIAN_POINT('',(0.458594318589,0.55,0.121990226719));
#13687 = CARTESIAN_POINT('',(0.465473929208,0.56,0.117455754555));
#13688 = CARTESIAN_POINT('',(0.465473929208,0.55,0.117455754555));
#13689 = CARTESIAN_POINT('',(0.471806869751,0.56,0.112301838691));
#13690 = CARTESIAN_POINT('',(0.471806869751,0.55,0.112301838691));
#13691 = CARTESIAN_POINT('',(0.477501420502,0.56,0.106659689183));
#13692 = CARTESIAN_POINT('',(0.477501420502,0.55,0.106659689183));
#13693 = CARTESIAN_POINT('',(0.482515371826,0.56,0.100758382072));
#13694 = CARTESIAN_POINT('',(0.482515371826,0.55,0.100758382072));
#13695 = CARTESIAN_POINT('',(0.486777837974,0.56,9.462279912081E-02));
#13696 = CARTESIAN_POINT('',(0.486777837974,0.55,9.462279912081E-02));
#13697 = CARTESIAN_POINT('',(0.490216195793,0.56,8.821898702914E-02));
#13698 = CARTESIAN_POINT('',(0.490216195793,0.55,8.821898702914E-02));
#13699 = CARTESIAN_POINT('',(0.492931250823,0.56,8.157346414113E-02));
#13700 = CARTESIAN_POINT('',(0.492931250823,0.55,8.157346414113E-02));
#13701 = CARTESIAN_POINT('',(0.49477957088,0.56,7.466758120569E-02));
#13702 = CARTESIAN_POINT('',(0.49477957088,0.55,7.466758120569E-02));
#13703 = CARTESIAN_POINT('',(0.496064722393,0.56,6.755785458528E-02));
#13704 = CARTESIAN_POINT('',(0.496064722393,0.55,6.755785458528E-02));
#13705 = CARTESIAN_POINT('',(0.49616938361,0.56,6.272495769112E-02));
#13706 = CARTESIAN_POINT('',(0.49616938361,0.55,6.272495769112E-02));
#13707 = CARTESIAN_POINT('',(0.496222144797,0.56,6.028862665938E-02));
#13708 = CARTESIAN_POINT('',(0.496222144797,0.55,6.028862665938E-02));
#13709 = ADVANCED_FACE('',(#13710),#13736,.T.);
#13710 = FACE_BOUND('',#13711,.T.);
#13711 = EDGE_LOOP('',(#13712,#13713,#13721,#13735));
#13712 = ORIENTED_EDGE('',*,*,#10112,.F.);
#13713 = ORIENTED_EDGE('',*,*,#13714,.F.);
#13714 = EDGE_CURVE('',#13715,#10097,#13717,.T.);
#13715 = VERTEX_POINT('',#13716);
#13716 = CARTESIAN_POINT('',(0.348636006976,0.56,0.115396799736));
#13717 = LINE('',#13718,#13719);
#13718 = CARTESIAN_POINT('',(0.348636006976,0.56,0.115396799736));
#13719 = VECTOR('',#13720,1.);
#13720 = DIRECTION('',(-3.761581922631E-31,-1.,-9.429630734102E-47));
#13721 = ORIENTED_EDGE('',*,*,#13722,.T.);
#13722 = EDGE_CURVE('',#13715,#13641,#13723,.T.);
#13723 = B_SPLINE_CURVE_WITH_KNOTS('',3,(#13724,#13725,#13726,#13727,
    #13728,#13729,#13730,#13731,#13732,#13733,#13734),.UNSPECIFIED.,.F.,
  .F.,(4,1,1,1,1,1,1,1,4),(0.,0.118271304836,0.236177533084,
    0.355662932949,0.475904164671,0.600127341711,0.728608116155,
    0.861313475674,1.),.UNSPECIFIED.);
#13724 = CARTESIAN_POINT('',(0.348636006976,0.56,0.115396799736));
#13725 = CARTESIAN_POINT('',(0.350595664629,0.56,0.116907633125));
#13726 = CARTESIAN_POINT('',(0.354508930917,0.56,0.119924636303));
#13727 = CARTESIAN_POINT('',(0.360885754027,0.56,0.123774799157));
#13728 = CARTESIAN_POINT('',(0.367592242635,0.56,0.127110901691));
#13729 = CARTESIAN_POINT('',(0.374773710057,0.56,0.129659271262));
#13730 = CARTESIAN_POINT('',(0.382275187103,0.56,0.131817037341));
#13731 = CARTESIAN_POINT('',(0.390217923626,0.56,0.133229089254));
#13732 = CARTESIAN_POINT('',(0.398531845337,0.56,0.134197906389));
#13733 = CARTESIAN_POINT('',(0.404208621685,0.56,0.134283399538));
#13734 = CARTESIAN_POINT('',(0.407109564668,0.56,0.134327088198));
#13735 = ORIENTED_EDGE('',*,*,#13640,.T.);
#13736 = B_SPLINE_SURFACE_WITH_KNOTS('',3,1,(
    (#13737,#13738)
    ,(#13739,#13740)
    ,(#13741,#13742)
    ,(#13743,#13744)
    ,(#13745,#13746)
    ,(#13747,#13748)
    ,(#13749,#13750)
    ,(#13751,#13752)
    ,(#13753,#13754)
    ,(#13755,#13756)
    ,(#13757,#13758
    )),.UNSPECIFIED.,.F.,.F.,.F.,(4,1,1,1,1,1,1,1,4),(2,2),(0.,
    0.118271304836,0.236177533084,0.355662932949,0.475904164671,
    0.600127341711,0.728608116155,0.861313475674,1.),(0.,1.),
  .UNSPECIFIED.);
#13737 = CARTESIAN_POINT('',(0.348636006976,0.56,0.115396799736));
#13738 = CARTESIAN_POINT('',(0.348636006976,0.55,0.115396799736));
#13739 = CARTESIAN_POINT('',(0.350595664629,0.56,0.116907633125));
#13740 = CARTESIAN_POINT('',(0.350595664629,0.55,0.116907633125));
#13741 = CARTESIAN_POINT('',(0.354508930917,0.56,0.119924636303));
#13742 = CARTESIAN_POINT('',(0.354508930917,0.55,0.119924636303));
#13743 = CARTESIAN_POINT('',(0.360885754027,0.56,0.123774799157));
#13744 = CARTESIAN_POINT('',(0.360885754027,0.55,0.123774799157));
#13745 = CARTESIAN_POINT('',(0.367592242635,0.56,0.127110901691));
#13746 = CARTESIAN_POINT('',(0.367592242635,0.55,0.127110901691));
#13747 = CARTESIAN_POINT('',(0.374773710057,0.56,0.129659271262));
#13748 = CARTESIAN_POINT('',(0.374773710057,0.55,0.129659271262));
#13749 = CARTESIAN_POINT('',(0.382275187103,0.56,0.131817037341));
#13750 = CARTESIAN_POINT('',(0.382275187103,0.55,0.131817037341));
#13751 = CARTESIAN_POINT('',(0.390217923626,0.56,0.133229089254));
#13752 = CARTESIAN_POINT('',(0.390217923626,0.55,0.133229089254));
#13753 = CARTESIAN_POINT('',(0.398531845337,0.56,0.134197906389));
#13754 = CARTESIAN_POINT('',(0.398531845337,0.55,0.134197906389));
#13755 = CARTESIAN_POINT('',(0.404208621685,0.56,0.134283399538));
#13756 = CARTESIAN_POINT('',(0.404208621685,0.55,0.134283399538));
#13757 = CARTESIAN_POINT('',(0.407109564668,0.56,0.134327088198));
#13758 = CARTESIAN_POINT('',(0.407109564668,0.55,0.134327088198));
#13759 = ADVANCED_FACE('',(#13760),#13786,.T.);
#13760 = FACE_BOUND('',#13761,.T.);
#13761 = EDGE_LOOP('',(#13762,#13763,#13771,#13785));
#13762 = ORIENTED_EDGE('',*,*,#10096,.F.);
#13763 = ORIENTED_EDGE('',*,*,#13764,.F.);
#13764 = EDGE_CURVE('',#13765,#10089,#13767,.T.);
#13765 = VERTEX_POINT('',#13766);
#13766 = CARTESIAN_POINT('',(0.321222144797,0.56,6.701939589015E-02));
#13767 = LINE('',#13768,#13769);
#13768 = CARTESIAN_POINT('',(0.321222144797,0.56,6.701939589015E-02));
#13769 = VECTOR('',#13770,1.);
#13770 = DIRECTION('',(-3.761581922631E-31,-1.,-9.429630734102E-47));
#13771 = ORIENTED_EDGE('',*,*,#13772,.T.);
#13772 = EDGE_CURVE('',#13765,#13715,#13773,.T.);
#13773 = B_SPLINE_CURVE_WITH_KNOTS('',3,(#13774,#13775,#13776,#13777,
    #13778,#13779,#13780,#13781,#13782,#13783,#13784),.UNSPECIFIED.,.F.,
  .F.,(4,1,1,1,1,1,1,1,4),(0.,0.149770386032,0.291316409995,
    0.425966373105,0.55215957397,0.671527413524,0.786121628692,
    0.89532507307,1.),.UNSPECIFIED.);
#13774 = CARTESIAN_POINT('',(0.321222144797,0.56,6.701939589015E-02));
#13775 = CARTESIAN_POINT('',(0.322040473941,0.56,6.971429721701E-02));
#13776 = CARTESIAN_POINT('',(0.323632195206,0.56,7.495611437882E-02));
#13777 = CARTESIAN_POINT('',(0.32634162501,0.56,8.250014494631E-02));
#13778 = CARTESIAN_POINT('',(0.329428452217,0.56,8.941595026879E-02));
#13779 = CARTESIAN_POINT('',(0.332739908081,0.56,9.575426246659E-02));
#13780 = CARTESIAN_POINT('',(0.336217752683,0.56,0.101577502713));
#13781 = CARTESIAN_POINT('',(0.340109245197,0.56,0.106731689616));
#13782 = CARTESIAN_POINT('',(0.344126159711,0.56,0.111443209837));
#13783 = CARTESIAN_POINT('',(0.347154095046,0.56,0.114097671031));
#13784 = CARTESIAN_POINT('',(0.348636006976,0.56,0.115396799736));
#13785 = ORIENTED_EDGE('',*,*,#13714,.T.);
#13786 = B_SPLINE_SURFACE_WITH_KNOTS('',3,1,(
    (#13787,#13788)
    ,(#13789,#13790)
    ,(#13791,#13792)
    ,(#13793,#13794)
    ,(#13795,#13796)
    ,(#13797,#13798)
    ,(#13799,#13800)
    ,(#13801,#13802)
    ,(#13803,#13804)
    ,(#13805,#13806)
    ,(#13807,#13808
    )),.UNSPECIFIED.,.F.,.F.,.F.,(4,1,1,1,1,1,1,1,4),(2,2),(0.,
    0.149770386032,0.291316409995,0.425966373105,0.55215957397,
    0.671527413524,0.786121628692,0.89532507307,1.),(0.,1.),
  .UNSPECIFIED.);
#13787 = CARTESIAN_POINT('',(0.321222144797,0.56,6.701939589015E-02));
#13788 = CARTESIAN_POINT('',(0.321222144797,0.55,6.701939589015E-02));
#13789 = CARTESIAN_POINT('',(0.322040473941,0.56,6.971429721701E-02));
#13790 = CARTESIAN_POINT('',(0.322040473941,0.55,6.971429721701E-02));
#13791 = CARTESIAN_POINT('',(0.323632195206,0.56,7.495611437882E-02));
#13792 = CARTESIAN_POINT('',(0.323632195206,0.55,7.495611437882E-02));
#13793 = CARTESIAN_POINT('',(0.32634162501,0.56,8.250014494631E-02));
#13794 = CARTESIAN_POINT('',(0.32634162501,0.55,8.250014494631E-02));
#13795 = CARTESIAN_POINT('',(0.329428452217,0.56,8.941595026879E-02));
#13796 = CARTESIAN_POINT('',(0.329428452217,0.55,8.941595026879E-02));
#13797 = CARTESIAN_POINT('',(0.332739908081,0.56,9.575426246659E-02));
#13798 = CARTESIAN_POINT('',(0.332739908081,0.55,9.575426246659E-02));
#13799 = CARTESIAN_POINT('',(0.336217752683,0.56,0.101577502713));
#13800 = CARTESIAN_POINT('',(0.336217752683,0.55,0.101577502713));
#13801 = CARTESIAN_POINT('',(0.340109245197,0.56,0.106731689616));
#13802 = CARTESIAN_POINT('',(0.340109245197,0.55,0.106731689616));
#13803 = CARTESIAN_POINT('',(0.344126159711,0.56,0.111443209837));
#13804 = CARTESIAN_POINT('',(0.344126159711,0.55,0.111443209837));
#13805 = CARTESIAN_POINT('',(0.347154095046,0.56,0.114097671031));
#13806 = CARTESIAN_POINT('',(0.347154095046,0.55,0.114097671031));
#13807 = CARTESIAN_POINT('',(0.348636006976,0.56,0.115396799736));
#13808 = CARTESIAN_POINT('',(0.348636006976,0.55,0.115396799736));
#13809 = ADVANCED_FACE('',(#13810),#13828,.T.);
#13810 = FACE_BOUND('',#13811,.T.);
#13811 = EDGE_LOOP('',(#13812,#13813,#13821,#13827));
#13812 = ORIENTED_EDGE('',*,*,#10088,.F.);
#13813 = ORIENTED_EDGE('',*,*,#13814,.F.);
#13814 = EDGE_CURVE('',#13815,#10065,#13817,.T.);
#13815 = VERTEX_POINT('',#13816);
#13816 = CARTESIAN_POINT('',(0.289811888386,0.56,6.701939589015E-02));
#13817 = LINE('',#13818,#13819);
#13818 = CARTESIAN_POINT('',(0.289811888386,0.56,6.701939589015E-02));
#13819 = VECTOR('',#13820,1.);
#13820 = DIRECTION('',(-3.761581922631E-31,-1.,-9.429630734102E-47));
#13821 = ORIENTED_EDGE('',*,*,#13822,.T.);
#13822 = EDGE_CURVE('',#13815,#13765,#13823,.T.);
#13823 = LINE('',#13824,#13825);
#13824 = CARTESIAN_POINT('',(0.289811888386,0.56,6.701939589015E-02));
#13825 = VECTOR('',#13826,1.);
#13826 = DIRECTION('',(1.,0.,0.));
#13827 = ORIENTED_EDGE('',*,*,#13764,.T.);
#13828 = PLANE('',#13829);
#13829 = AXIS2_PLACEMENT_3D('',#13830,#13831,#13832);
#13830 = CARTESIAN_POINT('',(0.289811888386,0.56,6.701939589015E-02));
#13831 = DIRECTION('',(0.,9.429630734102E-47,-1.));
#13832 = DIRECTION('',(0.,1.,9.429630734102E-47));
#13833 = ADVANCED_FACE('',(#13834),#13868,.T.);
#13834 = FACE_BOUND('',#13835,.T.);
#13835 = EDGE_LOOP('',(#13836,#13837,#13845,#13867));
#13836 = ORIENTED_EDGE('',*,*,#10064,.F.);
#13837 = ORIENTED_EDGE('',*,*,#13838,.F.);
#13838 = EDGE_CURVE('',#13839,#10045,#13841,.T.);
#13839 = VERTEX_POINT('',#13840);
#13840 = CARTESIAN_POINT('',(0.406548667233,0.56,0.170224524095));
#13841 = LINE('',#13842,#13843);
#13842 = CARTESIAN_POINT('',(0.406548667233,0.56,0.170224524095));
#13843 = VECTOR('',#13844,1.);
#13844 = DIRECTION('',(-3.761581922631E-31,-1.,-9.429630734102E-47));
#13845 = ORIENTED_EDGE('',*,*,#13846,.T.);
#13846 = EDGE_CURVE('',#13839,#13815,#13847,.T.);
#13847 = B_SPLINE_CURVE_WITH_KNOTS('',3,(#13848,#13849,#13850,#13851,
    #13852,#13853,#13854,#13855,#13856,#13857,#13858,#13859,#13860,
    #13861,#13862,#13863,#13864,#13865,#13866),.UNSPECIFIED.,.F.,.F.,(4,
    1,1,1,1,1,1,1,1,1,1,1,1,1,1,1,4),(0.,6.55411703374E-02,
    0.128963167783,0.190377136189,0.250092361669,0.308548432459,
    0.366397963055,0.424542189267,0.483169996423,0.542243399831,
    0.601739352017,0.66250600225,0.724855513449,0.789127829281,
    0.856346399879,0.926295234987,1.),.UNSPECIFIED.);
#13848 = CARTESIAN_POINT('',(0.406548667233,0.56,0.170224524095));
#13849 = CARTESIAN_POINT('',(0.402806737204,0.56,0.170137702769));
#13850 = CARTESIAN_POINT('',(0.395443866697,0.56,0.169966867352));
#13851 = CARTESIAN_POINT('',(0.384619516859,0.56,0.168799007232));
#13852 = CARTESIAN_POINT('',(0.374287346922,0.56,0.166666006708));
#13853 = CARTESIAN_POINT('',(0.364433387136,0.56,0.163795676172));
#13854 = CARTESIAN_POINT('',(0.355048883497,0.56,0.160156501964));
#13855 = CARTESIAN_POINT('',(0.346162472979,0.56,0.155624632161));
#13856 = CARTESIAN_POINT('',(0.337719483627,0.56,0.150293481956));
#13857 = CARTESIAN_POINT('',(0.329799588513,0.56,0.144100123176));
#13858 = CARTESIAN_POINT('',(0.322403731742,0.56,0.1371719892));
#13859 = CARTESIAN_POINT('',(0.315728459319,0.56,0.129386088203));
#13860 = CARTESIAN_POINT('',(0.309662480025,0.56,0.120886347811));
#13861 = CARTESIAN_POINT('',(0.304368216154,0.56,0.111574042191));
#13862 = CARTESIAN_POINT('',(0.299604520892,0.56,0.101569516463));
#13863 = CARTESIAN_POINT('',(0.295686425228,0.56,9.074466662527E-02));
#13864 = CARTESIAN_POINT('',(0.292237868364,0.56,7.919626442637E-02));
#13865 = CARTESIAN_POINT('',(0.290634521939,0.56,7.114849040879E-02));
#13866 = CARTESIAN_POINT('',(0.289811888386,0.56,6.701939589015E-02));
#13867 = ORIENTED_EDGE('',*,*,#13814,.T.);
#13868 = B_SPLINE_SURFACE_WITH_KNOTS('',3,1,(
    (#13869,#13870)
    ,(#13871,#13872)
    ,(#13873,#13874)
    ,(#13875,#13876)
    ,(#13877,#13878)
    ,(#13879,#13880)
    ,(#13881,#13882)
    ,(#13883,#13884)
    ,(#13885,#13886)
    ,(#13887,#13888)
    ,(#13889,#13890)
    ,(#13891,#13892)
    ,(#13893,#13894)
    ,(#13895,#13896)
    ,(#13897,#13898)
    ,(#13899,#13900)
    ,(#13901,#13902)
    ,(#13903,#13904)
    ,(#13905,#13906
    )),.UNSPECIFIED.,.F.,.F.,.F.,(4,1,1,1,1,1,1,1,1,1,1,1,1,1,1,1,4),(2,
    2),(0.,6.55411703374E-02,0.128963167783,0.190377136189,
    0.250092361669,0.308548432459,0.366397963055,0.424542189267,
    0.483169996423,0.542243399831,0.601739352017,0.66250600225,
    0.724855513449,0.789127829281,0.856346399879,0.926295234987,1.),(0.,
    1.),.UNSPECIFIED.);
#13869 = CARTESIAN_POINT('',(0.406548667233,0.56,0.170224524095));
#13870 = CARTESIAN_POINT('',(0.406548667233,0.55,0.170224524095));
#13871 = CARTESIAN_POINT('',(0.402806737204,0.56,0.170137702769));
#13872 = CARTESIAN_POINT('',(0.402806737204,0.55,0.170137702769));
#13873 = CARTESIAN_POINT('',(0.395443866697,0.56,0.169966867352));
#13874 = CARTESIAN_POINT('',(0.395443866697,0.55,0.169966867352));
#13875 = CARTESIAN_POINT('',(0.384619516859,0.56,0.168799007232));
#13876 = CARTESIAN_POINT('',(0.384619516859,0.55,0.168799007232));
#13877 = CARTESIAN_POINT('',(0.374287346922,0.56,0.166666006708));
#13878 = CARTESIAN_POINT('',(0.374287346922,0.55,0.166666006708));
#13879 = CARTESIAN_POINT('',(0.364433387136,0.56,0.163795676172));
#13880 = CARTESIAN_POINT('',(0.364433387136,0.55,0.163795676172));
#13881 = CARTESIAN_POINT('',(0.355048883497,0.56,0.160156501964));
#13882 = CARTESIAN_POINT('',(0.355048883497,0.55,0.160156501964));
#13883 = CARTESIAN_POINT('',(0.346162472979,0.56,0.155624632161));
#13884 = CARTESIAN_POINT('',(0.346162472979,0.55,0.155624632161));
#13885 = CARTESIAN_POINT('',(0.337719483627,0.56,0.150293481956));
#13886 = CARTESIAN_POINT('',(0.337719483627,0.55,0.150293481956));
#13887 = CARTESIAN_POINT('',(0.329799588513,0.56,0.144100123176));
#13888 = CARTESIAN_POINT('',(0.329799588513,0.55,0.144100123176));
#13889 = CARTESIAN_POINT('',(0.322403731742,0.56,0.1371719892));
#13890 = CARTESIAN_POINT('',(0.322403731742,0.55,0.1371719892));
#13891 = CARTESIAN_POINT('',(0.315728459319,0.56,0.129386088203));
#13892 = CARTESIAN_POINT('',(0.315728459319,0.55,0.129386088203));
#13893 = CARTESIAN_POINT('',(0.309662480025,0.56,0.120886347811));
#13894 = CARTESIAN_POINT('',(0.309662480025,0.55,0.120886347811));
#13895 = CARTESIAN_POINT('',(0.304368216154,0.56,0.111574042191));
#13896 = CARTESIAN_POINT('',(0.304368216154,0.55,0.111574042191));
#13897 = CARTESIAN_POINT('',(0.299604520892,0.56,0.101569516463));
#13898 = CARTESIAN_POINT('',(0.299604520892,0.55,0.101569516463));
#13899 = CARTESIAN_POINT('',(0.295686425228,0.56,9.074466662527E-02));
#13900 = CARTESIAN_POINT('',(0.295686425228,0.55,9.074466662527E-02));
#13901 = CARTESIAN_POINT('',(0.292237868364,0.56,7.919626442637E-02));
#13902 = CARTESIAN_POINT('',(0.292237868364,0.55,7.919626442637E-02));
#13903 = CARTESIAN_POINT('',(0.290634521939,0.56,7.114849040879E-02));
#13904 = CARTESIAN_POINT('',(0.290634521939,0.55,7.114849040879E-02));
#13905 = CARTESIAN_POINT('',(0.289811888386,0.56,6.701939589015E-02));
#13906 = CARTESIAN_POINT('',(0.289811888386,0.55,6.701939589015E-02));
#13907 = ADVANCED_FACE('',(#13908),#13938,.T.);
#13908 = FACE_BOUND('',#13909,.T.);
#13909 = EDGE_LOOP('',(#13910,#13911,#13919,#13937));
#13910 = ORIENTED_EDGE('',*,*,#10044,.F.);
#13911 = ORIENTED_EDGE('',*,*,#13912,.F.);
#13912 = EDGE_CURVE('',#13913,#10029,#13915,.T.);
#13913 = VERTEX_POINT('',#13914);
#13914 = CARTESIAN_POINT('',(0.527632401207,0.56,5.727380294143E-02));
#13915 = LINE('',#13916,#13917);
#13916 = CARTESIAN_POINT('',(0.527632401207,0.56,5.727380294143E-02));
#13917 = VECTOR('',#13918,1.);
#13918 = DIRECTION('',(-3.761581922631E-31,-1.,-9.429630734102E-47));
#13919 = ORIENTED_EDGE('',*,*,#13920,.T.);
#13920 = EDGE_CURVE('',#13913,#13839,#13921,.T.);
#13921 = B_SPLINE_CURVE_WITH_KNOTS('',3,(#13922,#13923,#13924,#13925,
    #13926,#13927,#13928,#13929,#13930,#13931,#13932,#13933,#13934,
    #13935,#13936),.UNSPECIFIED.,.F.,.F.,(4,1,1,1,1,1,1,1,1,1,1,1,4),(0.
    ,7.964825118023E-02,0.158921676418,0.239619494737,0.322609429819,
    0.406034636618,0.487602095492,0.569684626596,0.653036145009,
    0.737435717722,0.822477815856,0.909747655118,1.),.UNSPECIFIED.);
#13922 = CARTESIAN_POINT('',(0.527632401207,0.56,5.727380294143E-02));
#13923 = CARTESIAN_POINT('',(0.527452949855,0.56,6.217477506016E-02));
#13924 = CARTESIAN_POINT('',(0.527094891652,0.56,7.195365524453E-02));
#13925 = CARTESIAN_POINT('',(0.523894484221,0.56,8.640112740787E-02));
#13926 = CARTESIAN_POINT('',(0.518933160152,0.56,0.100523677635));
#13927 = CARTESIAN_POINT('',(0.511887466555,0.56,0.11403116156));
#13928 = CARTESIAN_POINT('',(0.503300715672,0.56,0.12666919966));
#13929 = CARTESIAN_POINT('',(0.493084983255,0.56,0.137976830564));
#13930 = CARTESIAN_POINT('',(0.481356342414,0.56,0.147696690997));
#13931 = CARTESIAN_POINT('',(0.468275777529,0.56,0.155817713803));
#13932 = CARTESIAN_POINT('',(0.45410406468,0.56,0.162309506022));
#13933 = CARTESIAN_POINT('',(0.43894650548,0.56,0.166815250307));
#13934 = CARTESIAN_POINT('',(0.423021500084,0.56,0.169749850274));
#13935 = CARTESIAN_POINT('',(0.412100770329,0.56,0.170064537163));
#13936 = CARTESIAN_POINT('',(0.406548667233,0.56,0.170224524095));
#13937 = ORIENTED_EDGE('',*,*,#13838,.T.);
#13938 = B_SPLINE_SURFACE_WITH_KNOTS('',3,1,(
    (#13939,#13940)
    ,(#13941,#13942)
    ,(#13943,#13944)
    ,(#13945,#13946)
    ,(#13947,#13948)
    ,(#13949,#13950)
    ,(#13951,#13952)
    ,(#13953,#13954)
    ,(#13955,#13956)
    ,(#13957,#13958)
    ,(#13959,#13960)
    ,(#13961,#13962)
    ,(#13963,#13964)
    ,(#13965,#13966)
    ,(#13967,#13968
    )),.UNSPECIFIED.,.F.,.F.,.F.,(4,1,1,1,1,1,1,1,1,1,1,1,4),(2,2),(0.,
    7.964825118023E-02,0.158921676418,0.239619494737,0.322609429819,
    0.406034636618,0.487602095492,0.569684626596,0.653036145009,
    0.737435717722,0.822477815856,0.909747655118,1.),(0.,1.),
  .UNSPECIFIED.);
#13939 = CARTESIAN_POINT('',(0.527632401207,0.56,5.727380294143E-02));
#13940 = CARTESIAN_POINT('',(0.527632401207,0.55,5.727380294143E-02));
#13941 = CARTESIAN_POINT('',(0.527452949855,0.56,6.217477506016E-02));
#13942 = CARTESIAN_POINT('',(0.527452949855,0.55,6.217477506016E-02));
#13943 = CARTESIAN_POINT('',(0.527094891652,0.56,7.195365524453E-02));
#13944 = CARTESIAN_POINT('',(0.527094891652,0.55,7.195365524453E-02));
#13945 = CARTESIAN_POINT('',(0.523894484221,0.56,8.640112740787E-02));
#13946 = CARTESIAN_POINT('',(0.523894484221,0.55,8.640112740787E-02));
#13947 = CARTESIAN_POINT('',(0.518933160152,0.56,0.100523677635));
#13948 = CARTESIAN_POINT('',(0.518933160152,0.55,0.100523677635));
#13949 = CARTESIAN_POINT('',(0.511887466555,0.56,0.11403116156));
#13950 = CARTESIAN_POINT('',(0.511887466555,0.55,0.11403116156));
#13951 = CARTESIAN_POINT('',(0.503300715672,0.56,0.12666919966));
#13952 = CARTESIAN_POINT('',(0.503300715672,0.55,0.12666919966));
#13953 = CARTESIAN_POINT('',(0.493084983255,0.56,0.137976830564));
#13954 = CARTESIAN_POINT('',(0.493084983255,0.55,0.137976830564));
#13955 = CARTESIAN_POINT('',(0.481356342414,0.56,0.147696690997));
#13956 = CARTESIAN_POINT('',(0.481356342414,0.55,0.147696690997));
#13957 = CARTESIAN_POINT('',(0.468275777529,0.56,0.155817713803));
#13958 = CARTESIAN_POINT('',(0.468275777529,0.55,0.155817713803));
#13959 = CARTESIAN_POINT('',(0.45410406468,0.56,0.162309506022));
#13960 = CARTESIAN_POINT('',(0.45410406468,0.55,0.162309506022));
#13961 = CARTESIAN_POINT('',(0.43894650548,0.56,0.166815250307));
#13962 = CARTESIAN_POINT('',(0.43894650548,0.55,0.166815250307));
#13963 = CARTESIAN_POINT('',(0.423021500084,0.56,0.169749850274));
#13964 = CARTESIAN_POINT('',(0.423021500084,0.55,0.169749850274));
#13965 = CARTESIAN_POINT('',(0.412100770329,0.56,0.170064537163));
#13966 = CARTESIAN_POINT('',(0.412100770329,0.55,0.170064537163));
#13967 = CARTESIAN_POINT('',(0.406548667233,0.56,0.170224524095));
#13968 = CARTESIAN_POINT('',(0.406548667233,0.55,0.170224524095));
#13969 = ADVANCED_FACE('',(#13970),#13996,.T.);
#13970 = FACE_BOUND('',#13971,.T.);
#13971 = EDGE_LOOP('',(#13972,#13973,#13981,#13995));
#13972 = ORIENTED_EDGE('',*,*,#10028,.F.);
#13973 = ORIENTED_EDGE('',*,*,#13974,.F.);
#13974 = EDGE_CURVE('',#13975,#10017,#13977,.T.);
#13975 = VERTEX_POINT('',#13976);
#13976 = CARTESIAN_POINT('',(0.50673897172,0.56,-4.915700263697E-03));
#13977 = LINE('',#13978,#13979);
#13978 = CARTESIAN_POINT('',(0.50673897172,0.56,-4.915700263697E-03));
#13979 = VECTOR('',#13980,1.);
#13980 = DIRECTION('',(-3.761581922631E-31,-1.,-9.429630734102E-47));
#13981 = ORIENTED_EDGE('',*,*,#13982,.T.);
#13982 = EDGE_CURVE('',#13975,#13913,#13983,.T.);
#13983 = B_SPLINE_CURVE_WITH_KNOTS('',3,(#13984,#13985,#13986,#13987,
    #13988,#13989,#13990,#13991,#13992,#13993,#13994),.UNSPECIFIED.,.F.,
  .F.,(4,1,1,1,1,1,1,1,4),(0.,0.128135509797,0.254172711902,
    0.378111645139,0.501712263007,0.623986309368,0.747095613618,
    0.87287463665,1.),.UNSPECIFIED.);
#13984 = CARTESIAN_POINT('',(0.50673897172,0.56,-4.915700263697E-03));
#13985 = CARTESIAN_POINT('',(0.508423105955,0.56,-2.609925102831E-03));
#13986 = CARTESIAN_POINT('',(0.511763795561,0.56,1.963866554147E-03));
#13987 = CARTESIAN_POINT('',(0.515887348937,0.56,9.317509142551E-03));
#13988 = CARTESIAN_POINT('',(0.519628260367,0.56,1.675265807076E-02));
#13989 = CARTESIAN_POINT('',(0.5225432823,0.56,2.446859867336E-02));
#13990 = CARTESIAN_POINT('',(0.524800668983,0.56,3.237590004318E-02));
#13991 = CARTESIAN_POINT('',(0.526414272207,0.56,4.048813964901E-02));
#13992 = CARTESIAN_POINT('',(0.527416686296,0.56,4.881194189145E-02));
#13993 = CARTESIAN_POINT('',(0.527560241497,0.56,5.444318991349E-02));
#13994 = CARTESIAN_POINT('',(0.527632401207,0.56,5.727380294143E-02));
#13995 = ORIENTED_EDGE('',*,*,#13912,.T.);
#13996 = B_SPLINE_SURFACE_WITH_KNOTS('',3,1,(
    (#13997,#13998)
    ,(#13999,#14000)
    ,(#14001,#14002)
    ,(#14003,#14004)
    ,(#14005,#14006)
    ,(#14007,#14008)
    ,(#14009,#14010)
    ,(#14011,#14012)
    ,(#14013,#14014)
    ,(#14015,#14016)
    ,(#14017,#14018
    )),.UNSPECIFIED.,.F.,.F.,.F.,(4,1,1,1,1,1,1,1,4),(2,2),(0.,
    0.128135509797,0.254172711902,0.378111645139,0.501712263007,
    0.623986309368,0.747095613618,0.87287463665,1.),(0.,1.),
  .UNSPECIFIED.);
#13997 = CARTESIAN_POINT('',(0.50673897172,0.56,-4.915700263697E-03));
#13998 = CARTESIAN_POINT('',(0.50673897172,0.55,-4.915700263697E-03));
#13999 = CARTESIAN_POINT('',(0.508423105955,0.56,-2.609925102831E-03));
#14000 = CARTESIAN_POINT('',(0.508423105955,0.55,-2.609925102831E-03));
#14001 = CARTESIAN_POINT('',(0.511763795561,0.56,1.963866554147E-03));
#14002 = CARTESIAN_POINT('',(0.511763795561,0.55,1.963866554147E-03));
#14003 = CARTESIAN_POINT('',(0.515887348937,0.56,9.317509142551E-03));
#14004 = CARTESIAN_POINT('',(0.515887348937,0.55,9.317509142551E-03));
#14005 = CARTESIAN_POINT('',(0.519628260367,0.56,1.675265807076E-02));
#14006 = CARTESIAN_POINT('',(0.519628260367,0.55,1.675265807076E-02));
#14007 = CARTESIAN_POINT('',(0.5225432823,0.56,2.446859867336E-02));
#14008 = CARTESIAN_POINT('',(0.5225432823,0.55,2.446859867336E-02));
#14009 = CARTESIAN_POINT('',(0.524800668983,0.56,3.237590004318E-02));
#14010 = CARTESIAN_POINT('',(0.524800668983,0.55,3.237590004318E-02));
#14011 = CARTESIAN_POINT('',(0.526414272207,0.56,4.048813964901E-02));
#14012 = CARTESIAN_POINT('',(0.526414272207,0.55,4.048813964901E-02));
#14013 = CARTESIAN_POINT('',(0.527416686296,0.56,4.881194189145E-02));
#14014 = CARTESIAN_POINT('',(0.527416686296,0.55,4.881194189145E-02));
#14015 = CARTESIAN_POINT('',(0.527560241497,0.56,5.444318991349E-02));
#14016 = CARTESIAN_POINT('',(0.527560241497,0.55,5.444318991349E-02));
#14017 = CARTESIAN_POINT('',(0.527632401207,0.56,5.727380294143E-02));
#14018 = CARTESIAN_POINT('',(0.527632401207,0.55,5.727380294143E-02));
#14019 = ADVANCED_FACE('',(#14020),#14042,.T.);
#14020 = FACE_BOUND('',#14021,.T.);
#14021 = EDGE_LOOP('',(#14022,#14023,#14031,#14041));
#14022 = ORIENTED_EDGE('',*,*,#10016,.F.);
#14023 = ORIENTED_EDGE('',*,*,#14024,.F.);
#14024 = EDGE_CURVE('',#14025,#10001,#14027,.T.);
#14025 = VERTEX_POINT('',#14026);
#14026 = CARTESIAN_POINT('',(0.468808282617,0.56,-3.478348872524E-02));
#14027 = LINE('',#14028,#14029);
#14028 = CARTESIAN_POINT('',(0.468808282617,0.56,-3.478348872524E-02));
#14029 = VECTOR('',#14030,1.);
#14030 = DIRECTION('',(-3.761581922631E-31,-1.,-9.429630734102E-47));
#14031 = ORIENTED_EDGE('',*,*,#14032,.T.);
#14032 = EDGE_CURVE('',#14025,#13975,#14033,.T.);
#14033 = B_SPLINE_CURVE_WITH_KNOTS('',3,(#14034,#14035,#14036,#14037,
    #14038,#14039,#14040),.UNSPECIFIED.,.F.,.F.,(4,1,1,1,4),(0.,
    0.253879600327,0.503008917278,0.75029108069,1.),.UNSPECIFIED.);
#14034 = CARTESIAN_POINT('',(0.468808282617,0.56,-3.478348872524E-02));
#14035 = CARTESIAN_POINT('',(0.472531458074,0.56,-3.298567157109E-02));
#14036 = CARTESIAN_POINT('',(0.479908145501,0.56,-2.942367581007E-02));
#14037 = CARTESIAN_POINT('',(0.489963198454,0.56,-2.243810005834E-02));
#14038 = CARTESIAN_POINT('',(0.49909098599,0.56,-1.437246532295E-02));
#14039 = CARTESIAN_POINT('',(0.504181357891,0.56,-8.078200031596E-03));
#14040 = CARTESIAN_POINT('',(0.50673897172,0.56,-4.915700263697E-03));
#14041 = ORIENTED_EDGE('',*,*,#13974,.T.);
#14042 = B_SPLINE_SURFACE_WITH_KNOTS('',3,1,(
    (#14043,#14044)
    ,(#14045,#14046)
    ,(#14047,#14048)
    ,(#14049,#14050)
    ,(#14051,#14052)
    ,(#14053,#14054)
    ,(#14055,#14056
    )),.UNSPECIFIED.,.F.,.F.,.F.,(4,1,1,1,4),(2,2),(0.,0.253879600327,
    0.503008917278,0.75029108069,1.),(0.,1.),.UNSPECIFIED.);
#14043 = CARTESIAN_POINT('',(0.468808282617,0.56,-3.478348872524E-02));
#14044 = CARTESIAN_POINT('',(0.468808282617,0.55,-3.478348872524E-02));
#14045 = CARTESIAN_POINT('',(0.472531458074,0.56,-3.298567157109E-02));
#14046 = CARTESIAN_POINT('',(0.472531458074,0.55,-3.298567157109E-02));
#14047 = CARTESIAN_POINT('',(0.479908145501,0.56,-2.942367581007E-02));
#14048 = CARTESIAN_POINT('',(0.479908145501,0.55,-2.942367581007E-02));
#14049 = CARTESIAN_POINT('',(0.489963198454,0.56,-2.243810005834E-02));
#14050 = CARTESIAN_POINT('',(0.489963198454,0.55,-2.243810005834E-02));
#14051 = CARTESIAN_POINT('',(0.49909098599,0.56,-1.437246532295E-02));
#14052 = CARTESIAN_POINT('',(0.49909098599,0.55,-1.437246532295E-02));
#14053 = CARTESIAN_POINT('',(0.504181357891,0.56,-8.078200031596E-03));
#14054 = CARTESIAN_POINT('',(0.504181357891,0.55,-8.078200031596E-03));
#14055 = CARTESIAN_POINT('',(0.50673897172,0.56,-4.915700263697E-03));
#14056 = CARTESIAN_POINT('',(0.50673897172,0.55,-4.915700263697E-03));
#14057 = ADVANCED_FACE('',(#14058),#14084,.T.);
#14058 = FACE_BOUND('',#14059,.T.);
#14059 = EDGE_LOOP('',(#14060,#14061,#14069,#14083));
#14060 = ORIENTED_EDGE('',*,*,#10000,.F.);
#14061 = ORIENTED_EDGE('',*,*,#14062,.F.);
#14062 = EDGE_CURVE('',#14063,#9981,#14065,.T.);
#14063 = VERTEX_POINT('',#14064);
#14064 = CARTESIAN_POINT('',(0.509683683258,0.56,-0.106788697059));
#14065 = LINE('',#14066,#14067);
#14066 = CARTESIAN_POINT('',(0.509683683258,0.56,-0.106788697059));
#14067 = VECTOR('',#14068,1.);
#14068 = DIRECTION('',(-3.761581922631E-31,-1.,-9.429630734102E-47));
#14069 = ORIENTED_EDGE('',*,*,#14070,.T.);
#14070 = EDGE_CURVE('',#14063,#14025,#14071,.T.);
#14071 = B_SPLINE_CURVE_WITH_KNOTS('',3,(#14072,#14073,#14074,#14075,
    #14076,#14077,#14078,#14079,#14080,#14081,#14082),.UNSPECIFIED.,.F.,
  .F.,(4,1,1,1,1,1,1,1,4),(0.,0.128067548596,0.250608318868,
    0.370630165915,0.49007224673,0.610374764155,0.734313069912,
    0.863216504245,1.),.UNSPECIFIED.);
#14072 = CARTESIAN_POINT('',(0.509683683258,0.56,-0.106788697059));
#14073 = CARTESIAN_POINT('',(0.509567324153,0.56,-0.103088017588));
#14074 = CARTESIAN_POINT('',(0.509339627442,0.56,-9.58463621417E-02));
#14075 = CARTESIAN_POINT('',(0.507406256886,0.56,-8.527421242788E-02));
#14076 = CARTESIAN_POINT('',(0.504152630598,0.56,-7.531005239966E-02));
#14077 = CARTESIAN_POINT('',(0.499645654341,0.56,-6.591193618731E-02));
#14078 = CARTESIAN_POINT('',(0.493811499317,0.56,-5.7139452205E-02));
#14079 = CARTESIAN_POINT('',(0.486744229628,0.56,-4.897286311895E-02));
#14080 = CARTESIAN_POINT('',(0.47839396345,0.56,-4.137594730613E-02));
#14081 = CARTESIAN_POINT('',(0.472066069648,0.56,-3.702400000858E-02));
#14082 = CARTESIAN_POINT('',(0.468808282617,0.56,-3.478348872524E-02));
#14083 = ORIENTED_EDGE('',*,*,#14024,.T.);
#14084 = B_SPLINE_SURFACE_WITH_KNOTS('',3,1,(
    (#14085,#14086)
    ,(#14087,#14088)
    ,(#14089,#14090)
    ,(#14091,#14092)
    ,(#14093,#14094)
    ,(#14095,#14096)
    ,(#14097,#14098)
    ,(#14099,#14100)
    ,(#14101,#14102)
    ,(#14103,#14104)
    ,(#14105,#14106
    )),.UNSPECIFIED.,.F.,.F.,.F.,(4,1,1,1,1,1,1,1,4),(2,2),(0.,
    0.128067548596,0.250608318868,0.370630165915,0.49007224673,
    0.610374764155,0.734313069912,0.863216504245,1.),(0.,1.),
  .UNSPECIFIED.);
#14085 = CARTESIAN_POINT('',(0.509683683258,0.56,-0.106788697059));
#14086 = CARTESIAN_POINT('',(0.509683683258,0.55,-0.106788697059));
#14087 = CARTESIAN_POINT('',(0.509567324153,0.56,-0.103088017588));
#14088 = CARTESIAN_POINT('',(0.509567324153,0.55,-0.103088017588));
#14089 = CARTESIAN_POINT('',(0.509339627442,0.56,-9.58463621417E-02));
#14090 = CARTESIAN_POINT('',(0.509339627442,0.55,-9.58463621417E-02));
#14091 = CARTESIAN_POINT('',(0.507406256886,0.56,-8.527421242788E-02));
#14092 = CARTESIAN_POINT('',(0.507406256886,0.55,-8.527421242788E-02));
#14093 = CARTESIAN_POINT('',(0.504152630598,0.56,-7.531005239966E-02));
#14094 = CARTESIAN_POINT('',(0.504152630598,0.55,-7.531005239966E-02));
#14095 = CARTESIAN_POINT('',(0.499645654341,0.56,-6.591193618731E-02));
#14096 = CARTESIAN_POINT('',(0.499645654341,0.55,-6.591193618731E-02));
#14097 = CARTESIAN_POINT('',(0.493811499317,0.56,-5.7139452205E-02));
#14098 = CARTESIAN_POINT('',(0.493811499317,0.55,-5.7139452205E-02));
#14099 = CARTESIAN_POINT('',(0.486744229628,0.56,-4.897286311895E-02));
#14100 = CARTESIAN_POINT('',(0.486744229628,0.55,-4.897286311895E-02));
#14101 = CARTESIAN_POINT('',(0.47839396345,0.56,-4.137594730613E-02));
#14102 = CARTESIAN_POINT('',(0.47839396345,0.55,-4.137594730613E-02));
#14103 = CARTESIAN_POINT('',(0.472066069648,0.56,-3.702400000858E-02));
#14104 = CARTESIAN_POINT('',(0.472066069648,0.55,-3.702400000858E-02));
#14105 = CARTESIAN_POINT('',(0.468808282617,0.56,-3.478348872524E-02));
#14106 = CARTESIAN_POINT('',(0.468808282617,0.55,-3.478348872524E-02));
#14107 = ADVANCED_FACE('',(#14108),#14138,.T.);
#14108 = FACE_BOUND('',#14109,.T.);
#14109 = EDGE_LOOP('',(#14110,#14111,#14119,#14137));
#14110 = ORIENTED_EDGE('',*,*,#9980,.F.);
#14111 = ORIENTED_EDGE('',*,*,#14112,.F.);
#14112 = EDGE_CURVE('',#14113,#9957,#14115,.T.);
#14113 = VERTEX_POINT('',#14114);
#14114 = CARTESIAN_POINT('',(0.407460125566,0.56,-0.197724193853));
#14115 = LINE('',#14116,#14117);
#14116 = CARTESIAN_POINT('',(0.407460125566,0.56,-0.197724193853));
#14117 = VECTOR('',#14118,1.);
#14118 = DIRECTION('',(-3.761581922631E-31,-1.,-9.429630734102E-47));
#14119 = ORIENTED_EDGE('',*,*,#14120,.T.);
#14120 = EDGE_CURVE('',#14113,#14063,#14121,.T.);
#14121 = B_SPLINE_CURVE_WITH_KNOTS('',3,(#14122,#14123,#14124,#14125,
    #14126,#14127,#14128,#14129,#14130,#14131,#14132,#14133,#14134,
    #14135,#14136),.UNSPECIFIED.,.F.,.F.,(4,1,1,1,1,1,1,1,1,1,1,1,4),(0.
    ,9.025424934268E-02,0.178539791529,0.266093033854,0.354630977957,
    0.441886153351,0.525746915164,0.608113633604,0.690197272828,
    0.77082148433,0.848326181255,0.924011740025,1.),.UNSPECIFIED.);
#14122 = CARTESIAN_POINT('',(0.407460125566,0.56,-0.197724193853));
#14123 = CARTESIAN_POINT('',(0.412028399773,0.56,-0.197586270829));
#14124 = CARTESIAN_POINT('',(0.421065300868,0.56,-0.197313433281));
#14125 = CARTESIAN_POINT('',(0.434341605563,0.56,-0.194821989634));
#14126 = CARTESIAN_POINT('',(0.447144287473,0.56,-0.190879476398));
#14127 = CARTESIAN_POINT('',(0.459333212255,0.56,-0.185432103684));
#14128 = CARTESIAN_POINT('',(0.470655055514,0.56,-0.178713372368));
#14129 = CARTESIAN_POINT('',(0.480728674189,0.56,-0.170716898679));
#14130 = CARTESIAN_POINT('',(0.489417525269,0.56,-0.16159696853));
#14131 = CARTESIAN_POINT('',(0.496706963035,0.56,-0.151523712098));
#14132 = CARTESIAN_POINT('',(0.502414462941,0.56,-0.140758161159));
#14133 = CARTESIAN_POINT('',(0.506623100289,0.56,-0.129678145445));
#14134 = CARTESIAN_POINT('',(0.509185268389,0.56,-0.118309948306));
#14135 = CARTESIAN_POINT('',(0.50951732407,0.56,-0.110634220388));
#14136 = CARTESIAN_POINT('',(0.509683683258,0.56,-0.106788697059));
#14137 = ORIENTED_EDGE('',*,*,#14062,.T.);
#14138 = B_SPLINE_SURFACE_WITH_KNOTS('',3,1,(
    (#14139,#14140)
    ,(#14141,#14142)
    ,(#14143,#14144)
    ,(#14145,#14146)
    ,(#14147,#14148)
    ,(#14149,#14150)
    ,(#14151,#14152)
    ,(#14153,#14154)
    ,(#14155,#14156)
    ,(#14157,#14158)
    ,(#14159,#14160)
    ,(#14161,#14162)
    ,(#14163,#14164)
    ,(#14165,#14166)
    ,(#14167,#14168
    )),.UNSPECIFIED.,.F.,.F.,.F.,(4,1,1,1,1,1,1,1,1,1,1,1,4),(2,2),(0.,
    9.025424934268E-02,0.178539791529,0.266093033854,0.354630977957,
    0.441886153351,0.525746915164,0.608113633604,0.690197272828,
    0.77082148433,0.848326181255,0.924011740025,1.),(0.,1.),
  .UNSPECIFIED.);
#14139 = CARTESIAN_POINT('',(0.407460125566,0.56,-0.197724193853));
#14140 = CARTESIAN_POINT('',(0.407460125566,0.55,-0.197724193853));
#14141 = CARTESIAN_POINT('',(0.412028399773,0.56,-0.197586270829));
#14142 = CARTESIAN_POINT('',(0.412028399773,0.55,-0.197586270829));
#14143 = CARTESIAN_POINT('',(0.421065300868,0.56,-0.197313433281));
#14144 = CARTESIAN_POINT('',(0.421065300868,0.55,-0.197313433281));
#14145 = CARTESIAN_POINT('',(0.434341605563,0.56,-0.194821989634));
#14146 = CARTESIAN_POINT('',(0.434341605563,0.55,-0.194821989634));
#14147 = CARTESIAN_POINT('',(0.447144287473,0.56,-0.190879476398));
#14148 = CARTESIAN_POINT('',(0.447144287473,0.55,-0.190879476398));
#14149 = CARTESIAN_POINT('',(0.459333212255,0.56,-0.185432103684));
#14150 = CARTESIAN_POINT('',(0.459333212255,0.55,-0.185432103684));
#14151 = CARTESIAN_POINT('',(0.470655055514,0.56,-0.178713372368));
#14152 = CARTESIAN_POINT('',(0.470655055514,0.55,-0.178713372368));
#14153 = CARTESIAN_POINT('',(0.480728674189,0.56,-0.170716898679));
#14154 = CARTESIAN_POINT('',(0.480728674189,0.55,-0.170716898679));
#14155 = CARTESIAN_POINT('',(0.489417525269,0.56,-0.16159696853));
#14156 = CARTESIAN_POINT('',(0.489417525269,0.55,-0.16159696853));
#14157 = CARTESIAN_POINT('',(0.496706963035,0.56,-0.151523712098));
#14158 = CARTESIAN_POINT('',(0.496706963035,0.55,-0.151523712098));
#14159 = CARTESIAN_POINT('',(0.502414462941,0.56,-0.140758161159));
#14160 = CARTESIAN_POINT('',(0.502414462941,0.55,-0.140758161159));
#14161 = CARTESIAN_POINT('',(0.506623100289,0.56,-0.129678145445));
#14162 = CARTESIAN_POINT('',(0.506623100289,0.55,-0.129678145445));
#14163 = CARTESIAN_POINT('',(0.509185268389,0.56,-0.118309948306));
#14164 = CARTESIAN_POINT('',(0.509185268389,0.55,-0.118309948306));
#14165 = CARTESIAN_POINT('',(0.50951732407,0.56,-0.110634220388));
#14166 = CARTESIAN_POINT('',(0.50951732407,0.55,-0.110634220388));
#14167 = CARTESIAN_POINT('',(0.509683683258,0.56,-0.106788697059));
#14168 = CARTESIAN_POINT('',(0.509683683258,0.55,-0.106788697059));
#14169 = ADVANCED_FACE('',(#14170),#14204,.T.);
#14170 = FACE_BOUND('',#14171,.T.);
#14171 = EDGE_LOOP('',(#14172,#14173,#14181,#14203));
#14172 = ORIENTED_EDGE('',*,*,#9956,.F.);
#14173 = ORIENTED_EDGE('',*,*,#14174,.F.);
#14174 = EDGE_CURVE('',#14175,#9949,#14177,.T.);
#14175 = VERTEX_POINT('',#14176);
#14176 = CARTESIAN_POINT('',(0.303273426848,0.56,-0.10798060411));
#14177 = LINE('',#14178,#14179);
#14178 = CARTESIAN_POINT('',(0.303273426848,0.56,-0.10798060411));
#14179 = VECTOR('',#14180,1.);
#14180 = DIRECTION('',(-3.761581922631E-31,-1.,-9.429630734102E-47));
#14181 = ORIENTED_EDGE('',*,*,#14182,.T.);
#14182 = EDGE_CURVE('',#14175,#14113,#14183,.T.);
#14183 = B_SPLINE_CURVE_WITH_KNOTS('',3,(#14184,#14185,#14186,#14187,
    #14188,#14189,#14190,#14191,#14192,#14193,#14194,#14195,#14196,
    #14197,#14198,#14199,#14200,#14201,#14202),.UNSPECIFIED.,.F.,.F.,(4,
    1,1,1,1,1,1,1,1,1,1,1,1,1,1,1,4),(0.,7.262534608344E-02,
    0.141976611326,0.208984928419,0.273956870364,0.336889347397,
    0.398744953495,0.460115885279,0.52082492259,0.580994458632,
    0.640151927601,0.698622450756,0.757271080927,0.816426694005,
    0.876254048203,0.937165293063,1.),.UNSPECIFIED.);
#14184 = CARTESIAN_POINT('',(0.303273426848,0.56,-0.10798060411));
#14185 = CARTESIAN_POINT('',(0.304124381916,0.56,-0.111503852507));
#14186 = CARTESIAN_POINT('',(0.305787929472,0.56,-0.118391514946));
#14187 = CARTESIAN_POINT('',(0.309257686819,0.56,-0.128232241031));
#14188 = CARTESIAN_POINT('',(0.313037612338,0.56,-0.13754459317));
#14189 = CARTESIAN_POINT('',(0.317576522795,0.56,-0.14615420054));
#14190 = CARTESIAN_POINT('',(0.322527398217,0.56,-0.154234090813));
#14191 = CARTESIAN_POINT('',(0.328199670371,0.56,-0.16160100326));
#14192 = CARTESIAN_POINT('',(0.334331642627,0.56,-0.168442299807));
#14193 = CARTESIAN_POINT('',(0.341114137557,0.56,-0.174513623562));
#14194 = CARTESIAN_POINT('',(0.348227003722,0.56,-0.180011396483));
#14195 = CARTESIAN_POINT('',(0.355770465697,0.56,-0.184698902217));
#14196 = CARTESIAN_POINT('',(0.363592755064,0.56,-0.188731317504));
#14197 = CARTESIAN_POINT('',(0.371748068359,0.56,-0.192053340691));
#14198 = CARTESIAN_POINT('',(0.380260685528,0.56,-0.194555893058));
#14199 = CARTESIAN_POINT('',(0.38905364786,0.56,-0.196371573617));
#14200 = CARTESIAN_POINT('',(0.398149997871,0.56,-0.197550685038));
#14201 = CARTESIAN_POINT('',(0.404324756931,0.56,-0.197665761347));
#14202 = CARTESIAN_POINT('',(0.407460125566,0.56,-0.197724193853));
#14203 = ORIENTED_EDGE('',*,*,#14112,.T.);
#14204 = B_SPLINE_SURFACE_WITH_KNOTS('',3,1,(
    (#14205,#14206)
    ,(#14207,#14208)
    ,(#14209,#14210)
    ,(#14211,#14212)
    ,(#14213,#14214)
    ,(#14215,#14216)
    ,(#14217,#14218)
    ,(#14219,#14220)
    ,(#14221,#14222)
    ,(#14223,#14224)
    ,(#14225,#14226)
    ,(#14227,#14228)
    ,(#14229,#14230)
    ,(#14231,#14232)
    ,(#14233,#14234)
    ,(#14235,#14236)
    ,(#14237,#14238)
    ,(#14239,#14240)
    ,(#14241,#14242
    )),.UNSPECIFIED.,.F.,.F.,.F.,(4,1,1,1,1,1,1,1,1,1,1,1,1,1,1,1,4),(2,
    2),(0.,7.262534608344E-02,0.141976611326,0.208984928419,
    0.273956870364,0.336889347397,0.398744953495,0.460115885279,
    0.52082492259,0.580994458632,0.640151927601,0.698622450756,
    0.757271080927,0.816426694005,0.876254048203,0.937165293063,1.),(0.,
    1.),.UNSPECIFIED.);
#14205 = CARTESIAN_POINT('',(0.303273426848,0.56,-0.10798060411));
#14206 = CARTESIAN_POINT('',(0.303273426848,0.55,-0.10798060411));
#14207 = CARTESIAN_POINT('',(0.304124381916,0.56,-0.111503852507));
#14208 = CARTESIAN_POINT('',(0.304124381916,0.55,-0.111503852507));
#14209 = CARTESIAN_POINT('',(0.305787929472,0.56,-0.118391514946));
#14210 = CARTESIAN_POINT('',(0.305787929472,0.55,-0.118391514946));
#14211 = CARTESIAN_POINT('',(0.309257686819,0.56,-0.128232241031));
#14212 = CARTESIAN_POINT('',(0.309257686819,0.55,-0.128232241031));
#14213 = CARTESIAN_POINT('',(0.313037612338,0.56,-0.13754459317));
#14214 = CARTESIAN_POINT('',(0.313037612338,0.55,-0.13754459317));
#14215 = CARTESIAN_POINT('',(0.317576522795,0.56,-0.14615420054));
#14216 = CARTESIAN_POINT('',(0.317576522795,0.55,-0.14615420054));
#14217 = CARTESIAN_POINT('',(0.322527398217,0.56,-0.154234090813));
#14218 = CARTESIAN_POINT('',(0.322527398217,0.55,-0.154234090813));
#14219 = CARTESIAN_POINT('',(0.328199670371,0.56,-0.16160100326));
#14220 = CARTESIAN_POINT('',(0.328199670371,0.55,-0.16160100326));
#14221 = CARTESIAN_POINT('',(0.334331642627,0.56,-0.168442299807));
#14222 = CARTESIAN_POINT('',(0.334331642627,0.55,-0.168442299807));
#14223 = CARTESIAN_POINT('',(0.341114137557,0.56,-0.174513623562));
#14224 = CARTESIAN_POINT('',(0.341114137557,0.55,-0.174513623562));
#14225 = CARTESIAN_POINT('',(0.348227003722,0.56,-0.180011396483));
#14226 = CARTESIAN_POINT('',(0.348227003722,0.55,-0.180011396483));
#14227 = CARTESIAN_POINT('',(0.355770465697,0.56,-0.184698902217));
#14228 = CARTESIAN_POINT('',(0.355770465697,0.55,-0.184698902217));
#14229 = CARTESIAN_POINT('',(0.363592755064,0.56,-0.188731317504));
#14230 = CARTESIAN_POINT('',(0.363592755064,0.55,-0.188731317504));
#14231 = CARTESIAN_POINT('',(0.371748068359,0.56,-0.192053340691));
#14232 = CARTESIAN_POINT('',(0.371748068359,0.55,-0.192053340691));
#14233 = CARTESIAN_POINT('',(0.380260685528,0.56,-0.194555893058));
#14234 = CARTESIAN_POINT('',(0.380260685528,0.55,-0.194555893058));
#14235 = CARTESIAN_POINT('',(0.38905364786,0.56,-0.196371573617));
#14236 = CARTESIAN_POINT('',(0.38905364786,0.55,-0.196371573617));
#14237 = CARTESIAN_POINT('',(0.398149997871,0.56,-0.197550685038));
#14238 = CARTESIAN_POINT('',(0.398149997871,0.55,-0.197550685038));
#14239 = CARTESIAN_POINT('',(0.404324756931,0.56,-0.197665761347));
#14240 = CARTESIAN_POINT('',(0.404324756931,0.55,-0.197665761347));
#14241 = CARTESIAN_POINT('',(0.407460125566,0.56,-0.197724193853));
#14242 = CARTESIAN_POINT('',(0.407460125566,0.55,-0.197724193853));
#14243 = ADVANCED_FACE('',(#14244),#14255,.T.);
#14244 = FACE_BOUND('',#14245,.T.);
#14245 = EDGE_LOOP('',(#14246,#14247,#14248,#14254));
#14246 = ORIENTED_EDGE('',*,*,#9948,.F.);
#14247 = ORIENTED_EDGE('',*,*,#13365,.F.);
#14248 = ORIENTED_EDGE('',*,*,#14249,.T.);
#14249 = EDGE_CURVE('',#13346,#14175,#14250,.T.);
#14250 = LINE('',#14251,#14252);
#14251 = CARTESIAN_POINT('',(0.334683683258,0.56,-0.10798060411));
#14252 = VECTOR('',#14253,1.);
#14253 = DIRECTION('',(-1.,0.,0.));
#14254 = ORIENTED_EDGE('',*,*,#14174,.T.);
#14255 = PLANE('',#14256);
#14256 = AXIS2_PLACEMENT_3D('',#14257,#14258,#14259);
#14257 = CARTESIAN_POINT('',(0.334683683258,0.56,-0.10798060411));
#14258 = DIRECTION('',(0.,-9.429630734102E-47,1.));
#14259 = DIRECTION('',(0.,-1.,-9.429630734102E-47));
#14260 = ADVANCED_FACE('',(#14261),#14280,.F.);
#14261 = FACE_BOUND('',#14262,.T.);
#14262 = EDGE_LOOP('',(#14263,#14264,#14265,#14266,#14267,#14268,#14269,
    #14270,#14271,#14272,#14273,#14274,#14275,#14276,#14277,#14278,
    #14279));
#14263 = ORIENTED_EDGE('',*,*,#13345,.F.);
#14264 = ORIENTED_EDGE('',*,*,#13414,.F.);
#14265 = ORIENTED_EDGE('',*,*,#13488,.F.);
#14266 = ORIENTED_EDGE('',*,*,#13550,.F.);
#14267 = ORIENTED_EDGE('',*,*,#13574,.F.);
#14268 = ORIENTED_EDGE('',*,*,#13648,.F.);
#14269 = ORIENTED_EDGE('',*,*,#13722,.F.);
#14270 = ORIENTED_EDGE('',*,*,#13772,.F.);
#14271 = ORIENTED_EDGE('',*,*,#13822,.F.);
#14272 = ORIENTED_EDGE('',*,*,#13846,.F.);
#14273 = ORIENTED_EDGE('',*,*,#13920,.F.);
#14274 = ORIENTED_EDGE('',*,*,#13982,.F.);
#14275 = ORIENTED_EDGE('',*,*,#14032,.F.);
#14276 = ORIENTED_EDGE('',*,*,#14070,.F.);
#14277 = ORIENTED_EDGE('',*,*,#14120,.F.);
#14278 = ORIENTED_EDGE('',*,*,#14182,.F.);
#14279 = ORIENTED_EDGE('',*,*,#14249,.F.);
#14280 = PLANE('',#14281);
#14281 = AXIS2_PLACEMENT_3D('',#14282,#14283,#14284);
#14282 = CARTESIAN_POINT('',(0.362269751406,0.56,-0.14746731004));
#14283 = DIRECTION('',(-1.903592735075E-15,-1.,-5.452308279347E-14));
#14284 = DIRECTION('',(0.,5.452308279347E-14,-1.));
#14285 = ( GEOMETRIC_REPRESENTATION_CONTEXT(3) 
GLOBAL_UNCERTAINTY_ASSIGNED_CONTEXT((#14289)) 
GLOBAL_UNIT_ASSIGNED_CONTEXT((#14286,#14287,#14288)) 
REPRESENTATION_CONTEXT('Context #1',
  '3D Context with UNIT and UNCERTAINTY') );
#14286 = ( LENGTH_UNIT() NAMED_UNIT(*) SI_UNIT(.MILLI.,.METRE.) );
#14287 = ( NAMED_UNIT(*) PLANE_ANGLE_UNIT() SI_UNIT($,.RADIAN.) );
#14288 = ( NAMED_UNIT(*) SI_UNIT($,.STERADIAN.) SOLID_ANGLE_UNIT() );
#14289 = UNCERTAINTY_MEASURE_WITH_UNIT(LENGTH_MEASURE(1.E-07),#14286,
  'distance_accuracy_value','confusion accuracy');
#14290 = CONTEXT_DEPENDENT_SHAPE_REPRESENTATION(#14291,#14293);
#14291 = ( REPRESENTATION_RELATIONSHIP('','',#9895,#8825) 
REPRESENTATION_RELATIONSHIP_WITH_TRANSFORMATION(#14292) 
SHAPE_REPRESENTATION_RELATIONSHIP() );
#14292 = ITEM_DEFINED_TRANSFORMATION('','',#11,#8838);
#14293 = PRODUCT_DEFINITION_SHAPE('Placement','Placement of an item',
  #14294);
#14294 = NEXT_ASSEMBLY_USAGE_OCCURRENCE('41','=>[0:1:1:6]','',#8820,
  #9890,$);
#14295 = PRODUCT_RELATED_PRODUCT_CATEGORY('part',$,(#9892));
#14296 = SHAPE_DEFINITION_REPRESENTATION(#14297,#14303);
#14297 = PRODUCT_DEFINITION_SHAPE('','',#14298);
#14298 = PRODUCT_DEFINITION('design','',#14299,#14302);
#14299 = PRODUCT_DEFINITION_FORMATION('','',#14300);
#14300 = PRODUCT('R2','R2','',(#14301));
#14301 = PRODUCT_CONTEXT('',#2,'mechanical');
#14302 = PRODUCT_DEFINITION_CONTEXT('part definition',#2,'design');
#14303 = SHAPE_REPRESENTATION('',(#11,#14304),#14308);
#14304 = AXIS2_PLACEMENT_3D('',#14305,#14306,#14307);
#14305 = CARTESIAN_POINT('',(0.,0.,0.));
#14306 = DIRECTION('',(0.,0.,1.));
#14307 = DIRECTION('',(1.,0.,-0.));
#14308 = ( GEOMETRIC_REPRESENTATION_CONTEXT(3) 
GLOBAL_UNCERTAINTY_ASSIGNED_CONTEXT((#14312)) 
GLOBAL_UNIT_ASSIGNED_CONTEXT((#14309,#14310,#14311)) 
REPRESENTATION_CONTEXT('Context #1',
  '3D Context with UNIT and UNCERTAINTY') );
#14309 = ( LENGTH_UNIT() NAMED_UNIT(*) SI_UNIT(.MILLI.,.METRE.) );
#14310 = ( NAMED_UNIT(*) PLANE_ANGLE_UNIT() SI_UNIT($,.RADIAN.) );
#14311 = ( NAMED_UNIT(*) SI_UNIT($,.STERADIAN.) SOLID_ANGLE_UNIT() );
#14312 = UNCERTAINTY_MEASURE_WITH_UNIT(LENGTH_MEASURE(1.E-07),#14309,
  'distance_accuracy_value','confusion accuracy');
#14313 = CONTEXT_DEPENDENT_SHAPE_REPRESENTATION(#14314,#14316);
#14314 = ( REPRESENTATION_RELATIONSHIP('','',#14303,#10) 
REPRESENTATION_RELATIONSHIP_WITH_TRANSFORMATION(#14315) 
SHAPE_REPRESENTATION_RELATIONSHIP() );
#14315 = ITEM_DEFINED_TRANSFORMATION('','',#11,#43);
#14316 = PRODUCT_DEFINITION_SHAPE('Placement','Placement of an item',
  #14317);
#14317 = NEXT_ASSEMBLY_USAGE_OCCURRENCE('47','R2','',#5,#14298,$);
#14318 = PRODUCT_RELATED_PRODUCT_CATEGORY('part',$,(#14300));
#14319 = SHAPE_DEFINITION_REPRESENTATION(#14320,#14326);
#14320 = PRODUCT_DEFINITION_SHAPE('','',#14321);
#14321 = PRODUCT_DEFINITION('design','',#14322,#14325);
#14322 = PRODUCT_DEFINITION_FORMATION('','',#14323);
#14323 = PRODUCT('Package','Package','',(#14324));
#14324 = PRODUCT_CONTEXT('',#2,'mechanical');
#14325 = PRODUCT_DEFINITION_CONTEXT('part definition',#2,'design');
#14326 = SHAPE_REPRESENTATION('',(#11,#14327),#14331);
#14327 = AXIS2_PLACEMENT_3D('',#14328,#14329,#14330);
#14328 = CARTESIAN_POINT('',(0.8,0.,0.));
#14329 = DIRECTION('',(0.,-1.,-2.22044604925E-16));
#14330 = DIRECTION('',(1.,0.,0.));
#14331 = ( GEOMETRIC_REPRESENTATION_CONTEXT(3) 
GLOBAL_UNCERTAINTY_ASSIGNED_CONTEXT((#14335)) 
GLOBAL_UNIT_ASSIGNED_CONTEXT((#14332,#14333,#14334)) 
REPRESENTATION_CONTEXT('Context #1',
  '3D Context with UNIT and UNCERTAINTY') );
#14332 = ( LENGTH_UNIT() NAMED_UNIT(*) SI_UNIT(.MILLI.,.METRE.) );
#14333 = ( NAMED_UNIT(*) PLANE_ANGLE_UNIT() SI_UNIT($,.RADIAN.) );
#14334 = ( NAMED_UNIT(*) SI_UNIT($,.STERADIAN.) SOLID_ANGLE_UNIT() );
#14335 = UNCERTAINTY_MEASURE_WITH_UNIT(LENGTH_MEASURE(1.E-07),#14332,
  'distance_accuracy_value','confusion accuracy');
#14336 = CONTEXT_DEPENDENT_SHAPE_REPRESENTATION(#14337,#14339);
#14337 = ( REPRESENTATION_RELATIONSHIP('','',#14326,#14303) 
REPRESENTATION_RELATIONSHIP_WITH_TRANSFORMATION(#14338) 
SHAPE_REPRESENTATION_RELATIONSHIP() );
#14338 = ITEM_DEFINED_TRANSFORMATION('','',#11,#14304);
#14339 = PRODUCT_DEFINITION_SHAPE('Placement','Placement of an item',
  #14340);
#14340 = NEXT_ASSEMBLY_USAGE_OCCURRENCE('46','Package','',#14298,#14321,
  $);
#14341 = PRODUCT_RELATED_PRODUCT_CATEGORY('part',$,(#14323));
#14342 = CONTEXT_DEPENDENT_SHAPE_REPRESENTATION(#14343,#14345);
#14343 = ( REPRESENTATION_RELATIONSHIP('','',#8825,#14326) 
REPRESENTATION_RELATIONSHIP_WITH_TRANSFORMATION(#14344) 
SHAPE_REPRESENTATION_RELATIONSHIP() );
#14344 = ITEM_DEFINED_TRANSFORMATION('','',#11,#14327);
#14345 = PRODUCT_DEFINITION_SHAPE('Placement','Placement of an item',
  #14346);
#14346 = NEXT_ASSEMBLY_USAGE_OCCURRENCE('45','Body_1','',#14321,#8820,$
  );
#14347 = SHAPE_DEFINITION_REPRESENTATION(#4485,#14348);
#14348 = SHAPE_REPRESENTATION('',(#2700),#4477);
#14349 = SHAPE_DEFINITION_REPRESENTATION(#4654,#14350);
#14350 = SHAPE_REPRESENTATION('',(#2704),#4646);
#14351 = SHAPE_DEFINITION_REPRESENTATION(#4823,#14352);
#14352 = SHAPE_REPRESENTATION('',(#2708),#4815);
#14353 = SHAPE_DEFINITION_REPRESENTATION(#2720,#14354);
#14354 = SHAPE_REPRESENTATION('',(#2677),#2712);
#14355 = SHAPE_DEFINITION_REPRESENTATION(#2689,#14356);
#14356 = SHAPE_REPRESENTATION('',(#2654),#2681);
#14357 = SHAPE_DEFINITION_REPRESENTATION(#5209,#14358);
#14358 = SHAPE_REPRESENTATION('',(#4880),#5201);
#14359 = SHAPE_DEFINITION_REPRESENTATION(#5682,#14360);
#14360 = SHAPE_REPRESENTATION('',(#4884),#5674);
#14361 = SHAPE_DEFINITION_REPRESENTATION(#6155,#14362);
#14362 = SHAPE_REPRESENTATION('',(#4888),#6147);
#14363 = SHAPE_DEFINITION_REPRESENTATION(#4900,#14364);
#14364 = SHAPE_REPRESENTATION('',(#4857),#4892);
#14365 = SHAPE_DEFINITION_REPRESENTATION(#4869,#14366);
#14366 = SHAPE_REPRESENTATION('',(#4834),#4861);
#14367 = SHAPE_DEFINITION_REPRESENTATION(#6238,#14368);
#14368 = SHAPE_REPRESENTATION('',(#6212),#5201);
#14369 = SHAPE_DEFINITION_REPRESENTATION(#6243,#14370);
#14370 = SHAPE_REPRESENTATION('',(#6216),#5674);
#14371 = SHAPE_DEFINITION_REPRESENTATION(#6248,#14372);
#14372 = SHAPE_REPRESENTATION('',(#6220),#6147);
#14373 = SHAPE_DEFINITION_REPRESENTATION(#6232,#14374);
#14374 = SHAPE_REPRESENTATION('',(#6189),#6224);
#14375 = SHAPE_DEFINITION_REPRESENTATION(#6201,#14376);
#14376 = SHAPE_REPRESENTATION('',(#6166),#6193);
#14377 = SHAPE_DEFINITION_REPRESENTATION(#6367,#14378);
#14378 = SHAPE_REPRESENTATION('',(#6304),#6359);
#14379 = SHAPE_DEFINITION_REPRESENTATION(#8658,#14380);
#14380 = SHAPE_REPRESENTATION('',(#6308),#8650);
#14381 = SHAPE_DEFINITION_REPRESENTATION(#8677,#14382);
#14382 = SHAPE_REPRESENTATION('',(#6312),#8669);
#14383 = SHAPE_DEFINITION_REPRESENTATION(#6324,#14384);
#14384 = SHAPE_REPRESENTATION('',(#6281),#6316);
#14385 = SHAPE_DEFINITION_REPRESENTATION(#6293,#14386);
#14386 = SHAPE_REPRESENTATION('',(#6258),#6285);
#14387 = SHAPE_DEFINITION_REPRESENTATION(#8760,#14388);
#14388 = SHAPE_REPRESENTATION('',(#8734),#5201);
#14389 = SHAPE_DEFINITION_REPRESENTATION(#8765,#14390);
#14390 = SHAPE_REPRESENTATION('',(#8738),#5674);
#14391 = SHAPE_DEFINITION_REPRESENTATION(#8770,#14392);
#14392 = SHAPE_REPRESENTATION('',(#8742),#6147);
#14393 = SHAPE_DEFINITION_REPRESENTATION(#8754,#14394);
#14394 = SHAPE_REPRESENTATION('',(#8711),#8746);
#14395 = SHAPE_DEFINITION_REPRESENTATION(#8723,#14396);
#14396 = SHAPE_REPRESENTATION('',(#8688),#8715);
#14397 = SHAPE_DEFINITION_REPRESENTATION(#9019,#14398);
#14398 = SHAPE_REPRESENTATION('',(#8826),#9011);
#14399 = SHAPE_DEFINITION_REPRESENTATION(#9452,#14400);
#14400 = SHAPE_REPRESENTATION('',(#8830),#9444);
#14401 = SHAPE_DEFINITION_REPRESENTATION(#9885,#14402);
#14402 = SHAPE_REPRESENTATION('',(#8834),#9877);
#14403 = SHAPE_DEFINITION_REPRESENTATION(#14293,#14404);
#14404 = SHAPE_REPRESENTATION('',(#8838),#14285);
#14405 = SHAPE_DEFINITION_REPRESENTATION(#8850,#14406);
#14406 = SHAPE_REPRESENTATION('',(#8803),#8842);
#14407 = SHAPE_DEFINITION_REPRESENTATION(#8815,#14408);
#14408 = SHAPE_REPRESENTATION('',(#8780),#8807);
#14409 = SHAPE_DEFINITION_REPRESENTATION(#14345,#14410);
#14410 = SHAPE_REPRESENTATION('',(#14327),#8842);
#14411 = SHAPE_DEFINITION_REPRESENTATION(#14339,#14412);
#14412 = SHAPE_REPRESENTATION('',(#14304),#14331);
#14413 = SHAPE_DEFINITION_REPRESENTATION(#2643,#14414);
#14414 = SHAPE_REPRESENTATION('',(#15),#2635);
#14415 = SHAPE_DEFINITION_REPRESENTATION(#2666,#14416);
#14416 = SHAPE_REPRESENTATION('',(#19),#2658);
#14417 = SHAPE_DEFINITION_REPRESENTATION(#4846,#14418);
#14418 = SHAPE_REPRESENTATION('',(#23),#4838);
#14419 = SHAPE_DEFINITION_REPRESENTATION(#6178,#14420);
#14420 = SHAPE_REPRESENTATION('',(#27),#6170);
#14421 = SHAPE_DEFINITION_REPRESENTATION(#6270,#14422);
#14422 = SHAPE_REPRESENTATION('',(#31),#6262);
#14423 = SHAPE_DEFINITION_REPRESENTATION(#8700,#14424);
#14424 = SHAPE_REPRESENTATION('',(#35),#8692);
#14425 = SHAPE_DEFINITION_REPRESENTATION(#8792,#14426);
#14426 = SHAPE_REPRESENTATION('',(#39),#8784);
#14427 = SHAPE_DEFINITION_REPRESENTATION(#14316,#14428);
#14428 = SHAPE_REPRESENTATION('',(#43),#14308);
#14429 = MECHANICAL_DESIGN_GEOMETRIC_PRESENTATION_REPRESENTATION('',(),
  #8669);
#14430 = MECHANICAL_DESIGN_GEOMETRIC_PRESENTATION_REPRESENTATION('',(
    #14431,#14441,#14451,#14460,#14469,#14478,#14487,#14496,#14505,
    #14514,#14523,#14532,#14541,#14550,#14559,#14568,#14577,#14586,
    #14595,#14604,#14613,#14622,#14631,#14640,#14649,#14658,#14667,
    #14676,#14685,#14694,#14703,#14712,#14721,#14730,#14739,#14748,
    #14757,#14766,#14775,#14784,#14793,#14802,#14811,#14820,#14829,
    #14838,#14847,#14856,#14865,#14874,#14883,#14892,#14901,#14910,
    #14919,#14928,#14937,#14946,#14955,#14964,#14973,#14982,#14991),
  #4477);
#14431 = STYLED_ITEM('color',(#14432),#2731);
#14432 = PRESENTATION_STYLE_ASSIGNMENT((#14433,#14439));
#14433 = SURFACE_STYLE_USAGE(.BOTH.,#14434);
#14434 = SURFACE_SIDE_STYLE('',(#14435));
#14435 = SURFACE_STYLE_FILL_AREA(#14436);
#14436 = FILL_AREA_STYLE('',(#14437));
#14437 = FILL_AREA_STYLE_COLOUR('',#14438);
#14438 = COLOUR_RGB('',0.7907306757,0.818290320931,0.933289676031);
#14439 = CURVE_STYLE('',#14440,POSITIVE_LENGTH_MEASURE(0.1),#14438);
#14440 = DRAUGHTING_PRE_DEFINED_CURVE_FONT('continuous');
#14441 = OVER_RIDING_STYLED_ITEM('overriding color',(#14442),#2733,
  #14431);
#14442 = PRESENTATION_STYLE_ASSIGNMENT((#14443,#14449));
#14443 = SURFACE_STYLE_USAGE(.BOTH.,#14444);
#14444 = SURFACE_SIDE_STYLE('',(#14445));
#14445 = SURFACE_STYLE_FILL_AREA(#14446);
#14446 = FILL_AREA_STYLE('',(#14447));
#14447 = FILL_AREA_STYLE_COLOUR('',#14448);
#14448 = COLOUR_RGB('',0.250260386916,0.250260386916,0.250260386916);
#14449 = CURVE_STYLE('',#14450,POSITIVE_LENGTH_MEASURE(0.1),#14448);
#14450 = DRAUGHTING_PRE_DEFINED_CURVE_FONT('continuous');
#14451 = OVER_RIDING_STYLED_ITEM('overriding color',(#14452),#2802,
  #14431);
#14452 = PRESENTATION_STYLE_ASSIGNMENT((#14453,#14458));
#14453 = SURFACE_STYLE_USAGE(.BOTH.,#14454);
#14454 = SURFACE_SIDE_STYLE('',(#14455));
#14455 = SURFACE_STYLE_FILL_AREA(#14456);
#14456 = FILL_AREA_STYLE('',(#14457));
#14457 = FILL_AREA_STYLE_COLOUR('',#14448);
#14458 = CURVE_STYLE('',#14459,POSITIVE_LENGTH_MEASURE(0.1),#14448);
#14459 = DRAUGHTING_PRE_DEFINED_CURVE_FONT('continuous');
#14460 = OVER_RIDING_STYLED_ITEM('overriding color',(#14461),#2858,
  #14431);
#14461 = PRESENTATION_STYLE_ASSIGNMENT((#14462,#14467));
#14462 = SURFACE_STYLE_USAGE(.BOTH.,#14463);
#14463 = SURFACE_SIDE_STYLE('',(#14464));
#14464 = SURFACE_STYLE_FILL_AREA(#14465);
#14465 = FILL_AREA_STYLE('',(#14466));
#14466 = FILL_AREA_STYLE_COLOUR('',#14448);
#14467 = CURVE_STYLE('',#14468,POSITIVE_LENGTH_MEASURE(0.1),#14448);
#14468 = DRAUGHTING_PRE_DEFINED_CURVE_FONT('continuous');
#14469 = OVER_RIDING_STYLED_ITEM('overriding color',(#14470),#2898,
  #14431);
#14470 = PRESENTATION_STYLE_ASSIGNMENT((#14471,#14476));
#14471 = SURFACE_STYLE_USAGE(.BOTH.,#14472);
#14472 = SURFACE_SIDE_STYLE('',(#14473));
#14473 = SURFACE_STYLE_FILL_AREA(#14474);
#14474 = FILL_AREA_STYLE('',(#14475));
#14475 = FILL_AREA_STYLE_COLOUR('',#14448);
#14476 = CURVE_STYLE('',#14477,POSITIVE_LENGTH_MEASURE(0.1),#14448);
#14477 = DRAUGHTING_PRE_DEFINED_CURVE_FONT('continuous');
#14478 = OVER_RIDING_STYLED_ITEM('overriding color',(#14479),#2957,
  #14431);
#14479 = PRESENTATION_STYLE_ASSIGNMENT((#14480,#14485));
#14480 = SURFACE_STYLE_USAGE(.BOTH.,#14481);
#14481 = SURFACE_SIDE_STYLE('',(#14482));
#14482 = SURFACE_STYLE_FILL_AREA(#14483);
#14483 = FILL_AREA_STYLE('',(#14484));
#14484 = FILL_AREA_STYLE_COLOUR('',#14448);
#14485 = CURVE_STYLE('',#14486,POSITIVE_LENGTH_MEASURE(0.1),#14448);
#14486 = DRAUGHTING_PRE_DEFINED_CURVE_FONT('continuous');
#14487 = OVER_RIDING_STYLED_ITEM('overriding color',(#14488),#2988,
  #14431);
#14488 = PRESENTATION_STYLE_ASSIGNMENT((#14489,#14494));
#14489 = SURFACE_STYLE_USAGE(.BOTH.,#14490);
#14490 = SURFACE_SIDE_STYLE('',(#14491));
#14491 = SURFACE_STYLE_FILL_AREA(#14492);
#14492 = FILL_AREA_STYLE('',(#14493));
#14493 = FILL_AREA_STYLE_COLOUR('',#14448);
#14494 = CURVE_STYLE('',#14495,POSITIVE_LENGTH_MEASURE(0.1),#14448);
#14495 = DRAUGHTING_PRE_DEFINED_CURVE_FONT('continuous');
#14496 = OVER_RIDING_STYLED_ITEM('overriding color',(#14497),#3019,
  #14431);
#14497 = PRESENTATION_STYLE_ASSIGNMENT((#14498,#14503));
#14498 = SURFACE_STYLE_USAGE(.BOTH.,#14499);
#14499 = SURFACE_SIDE_STYLE('',(#14500));
#14500 = SURFACE_STYLE_FILL_AREA(#14501);
#14501 = FILL_AREA_STYLE('',(#14502));
#14502 = FILL_AREA_STYLE_COLOUR('',#14448);
#14503 = CURVE_STYLE('',#14504,POSITIVE_LENGTH_MEASURE(0.1),#14448);
#14504 = DRAUGHTING_PRE_DEFINED_CURVE_FONT('continuous');
#14505 = OVER_RIDING_STYLED_ITEM('overriding color',(#14506),#3050,
  #14431);
#14506 = PRESENTATION_STYLE_ASSIGNMENT((#14507,#14512));
#14507 = SURFACE_STYLE_USAGE(.BOTH.,#14508);
#14508 = SURFACE_SIDE_STYLE('',(#14509));
#14509 = SURFACE_STYLE_FILL_AREA(#14510);
#14510 = FILL_AREA_STYLE('',(#14511));
#14511 = FILL_AREA_STYLE_COLOUR('',#14448);
#14512 = CURVE_STYLE('',#14513,POSITIVE_LENGTH_MEASURE(0.1),#14448);
#14513 = DRAUGHTING_PRE_DEFINED_CURVE_FONT('continuous');
#14514 = OVER_RIDING_STYLED_ITEM('overriding color',(#14515),#3111,
  #14431);
#14515 = PRESENTATION_STYLE_ASSIGNMENT((#14516,#14521));
#14516 = SURFACE_STYLE_USAGE(.BOTH.,#14517);
#14517 = SURFACE_SIDE_STYLE('',(#14518));
#14518 = SURFACE_STYLE_FILL_AREA(#14519);
#14519 = FILL_AREA_STYLE('',(#14520));
#14520 = FILL_AREA_STYLE_COLOUR('',#14448);
#14521 = CURVE_STYLE('',#14522,POSITIVE_LENGTH_MEASURE(0.1),#14448);
#14522 = DRAUGHTING_PRE_DEFINED_CURVE_FONT('continuous');
#14523 = OVER_RIDING_STYLED_ITEM('overriding color',(#14524),#3142,
  #14431);
#14524 = PRESENTATION_STYLE_ASSIGNMENT((#14525,#14530));
#14525 = SURFACE_STYLE_USAGE(.BOTH.,#14526);
#14526 = SURFACE_SIDE_STYLE('',(#14527));
#14527 = SURFACE_STYLE_FILL_AREA(#14528);
#14528 = FILL_AREA_STYLE('',(#14529));
#14529 = FILL_AREA_STYLE_COLOUR('',#14448);
#14530 = CURVE_STYLE('',#14531,POSITIVE_LENGTH_MEASURE(0.1),#14448);
#14531 = DRAUGHTING_PRE_DEFINED_CURVE_FONT('continuous');
#14532 = OVER_RIDING_STYLED_ITEM('overriding color',(#14533),#3164,
  #14431);
#14533 = PRESENTATION_STYLE_ASSIGNMENT((#14534,#14539));
#14534 = SURFACE_STYLE_USAGE(.BOTH.,#14535);
#14535 = SURFACE_SIDE_STYLE('',(#14536));
#14536 = SURFACE_STYLE_FILL_AREA(#14537);
#14537 = FILL_AREA_STYLE('',(#14538));
#14538 = FILL_AREA_STYLE_COLOUR('',#14448);
#14539 = CURVE_STYLE('',#14540,POSITIVE_LENGTH_MEASURE(0.1),#14448);
#14540 = DRAUGHTING_PRE_DEFINED_CURVE_FONT('continuous');
#14541 = OVER_RIDING_STYLED_ITEM('overriding color',(#14542),#3220,
  #14431);
#14542 = PRESENTATION_STYLE_ASSIGNMENT((#14543,#14548));
#14543 = SURFACE_STYLE_USAGE(.BOTH.,#14544);
#14544 = SURFACE_SIDE_STYLE('',(#14545));
#14545 = SURFACE_STYLE_FILL_AREA(#14546);
#14546 = FILL_AREA_STYLE('',(#14547));
#14547 = FILL_AREA_STYLE_COLOUR('',#14448);
#14548 = CURVE_STYLE('',#14549,POSITIVE_LENGTH_MEASURE(0.1),#14448);
#14549 = DRAUGHTING_PRE_DEFINED_CURVE_FONT('continuous');
#14550 = OVER_RIDING_STYLED_ITEM('overriding color',(#14551),#3292,
  #14431);
#14551 = PRESENTATION_STYLE_ASSIGNMENT((#14552,#14557));
#14552 = SURFACE_STYLE_USAGE(.BOTH.,#14553);
#14553 = SURFACE_SIDE_STYLE('',(#14554));
#14554 = SURFACE_STYLE_FILL_AREA(#14555);
#14555 = FILL_AREA_STYLE('',(#14556));
#14556 = FILL_AREA_STYLE_COLOUR('',#14448);
#14557 = CURVE_STYLE('',#14558,POSITIVE_LENGTH_MEASURE(0.1),#14448);
#14558 = DRAUGHTING_PRE_DEFINED_CURVE_FONT('continuous');
#14559 = OVER_RIDING_STYLED_ITEM('overriding color',(#14560),#3325,
  #14431);
#14560 = PRESENTATION_STYLE_ASSIGNMENT((#14561,#14566));
#14561 = SURFACE_STYLE_USAGE(.BOTH.,#14562);
#14562 = SURFACE_SIDE_STYLE('',(#14563));
#14563 = SURFACE_STYLE_FILL_AREA(#14564);
#14564 = FILL_AREA_STYLE('',(#14565));
#14565 = FILL_AREA_STYLE_COLOUR('',#14448);
#14566 = CURVE_STYLE('',#14567,POSITIVE_LENGTH_MEASURE(0.1),#14448);
#14567 = DRAUGHTING_PRE_DEFINED_CURVE_FONT('continuous');
#14568 = OVER_RIDING_STYLED_ITEM('overriding color',(#14569),#3433,
  #14431);
#14569 = PRESENTATION_STYLE_ASSIGNMENT((#14570,#14575));
#14570 = SURFACE_STYLE_USAGE(.BOTH.,#14571);
#14571 = SURFACE_SIDE_STYLE('',(#14572));
#14572 = SURFACE_STYLE_FILL_AREA(#14573);
#14573 = FILL_AREA_STYLE('',(#14574));
#14574 = FILL_AREA_STYLE_COLOUR('',#14448);
#14575 = CURVE_STYLE('',#14576,POSITIVE_LENGTH_MEASURE(0.1),#14448);
#14576 = DRAUGHTING_PRE_DEFINED_CURVE_FONT('continuous');
#14577 = OVER_RIDING_STYLED_ITEM('overriding color',(#14578),#3473,
  #14431);
#14578 = PRESENTATION_STYLE_ASSIGNMENT((#14579,#14584));
#14579 = SURFACE_STYLE_USAGE(.BOTH.,#14580);
#14580 = SURFACE_SIDE_STYLE('',(#14581));
#14581 = SURFACE_STYLE_FILL_AREA(#14582);
#14582 = FILL_AREA_STYLE('',(#14583));
#14583 = FILL_AREA_STYLE_COLOUR('',#14448);
#14584 = CURVE_STYLE('',#14585,POSITIVE_LENGTH_MEASURE(0.1),#14448);
#14585 = DRAUGHTING_PRE_DEFINED_CURVE_FONT('continuous');
#14586 = OVER_RIDING_STYLED_ITEM('overriding color',(#14587),#3504,
  #14431);
#14587 = PRESENTATION_STYLE_ASSIGNMENT((#14588,#14593));
#14588 = SURFACE_STYLE_USAGE(.BOTH.,#14589);
#14589 = SURFACE_SIDE_STYLE('',(#14590));
#14590 = SURFACE_STYLE_FILL_AREA(#14591);
#14591 = FILL_AREA_STYLE('',(#14592));
#14592 = FILL_AREA_STYLE_COLOUR('',#14448);
#14593 = CURVE_STYLE('',#14594,POSITIVE_LENGTH_MEASURE(0.1),#14448);
#14594 = DRAUGHTING_PRE_DEFINED_CURVE_FONT('continuous');
#14595 = OVER_RIDING_STYLED_ITEM('overriding color',(#14596),#3535,
  #14431);
#14596 = PRESENTATION_STYLE_ASSIGNMENT((#14597,#14602));
#14597 = SURFACE_STYLE_USAGE(.BOTH.,#14598);
#14598 = SURFACE_SIDE_STYLE('',(#14599));
#14599 = SURFACE_STYLE_FILL_AREA(#14600);
#14600 = FILL_AREA_STYLE('',(#14601));
#14601 = FILL_AREA_STYLE_COLOUR('',#14448);
#14602 = CURVE_STYLE('',#14603,POSITIVE_LENGTH_MEASURE(0.1),#14448);
#14603 = DRAUGHTING_PRE_DEFINED_CURVE_FONT('continuous');
#14604 = OVER_RIDING_STYLED_ITEM('overriding color',(#14605),#3566,
  #14431);
#14605 = PRESENTATION_STYLE_ASSIGNMENT((#14606,#14611));
#14606 = SURFACE_STYLE_USAGE(.BOTH.,#14607);
#14607 = SURFACE_SIDE_STYLE('',(#14608));
#14608 = SURFACE_STYLE_FILL_AREA(#14609);
#14609 = FILL_AREA_STYLE('',(#14610));
#14610 = FILL_AREA_STYLE_COLOUR('',#14448);
#14611 = CURVE_STYLE('',#14612,POSITIVE_LENGTH_MEASURE(0.1),#14448);
#14612 = DRAUGHTING_PRE_DEFINED_CURVE_FONT('continuous');
#14613 = OVER_RIDING_STYLED_ITEM('overriding color',(#14614),#3597,
  #14431);
#14614 = PRESENTATION_STYLE_ASSIGNMENT((#14615,#14620));
#14615 = SURFACE_STYLE_USAGE(.BOTH.,#14616);
#14616 = SURFACE_SIDE_STYLE('',(#14617));
#14617 = SURFACE_STYLE_FILL_AREA(#14618);
#14618 = FILL_AREA_STYLE('',(#14619));
#14619 = FILL_AREA_STYLE_COLOUR('',#14448);
#14620 = CURVE_STYLE('',#14621,POSITIVE_LENGTH_MEASURE(0.1),#14448);
#14621 = DRAUGHTING_PRE_DEFINED_CURVE_FONT('continuous');
#14622 = OVER_RIDING_STYLED_ITEM('overriding color',(#14623),#3628,
  #14431);
#14623 = PRESENTATION_STYLE_ASSIGNMENT((#14624,#14629));
#14624 = SURFACE_STYLE_USAGE(.BOTH.,#14625);
#14625 = SURFACE_SIDE_STYLE('',(#14626));
#14626 = SURFACE_STYLE_FILL_AREA(#14627);
#14627 = FILL_AREA_STYLE('',(#14628));
#14628 = FILL_AREA_STYLE_COLOUR('',#14448);
#14629 = CURVE_STYLE('',#14630,POSITIVE_LENGTH_MEASURE(0.1),#14448);
#14630 = DRAUGHTING_PRE_DEFINED_CURVE_FONT('continuous');
#14631 = OVER_RIDING_STYLED_ITEM('overriding color',(#14632),#3659,
  #14431);
#14632 = PRESENTATION_STYLE_ASSIGNMENT((#14633,#14638));
#14633 = SURFACE_STYLE_USAGE(.BOTH.,#14634);
#14634 = SURFACE_SIDE_STYLE('',(#14635));
#14635 = SURFACE_STYLE_FILL_AREA(#14636);
#14636 = FILL_AREA_STYLE('',(#14637));
#14637 = FILL_AREA_STYLE_COLOUR('',#14448);
#14638 = CURVE_STYLE('',#14639,POSITIVE_LENGTH_MEASURE(0.1),#14448);
#14639 = DRAUGHTING_PRE_DEFINED_CURVE_FONT('continuous');
#14640 = OVER_RIDING_STYLED_ITEM('overriding color',(#14641),#3690,
  #14431);
#14641 = PRESENTATION_STYLE_ASSIGNMENT((#14642,#14647));
#14642 = SURFACE_STYLE_USAGE(.BOTH.,#14643);
#14643 = SURFACE_SIDE_STYLE('',(#14644));
#14644 = SURFACE_STYLE_FILL_AREA(#14645);
#14645 = FILL_AREA_STYLE('',(#14646));
#14646 = FILL_AREA_STYLE_COLOUR('',#14448);
#14647 = CURVE_STYLE('',#14648,POSITIVE_LENGTH_MEASURE(0.1),#14448);
#14648 = DRAUGHTING_PRE_DEFINED_CURVE_FONT('continuous');
#14649 = OVER_RIDING_STYLED_ITEM('overriding color',(#14650),#3721,
  #14431);
#14650 = PRESENTATION_STYLE_ASSIGNMENT((#14651,#14656));
#14651 = SURFACE_STYLE_USAGE(.BOTH.,#14652);
#14652 = SURFACE_SIDE_STYLE('',(#14653));
#14653 = SURFACE_STYLE_FILL_AREA(#14654);
#14654 = FILL_AREA_STYLE('',(#14655));
#14655 = FILL_AREA_STYLE_COLOUR('',#14448);
#14656 = CURVE_STYLE('',#14657,POSITIVE_LENGTH_MEASURE(0.1),#14448);
#14657 = DRAUGHTING_PRE_DEFINED_CURVE_FONT('continuous');
#14658 = OVER_RIDING_STYLED_ITEM('overriding color',(#14659),#3752,
  #14431);
#14659 = PRESENTATION_STYLE_ASSIGNMENT((#14660,#14665));
#14660 = SURFACE_STYLE_USAGE(.BOTH.,#14661);
#14661 = SURFACE_SIDE_STYLE('',(#14662));
#14662 = SURFACE_STYLE_FILL_AREA(#14663);
#14663 = FILL_AREA_STYLE('',(#14664));
#14664 = FILL_AREA_STYLE_COLOUR('',#14448);
#14665 = CURVE_STYLE('',#14666,POSITIVE_LENGTH_MEASURE(0.1),#14448);
#14666 = DRAUGHTING_PRE_DEFINED_CURVE_FONT('continuous');
#14667 = OVER_RIDING_STYLED_ITEM('overriding color',(#14668),#3783,
  #14431);
#14668 = PRESENTATION_STYLE_ASSIGNMENT((#14669,#14674));
#14669 = SURFACE_STYLE_USAGE(.BOTH.,#14670);
#14670 = SURFACE_SIDE_STYLE('',(#14671));
#14671 = SURFACE_STYLE_FILL_AREA(#14672);
#14672 = FILL_AREA_STYLE('',(#14673));
#14673 = FILL_AREA_STYLE_COLOUR('',#14448);
#14674 = CURVE_STYLE('',#14675,POSITIVE_LENGTH_MEASURE(0.1),#14448);
#14675 = DRAUGHTING_PRE_DEFINED_CURVE_FONT('continuous');
#14676 = OVER_RIDING_STYLED_ITEM('overriding color',(#14677),#3805,
  #14431);
#14677 = PRESENTATION_STYLE_ASSIGNMENT((#14678,#14683));
#14678 = SURFACE_STYLE_USAGE(.BOTH.,#14679);
#14679 = SURFACE_SIDE_STYLE('',(#14680));
#14680 = SURFACE_STYLE_FILL_AREA(#14681);
#14681 = FILL_AREA_STYLE('',(#14682));
#14682 = FILL_AREA_STYLE_COLOUR('',#14448);
#14683 = CURVE_STYLE('',#14684,POSITIVE_LENGTH_MEASURE(0.1),#14448);
#14684 = DRAUGHTING_PRE_DEFINED_CURVE_FONT('continuous');
#14685 = OVER_RIDING_STYLED_ITEM('overriding color',(#14686),#3825,
  #14431);
#14686 = PRESENTATION_STYLE_ASSIGNMENT((#14687,#14692));
#14687 = SURFACE_STYLE_USAGE(.BOTH.,#14688);
#14688 = SURFACE_SIDE_STYLE('',(#14689));
#14689 = SURFACE_STYLE_FILL_AREA(#14690);
#14690 = FILL_AREA_STYLE('',(#14691));
#14691 = FILL_AREA_STYLE_COLOUR('',#14448);
#14692 = CURVE_STYLE('',#14693,POSITIVE_LENGTH_MEASURE(0.1),#14448);
#14693 = DRAUGHTING_PRE_DEFINED_CURVE_FONT('continuous');
#14694 = OVER_RIDING_STYLED_ITEM('overriding color',(#14695),#3856,
  #14431);
#14695 = PRESENTATION_STYLE_ASSIGNMENT((#14696,#14701));
#14696 = SURFACE_STYLE_USAGE(.BOTH.,#14697);
#14697 = SURFACE_SIDE_STYLE('',(#14698));
#14698 = SURFACE_STYLE_FILL_AREA(#14699);
#14699 = FILL_AREA_STYLE('',(#14700));
#14700 = FILL_AREA_STYLE_COLOUR('',#14448);
#14701 = CURVE_STYLE('',#14702,POSITIVE_LENGTH_MEASURE(0.1),#14448);
#14702 = DRAUGHTING_PRE_DEFINED_CURVE_FONT('continuous');
#14703 = OVER_RIDING_STYLED_ITEM('overriding color',(#14704),#3874,
  #14431);
#14704 = PRESENTATION_STYLE_ASSIGNMENT((#14705,#14710));
#14705 = SURFACE_STYLE_USAGE(.BOTH.,#14706);
#14706 = SURFACE_SIDE_STYLE('',(#14707));
#14707 = SURFACE_STYLE_FILL_AREA(#14708);
#14708 = FILL_AREA_STYLE('',(#14709));
#14709 = FILL_AREA_STYLE_COLOUR('',#14448);
#14710 = CURVE_STYLE('',#14711,POSITIVE_LENGTH_MEASURE(0.1),#14448);
#14711 = DRAUGHTING_PRE_DEFINED_CURVE_FONT('continuous');
#14712 = OVER_RIDING_STYLED_ITEM('overriding color',(#14713),#3892,
  #14431);
#14713 = PRESENTATION_STYLE_ASSIGNMENT((#14714,#14719));
#14714 = SURFACE_STYLE_USAGE(.BOTH.,#14715);
#14715 = SURFACE_SIDE_STYLE('',(#14716));
#14716 = SURFACE_STYLE_FILL_AREA(#14717);
#14717 = FILL_AREA_STYLE('',(#14718));
#14718 = FILL_AREA_STYLE_COLOUR('',#14448);
#14719 = CURVE_STYLE('',#14720,POSITIVE_LENGTH_MEASURE(0.1),#14448);
#14720 = DRAUGHTING_PRE_DEFINED_CURVE_FONT('continuous');
#14721 = OVER_RIDING_STYLED_ITEM('overriding color',(#14722),#3910,
  #14431);
#14722 = PRESENTATION_STYLE_ASSIGNMENT((#14723,#14728));
#14723 = SURFACE_STYLE_USAGE(.BOTH.,#14724);
#14724 = SURFACE_SIDE_STYLE('',(#14725));
#14725 = SURFACE_STYLE_FILL_AREA(#14726);
#14726 = FILL_AREA_STYLE('',(#14727));
#14727 = FILL_AREA_STYLE_COLOUR('',#14448);
#14728 = CURVE_STYLE('',#14729,POSITIVE_LENGTH_MEASURE(0.1),#14448);
#14729 = DRAUGHTING_PRE_DEFINED_CURVE_FONT('continuous');
#14730 = OVER_RIDING_STYLED_ITEM('overriding color',(#14731),#3928,
  #14431);
#14731 = PRESENTATION_STYLE_ASSIGNMENT((#14732,#14737));
#14732 = SURFACE_STYLE_USAGE(.BOTH.,#14733);
#14733 = SURFACE_SIDE_STYLE('',(#14734));
#14734 = SURFACE_STYLE_FILL_AREA(#14735);
#14735 = FILL_AREA_STYLE('',(#14736));
#14736 = FILL_AREA_STYLE_COLOUR('',#14448);
#14737 = CURVE_STYLE('',#14738,POSITIVE_LENGTH_MEASURE(0.1),#14448);
#14738 = DRAUGHTING_PRE_DEFINED_CURVE_FONT('continuous');
#14739 = OVER_RIDING_STYLED_ITEM('overriding color',(#14740),#3946,
  #14431);
#14740 = PRESENTATION_STYLE_ASSIGNMENT((#14741,#14746));
#14741 = SURFACE_STYLE_USAGE(.BOTH.,#14742);
#14742 = SURFACE_SIDE_STYLE('',(#14743));
#14743 = SURFACE_STYLE_FILL_AREA(#14744);
#14744 = FILL_AREA_STYLE('',(#14745));
#14745 = FILL_AREA_STYLE_COLOUR('',#14448);
#14746 = CURVE_STYLE('',#14747,POSITIVE_LENGTH_MEASURE(0.1),#14448);
#14747 = DRAUGHTING_PRE_DEFINED_CURVE_FONT('continuous');
#14748 = OVER_RIDING_STYLED_ITEM('overriding color',(#14749),#3971,
  #14431);
#14749 = PRESENTATION_STYLE_ASSIGNMENT((#14750,#14755));
#14750 = SURFACE_STYLE_USAGE(.BOTH.,#14751);
#14751 = SURFACE_SIDE_STYLE('',(#14752));
#14752 = SURFACE_STYLE_FILL_AREA(#14753);
#14753 = FILL_AREA_STYLE('',(#14754));
#14754 = FILL_AREA_STYLE_COLOUR('',#14448);
#14755 = CURVE_STYLE('',#14756,POSITIVE_LENGTH_MEASURE(0.1),#14448);
#14756 = DRAUGHTING_PRE_DEFINED_CURVE_FONT('continuous');
#14757 = OVER_RIDING_STYLED_ITEM('overriding color',(#14758),#3995,
  #14431);
#14758 = PRESENTATION_STYLE_ASSIGNMENT((#14759,#14764));
#14759 = SURFACE_STYLE_USAGE(.BOTH.,#14760);
#14760 = SURFACE_SIDE_STYLE('',(#14761));
#14761 = SURFACE_STYLE_FILL_AREA(#14762);
#14762 = FILL_AREA_STYLE('',(#14763));
#14763 = FILL_AREA_STYLE_COLOUR('',#14448);
#14764 = CURVE_STYLE('',#14765,POSITIVE_LENGTH_MEASURE(0.1),#14448);
#14765 = DRAUGHTING_PRE_DEFINED_CURVE_FONT('continuous');
#14766 = OVER_RIDING_STYLED_ITEM('overriding color',(#14767),#4013,
  #14431);
#14767 = PRESENTATION_STYLE_ASSIGNMENT((#14768,#14773));
#14768 = SURFACE_STYLE_USAGE(.BOTH.,#14769);
#14769 = SURFACE_SIDE_STYLE('',(#14770));
#14770 = SURFACE_STYLE_FILL_AREA(#14771);
#14771 = FILL_AREA_STYLE('',(#14772));
#14772 = FILL_AREA_STYLE_COLOUR('',#14448);
#14773 = CURVE_STYLE('',#14774,POSITIVE_LENGTH_MEASURE(0.1),#14448);
#14774 = DRAUGHTING_PRE_DEFINED_CURVE_FONT('continuous');
#14775 = OVER_RIDING_STYLED_ITEM('overriding color',(#14776),#4031,
  #14431);
#14776 = PRESENTATION_STYLE_ASSIGNMENT((#14777,#14782));
#14777 = SURFACE_STYLE_USAGE(.BOTH.,#14778);
#14778 = SURFACE_SIDE_STYLE('',(#14779));
#14779 = SURFACE_STYLE_FILL_AREA(#14780);
#14780 = FILL_AREA_STYLE('',(#14781));
#14781 = FILL_AREA_STYLE_COLOUR('',#14448);
#14782 = CURVE_STYLE('',#14783,POSITIVE_LENGTH_MEASURE(0.1),#14448);
#14783 = DRAUGHTING_PRE_DEFINED_CURVE_FONT('continuous');
#14784 = OVER_RIDING_STYLED_ITEM('overriding color',(#14785),#4049,
  #14431);
#14785 = PRESENTATION_STYLE_ASSIGNMENT((#14786,#14791));
#14786 = SURFACE_STYLE_USAGE(.BOTH.,#14787);
#14787 = SURFACE_SIDE_STYLE('',(#14788));
#14788 = SURFACE_STYLE_FILL_AREA(#14789);
#14789 = FILL_AREA_STYLE('',(#14790));
#14790 = FILL_AREA_STYLE_COLOUR('',#14448);
#14791 = CURVE_STYLE('',#14792,POSITIVE_LENGTH_MEASURE(0.1),#14448);
#14792 = DRAUGHTING_PRE_DEFINED_CURVE_FONT('continuous');
#14793 = OVER_RIDING_STYLED_ITEM('overriding color',(#14794),#4067,
  #14431);
#14794 = PRESENTATION_STYLE_ASSIGNMENT((#14795,#14800));
#14795 = SURFACE_STYLE_USAGE(.BOTH.,#14796);
#14796 = SURFACE_SIDE_STYLE('',(#14797));
#14797 = SURFACE_STYLE_FILL_AREA(#14798);
#14798 = FILL_AREA_STYLE('',(#14799));
#14799 = FILL_AREA_STYLE_COLOUR('',#14448);
#14800 = CURVE_STYLE('',#14801,POSITIVE_LENGTH_MEASURE(0.1),#14448);
#14801 = DRAUGHTING_PRE_DEFINED_CURVE_FONT('continuous');
#14802 = OVER_RIDING_STYLED_ITEM('overriding color',(#14803),#4085,
  #14431);
#14803 = PRESENTATION_STYLE_ASSIGNMENT((#14804,#14809));
#14804 = SURFACE_STYLE_USAGE(.BOTH.,#14805);
#14805 = SURFACE_SIDE_STYLE('',(#14806));
#14806 = SURFACE_STYLE_FILL_AREA(#14807);
#14807 = FILL_AREA_STYLE('',(#14808));
#14808 = FILL_AREA_STYLE_COLOUR('',#14448);
#14809 = CURVE_STYLE('',#14810,POSITIVE_LENGTH_MEASURE(0.1),#14448);
#14810 = DRAUGHTING_PRE_DEFINED_CURVE_FONT('continuous');
#14811 = OVER_RIDING_STYLED_ITEM('overriding color',(#14812),#4103,
  #14431);
#14812 = PRESENTATION_STYLE_ASSIGNMENT((#14813,#14818));
#14813 = SURFACE_STYLE_USAGE(.BOTH.,#14814);
#14814 = SURFACE_SIDE_STYLE('',(#14815));
#14815 = SURFACE_STYLE_FILL_AREA(#14816);
#14816 = FILL_AREA_STYLE('',(#14817));
#14817 = FILL_AREA_STYLE_COLOUR('',#14448);
#14818 = CURVE_STYLE('',#14819,POSITIVE_LENGTH_MEASURE(0.1),#14448);
#14819 = DRAUGHTING_PRE_DEFINED_CURVE_FONT('continuous');
#14820 = OVER_RIDING_STYLED_ITEM('overriding color',(#14821),#4121,
  #14431);
#14821 = PRESENTATION_STYLE_ASSIGNMENT((#14822,#14827));
#14822 = SURFACE_STYLE_USAGE(.BOTH.,#14823);
#14823 = SURFACE_SIDE_STYLE('',(#14824));
#14824 = SURFACE_STYLE_FILL_AREA(#14825);
#14825 = FILL_AREA_STYLE('',(#14826));
#14826 = FILL_AREA_STYLE_COLOUR('',#14448);
#14827 = CURVE_STYLE('',#14828,POSITIVE_LENGTH_MEASURE(0.1),#14448);
#14828 = DRAUGHTING_PRE_DEFINED_CURVE_FONT('continuous');
#14829 = OVER_RIDING_STYLED_ITEM('overriding color',(#14830),#4139,
  #14431);
#14830 = PRESENTATION_STYLE_ASSIGNMENT((#14831,#14836));
#14831 = SURFACE_STYLE_USAGE(.BOTH.,#14832);
#14832 = SURFACE_SIDE_STYLE('',(#14833));
#14833 = SURFACE_STYLE_FILL_AREA(#14834);
#14834 = FILL_AREA_STYLE('',(#14835));
#14835 = FILL_AREA_STYLE_COLOUR('',#14448);
#14836 = CURVE_STYLE('',#14837,POSITIVE_LENGTH_MEASURE(0.1),#14448);
#14837 = DRAUGHTING_PRE_DEFINED_CURVE_FONT('continuous');
#14838 = OVER_RIDING_STYLED_ITEM('overriding color',(#14839),#4157,
  #14431);
#14839 = PRESENTATION_STYLE_ASSIGNMENT((#14840,#14845));
#14840 = SURFACE_STYLE_USAGE(.BOTH.,#14841);
#14841 = SURFACE_SIDE_STYLE('',(#14842));
#14842 = SURFACE_STYLE_FILL_AREA(#14843);
#14843 = FILL_AREA_STYLE('',(#14844));
#14844 = FILL_AREA_STYLE_COLOUR('',#14448);
#14845 = CURVE_STYLE('',#14846,POSITIVE_LENGTH_MEASURE(0.1),#14448);
#14846 = DRAUGHTING_PRE_DEFINED_CURVE_FONT('continuous');
#14847 = OVER_RIDING_STYLED_ITEM('overriding color',(#14848),#4175,
  #14431);
#14848 = PRESENTATION_STYLE_ASSIGNMENT((#14849,#14854));
#14849 = SURFACE_STYLE_USAGE(.BOTH.,#14850);
#14850 = SURFACE_SIDE_STYLE('',(#14851));
#14851 = SURFACE_STYLE_FILL_AREA(#14852);
#14852 = FILL_AREA_STYLE('',(#14853));
#14853 = FILL_AREA_STYLE_COLOUR('',#14448);
#14854 = CURVE_STYLE('',#14855,POSITIVE_LENGTH_MEASURE(0.1),#14448);
#14855 = DRAUGHTING_PRE_DEFINED_CURVE_FONT('continuous');
#14856 = OVER_RIDING_STYLED_ITEM('overriding color',(#14857),#4187,
  #14431);
#14857 = PRESENTATION_STYLE_ASSIGNMENT((#14858,#14863));
#14858 = SURFACE_STYLE_USAGE(.BOTH.,#14859);
#14859 = SURFACE_SIDE_STYLE('',(#14860));
#14860 = SURFACE_STYLE_FILL_AREA(#14861);
#14861 = FILL_AREA_STYLE('',(#14862));
#14862 = FILL_AREA_STYLE_COLOUR('',#14448);
#14863 = CURVE_STYLE('',#14864,POSITIVE_LENGTH_MEASURE(0.1),#14448);
#14864 = DRAUGHTING_PRE_DEFINED_CURVE_FONT('continuous');
#14865 = OVER_RIDING_STYLED_ITEM('overriding color',(#14866),#4218,
  #14431);
#14866 = PRESENTATION_STYLE_ASSIGNMENT((#14867,#14872));
#14867 = SURFACE_STYLE_USAGE(.BOTH.,#14868);
#14868 = SURFACE_SIDE_STYLE('',(#14869));
#14869 = SURFACE_STYLE_FILL_AREA(#14870);
#14870 = FILL_AREA_STYLE('',(#14871));
#14871 = FILL_AREA_STYLE_COLOUR('',#14448);
#14872 = CURVE_STYLE('',#14873,POSITIVE_LENGTH_MEASURE(0.1),#14448);
#14873 = DRAUGHTING_PRE_DEFINED_CURVE_FONT('continuous');
#14874 = OVER_RIDING_STYLED_ITEM('overriding color',(#14875),#4236,
  #14431);
#14875 = PRESENTATION_STYLE_ASSIGNMENT((#14876,#14881));
#14876 = SURFACE_STYLE_USAGE(.BOTH.,#14877);
#14877 = SURFACE_SIDE_STYLE('',(#14878));
#14878 = SURFACE_STYLE_FILL_AREA(#14879);
#14879 = FILL_AREA_STYLE('',(#14880));
#14880 = FILL_AREA_STYLE_COLOUR('',#14448);
#14881 = CURVE_STYLE('',#14882,POSITIVE_LENGTH_MEASURE(0.1),#14448);
#14882 = DRAUGHTING_PRE_DEFINED_CURVE_FONT('continuous');
#14883 = OVER_RIDING_STYLED_ITEM('overriding color',(#14884),#4254,
  #14431);
#14884 = PRESENTATION_STYLE_ASSIGNMENT((#14885,#14890));
#14885 = SURFACE_STYLE_USAGE(.BOTH.,#14886);
#14886 = SURFACE_SIDE_STYLE('',(#14887));
#14887 = SURFACE_STYLE_FILL_AREA(#14888);
#14888 = FILL_AREA_STYLE('',(#14889));
#14889 = FILL_AREA_STYLE_COLOUR('',#14448);
#14890 = CURVE_STYLE('',#14891,POSITIVE_LENGTH_MEASURE(0.1),#14448);
#14891 = DRAUGHTING_PRE_DEFINED_CURVE_FONT('continuous');
#14892 = OVER_RIDING_STYLED_ITEM('overriding color',(#14893),#4272,
  #14431);
#14893 = PRESENTATION_STYLE_ASSIGNMENT((#14894,#14899));
#14894 = SURFACE_STYLE_USAGE(.BOTH.,#14895);
#14895 = SURFACE_SIDE_STYLE('',(#14896));
#14896 = SURFACE_STYLE_FILL_AREA(#14897);
#14897 = FILL_AREA_STYLE('',(#14898));
#14898 = FILL_AREA_STYLE_COLOUR('',#14448);
#14899 = CURVE_STYLE('',#14900,POSITIVE_LENGTH_MEASURE(0.1),#14448);
#14900 = DRAUGHTING_PRE_DEFINED_CURVE_FONT('continuous');
#14901 = OVER_RIDING_STYLED_ITEM('overriding color',(#14902),#4290,
  #14431);
#14902 = PRESENTATION_STYLE_ASSIGNMENT((#14903,#14908));
#14903 = SURFACE_STYLE_USAGE(.BOTH.,#14904);
#14904 = SURFACE_SIDE_STYLE('',(#14905));
#14905 = SURFACE_STYLE_FILL_AREA(#14906);
#14906 = FILL_AREA_STYLE('',(#14907));
#14907 = FILL_AREA_STYLE_COLOUR('',#14448);
#14908 = CURVE_STYLE('',#14909,POSITIVE_LENGTH_MEASURE(0.1),#14448);
#14909 = DRAUGHTING_PRE_DEFINED_CURVE_FONT('continuous');
#14910 = OVER_RIDING_STYLED_ITEM('overriding color',(#14911),#4321,
  #14431);
#14911 = PRESENTATION_STYLE_ASSIGNMENT((#14912,#14917));
#14912 = SURFACE_STYLE_USAGE(.BOTH.,#14913);
#14913 = SURFACE_SIDE_STYLE('',(#14914));
#14914 = SURFACE_STYLE_FILL_AREA(#14915);
#14915 = FILL_AREA_STYLE('',(#14916));
#14916 = FILL_AREA_STYLE_COLOUR('',#14448);
#14917 = CURVE_STYLE('',#14918,POSITIVE_LENGTH_MEASURE(0.1),#14448);
#14918 = DRAUGHTING_PRE_DEFINED_CURVE_FONT('continuous');
#14919 = OVER_RIDING_STYLED_ITEM('overriding color',(#14920),#4333,
  #14431);
#14920 = PRESENTATION_STYLE_ASSIGNMENT((#14921,#14926));
#14921 = SURFACE_STYLE_USAGE(.BOTH.,#14922);
#14922 = SURFACE_SIDE_STYLE('',(#14923));
#14923 = SURFACE_STYLE_FILL_AREA(#14924);
#14924 = FILL_AREA_STYLE('',(#14925));
#14925 = FILL_AREA_STYLE_COLOUR('',#14448);
#14926 = CURVE_STYLE('',#14927,POSITIVE_LENGTH_MEASURE(0.1),#14448);
#14927 = DRAUGHTING_PRE_DEFINED_CURVE_FONT('continuous');
#14928 = OVER_RIDING_STYLED_ITEM('overriding color',(#14929),#4357,
  #14431);
#14929 = PRESENTATION_STYLE_ASSIGNMENT((#14930,#14935));
#14930 = SURFACE_STYLE_USAGE(.BOTH.,#14931);
#14931 = SURFACE_SIDE_STYLE('',(#14932));
#14932 = SURFACE_STYLE_FILL_AREA(#14933);
#14933 = FILL_AREA_STYLE('',(#14934));
#14934 = FILL_AREA_STYLE_COLOUR('',#14448);
#14935 = CURVE_STYLE('',#14936,POSITIVE_LENGTH_MEASURE(0.1),#14448);
#14936 = DRAUGHTING_PRE_DEFINED_CURVE_FONT('continuous');
#14937 = OVER_RIDING_STYLED_ITEM('overriding color',(#14938),#4375,
  #14431);
#14938 = PRESENTATION_STYLE_ASSIGNMENT((#14939,#14944));
#14939 = SURFACE_STYLE_USAGE(.BOTH.,#14940);
#14940 = SURFACE_SIDE_STYLE('',(#14941));
#14941 = SURFACE_STYLE_FILL_AREA(#14942);
#14942 = FILL_AREA_STYLE('',(#14943));
#14943 = FILL_AREA_STYLE_COLOUR('',#14448);
#14944 = CURVE_STYLE('',#14945,POSITIVE_LENGTH_MEASURE(0.1),#14448);
#14945 = DRAUGHTING_PRE_DEFINED_CURVE_FONT('continuous');
#14946 = OVER_RIDING_STYLED_ITEM('overriding color',(#14947),#4393,
  #14431);
#14947 = PRESENTATION_STYLE_ASSIGNMENT((#14948,#14953));
#14948 = SURFACE_STYLE_USAGE(.BOTH.,#14949);
#14949 = SURFACE_SIDE_STYLE('',(#14950));
#14950 = SURFACE_STYLE_FILL_AREA(#14951);
#14951 = FILL_AREA_STYLE('',(#14952));
#14952 = FILL_AREA_STYLE_COLOUR('',#14448);
#14953 = CURVE_STYLE('',#14954,POSITIVE_LENGTH_MEASURE(0.1),#14448);
#14954 = DRAUGHTING_PRE_DEFINED_CURVE_FONT('continuous');
#14955 = OVER_RIDING_STYLED_ITEM('overriding color',(#14956),#4411,
  #14431);
#14956 = PRESENTATION_STYLE_ASSIGNMENT((#14957,#14962));
#14957 = SURFACE_STYLE_USAGE(.BOTH.,#14958);
#14958 = SURFACE_SIDE_STYLE('',(#14959));
#14959 = SURFACE_STYLE_FILL_AREA(#14960);
#14960 = FILL_AREA_STYLE('',(#14961));
#14961 = FILL_AREA_STYLE_COLOUR('',#14448);
#14962 = CURVE_STYLE('',#14963,POSITIVE_LENGTH_MEASURE(0.1),#14448);
#14963 = DRAUGHTING_PRE_DEFINED_CURVE_FONT('continuous');
#14964 = OVER_RIDING_STYLED_ITEM('overriding color',(#14965),#4429,
  #14431);
#14965 = PRESENTATION_STYLE_ASSIGNMENT((#14966,#14971));
#14966 = SURFACE_STYLE_USAGE(.BOTH.,#14967);
#14967 = SURFACE_SIDE_STYLE('',(#14968));
#14968 = SURFACE_STYLE_FILL_AREA(#14969);
#14969 = FILL_AREA_STYLE('',(#14970));
#14970 = FILL_AREA_STYLE_COLOUR('',#14448);
#14971 = CURVE_STYLE('',#14972,POSITIVE_LENGTH_MEASURE(0.1),#14448);
#14972 = DRAUGHTING_PRE_DEFINED_CURVE_FONT('continuous');
#14973 = OVER_RIDING_STYLED_ITEM('overriding color',(#14974),#4447,
  #14431);
#14974 = PRESENTATION_STYLE_ASSIGNMENT((#14975,#14980));
#14975 = SURFACE_STYLE_USAGE(.BOTH.,#14976);
#14976 = SURFACE_SIDE_STYLE('',(#14977));
#14977 = SURFACE_STYLE_FILL_AREA(#14978);
#14978 = FILL_AREA_STYLE('',(#14979));
#14979 = FILL_AREA_STYLE_COLOUR('',#14448);
#14980 = CURVE_STYLE('',#14981,POSITIVE_LENGTH_MEASURE(0.1),#14448);
#14981 = DRAUGHTING_PRE_DEFINED_CURVE_FONT('continuous');
#14982 = OVER_RIDING_STYLED_ITEM('overriding color',(#14983),#4465,
  #14431);
#14983 = PRESENTATION_STYLE_ASSIGNMENT((#14984,#14989));
#14984 = SURFACE_STYLE_USAGE(.BOTH.,#14985);
#14985 = SURFACE_SIDE_STYLE('',(#14986));
#14986 = SURFACE_STYLE_FILL_AREA(#14987);
#14987 = FILL_AREA_STYLE('',(#14988));
#14988 = FILL_AREA_STYLE_COLOUR('',#14448);
#14989 = CURVE_STYLE('',#14990,POSITIVE_LENGTH_MEASURE(0.1),#14448);
#14990 = DRAUGHTING_PRE_DEFINED_CURVE_FONT('continuous');
#14991 = OVER_RIDING_STYLED_ITEM('overriding color',(#14992),#2731,
  #14431);
#14992 = PRESENTATION_STYLE_BY_CONTEXT((#14993,#14999),#14348);
#14993 = SURFACE_STYLE_USAGE(.BOTH.,#14994);
#14994 = SURFACE_SIDE_STYLE('',(#14995));
#14995 = SURFACE_STYLE_FILL_AREA(#14996);
#14996 = FILL_AREA_STYLE('',(#14997));
#14997 = FILL_AREA_STYLE_COLOUR('',#14998);
#14998 = COLOUR_RGB('',0.7907306757,0.818290320931,0.933289676031);
#14999 = CURVE_STYLE('',#15000,POSITIVE_LENGTH_MEASURE(0.1),#14998);
#15000 = DRAUGHTING_PRE_DEFINED_CURVE_FONT('continuous');
#15001 = MECHANICAL_DESIGN_GEOMETRIC_PRESENTATION_REPRESENTATION('',(
    #15002),#2712);
#15002 = STYLED_ITEM('color',(#15003),#2731);
#15003 = PRESENTATION_STYLE_BY_CONTEXT((#15004,#15010),#14354);
#15004 = SURFACE_STYLE_USAGE(.BOTH.,#15005);
#15005 = SURFACE_SIDE_STYLE('',(#15006));
#15006 = SURFACE_STYLE_FILL_AREA(#15007);
#15007 = FILL_AREA_STYLE('',(#15008));
#15008 = FILL_AREA_STYLE_COLOUR('',#15009);
#15009 = COLOUR_RGB('',0.7907306757,0.818290320931,0.933289676031);
#15010 = CURVE_STYLE('',#15011,POSITIVE_LENGTH_MEASURE(0.1),#15009);
#15011 = DRAUGHTING_PRE_DEFINED_CURVE_FONT('continuous');
#15012 = MECHANICAL_DESIGN_GEOMETRIC_PRESENTATION_REPRESENTATION('',(
    #15013),#6528);
#15013 = STYLED_ITEM('color',(#15014),#6378);
#15014 = PRESENTATION_STYLE_ASSIGNMENT((#15015,#15021));
#15015 = SURFACE_STYLE_USAGE(.BOTH.,#15016);
#15016 = SURFACE_SIDE_STYLE('',(#15017));
#15017 = SURFACE_STYLE_FILL_AREA(#15018);
#15018 = FILL_AREA_STYLE('',(#15019));
#15019 = FILL_AREA_STYLE_COLOUR('',#15020);
#15020 = DRAUGHTING_PRE_DEFINED_COLOUR('white');
#15021 = CURVE_STYLE('',#15022,POSITIVE_LENGTH_MEASURE(0.1),#15020);
#15022 = DRAUGHTING_PRE_DEFINED_CURVE_FONT('continuous');
#15023 = MECHANICAL_DESIGN_GEOMETRIC_PRESENTATION_REPRESENTATION('',(
    #15024,#15034,#15044,#15053,#15062,#15071,#15080,#15089,#15098,
    #15107,#15116,#15125,#15134,#15143,#15152,#15161,#15170,#15179,
    #15188,#15197,#15207,#15217),#6147);
#15024 = STYLED_ITEM('color',(#15025),#5693);
#15025 = PRESENTATION_STYLE_ASSIGNMENT((#15026,#15032));
#15026 = SURFACE_STYLE_USAGE(.BOTH.,#15027);
#15027 = SURFACE_SIDE_STYLE('',(#15028));
#15028 = SURFACE_STYLE_FILL_AREA(#15029);
#15029 = FILL_AREA_STYLE('',(#15030));
#15030 = FILL_AREA_STYLE_COLOUR('',#15031);
#15031 = COLOUR_RGB('',0.87827161077,0.778868164405,0.728862503254);
#15032 = CURVE_STYLE('',#15033,POSITIVE_LENGTH_MEASURE(0.1),#15031);
#15033 = DRAUGHTING_PRE_DEFINED_CURVE_FONT('continuous');
#15034 = OVER_RIDING_STYLED_ITEM('overriding color',(#15035),#5695,
  #15024);
#15035 = PRESENTATION_STYLE_ASSIGNMENT((#15036,#15042));
#15036 = SURFACE_STYLE_USAGE(.BOTH.,#15037);
#15037 = SURFACE_SIDE_STYLE('',(#15038));
#15038 = SURFACE_STYLE_FILL_AREA(#15039);
#15039 = FILL_AREA_STYLE('',(#15040));
#15040 = FILL_AREA_STYLE_COLOUR('',#15041);
#15041 = COLOUR_RGB('',0.800055605694,0.800055605694,0.800055605694);
#15042 = CURVE_STYLE('',#15043,POSITIVE_LENGTH_MEASURE(0.1),#15041);
#15043 = DRAUGHTING_PRE_DEFINED_CURVE_FONT('continuous');
#15044 = OVER_RIDING_STYLED_ITEM('overriding color',(#15045),#5735,
  #15024);
#15045 = PRESENTATION_STYLE_ASSIGNMENT((#15046,#15051));
#15046 = SURFACE_STYLE_USAGE(.BOTH.,#15047);
#15047 = SURFACE_SIDE_STYLE('',(#15048));
#15048 = SURFACE_STYLE_FILL_AREA(#15049);
#15049 = FILL_AREA_STYLE('',(#15050));
#15050 = FILL_AREA_STYLE_COLOUR('',#15041);
#15051 = CURVE_STYLE('',#15052,POSITIVE_LENGTH_MEASURE(0.1),#15041);
#15052 = DRAUGHTING_PRE_DEFINED_CURVE_FONT('continuous');
#15053 = OVER_RIDING_STYLED_ITEM('overriding color',(#15054),#5775,
  #15024);
#15054 = PRESENTATION_STYLE_ASSIGNMENT((#15055,#15060));
#15055 = SURFACE_STYLE_USAGE(.BOTH.,#15056);
#15056 = SURFACE_SIDE_STYLE('',(#15057));
#15057 = SURFACE_STYLE_FILL_AREA(#15058);
#15058 = FILL_AREA_STYLE('',(#15059));
#15059 = FILL_AREA_STYLE_COLOUR('',#15041);
#15060 = CURVE_STYLE('',#15061,POSITIVE_LENGTH_MEASURE(0.1),#15041);
#15061 = DRAUGHTING_PRE_DEFINED_CURVE_FONT('continuous');
#15062 = OVER_RIDING_STYLED_ITEM('overriding color',(#15063),#5842,
  #15024);
#15063 = PRESENTATION_STYLE_ASSIGNMENT((#15064,#15069));
#15064 = SURFACE_STYLE_USAGE(.BOTH.,#15065);
#15065 = SURFACE_SIDE_STYLE('',(#15066));
#15066 = SURFACE_STYLE_FILL_AREA(#15067);
#15067 = FILL_AREA_STYLE('',(#15068));
#15068 = FILL_AREA_STYLE_COLOUR('',#15041);
#15069 = CURVE_STYLE('',#15070,POSITIVE_LENGTH_MEASURE(0.1),#15041);
#15070 = DRAUGHTING_PRE_DEFINED_CURVE_FONT('continuous');
#15071 = OVER_RIDING_STYLED_ITEM('overriding color',(#15072),#5875,
  #15024);
#15072 = PRESENTATION_STYLE_ASSIGNMENT((#15073,#15078));
#15073 = SURFACE_STYLE_USAGE(.BOTH.,#15074);
#15074 = SURFACE_SIDE_STYLE('',(#15075));
#15075 = SURFACE_STYLE_FILL_AREA(#15076);
#15076 = FILL_AREA_STYLE('',(#15077));
#15077 = FILL_AREA_STYLE_COLOUR('',#15041);
#15078 = CURVE_STYLE('',#15079,POSITIVE_LENGTH_MEASURE(0.1),#15041);
#15079 = DRAUGHTING_PRE_DEFINED_CURVE_FONT('continuous');
#15080 = OVER_RIDING_STYLED_ITEM('overriding color',(#15081),#5900,
  #15024);
#15081 = PRESENTATION_STYLE_ASSIGNMENT((#15082,#15087));
#15082 = SURFACE_STYLE_USAGE(.BOTH.,#15083);
#15083 = SURFACE_SIDE_STYLE('',(#15084));
#15084 = SURFACE_STYLE_FILL_AREA(#15085);
#15085 = FILL_AREA_STYLE('',(#15086));
#15086 = FILL_AREA_STYLE_COLOUR('',#15041);
#15087 = CURVE_STYLE('',#15088,POSITIVE_LENGTH_MEASURE(0.1),#15041);
#15088 = DRAUGHTING_PRE_DEFINED_CURVE_FONT('continuous');
#15089 = OVER_RIDING_STYLED_ITEM('overriding color',(#15090),#5923,
  #15024);
#15090 = PRESENTATION_STYLE_ASSIGNMENT((#15091,#15096));
#15091 = SURFACE_STYLE_USAGE(.BOTH.,#15092);
#15092 = SURFACE_SIDE_STYLE('',(#15093));
#15093 = SURFACE_STYLE_FILL_AREA(#15094);
#15094 = FILL_AREA_STYLE('',(#15095));
#15095 = FILL_AREA_STYLE_COLOUR('',#15041);
#15096 = CURVE_STYLE('',#15097,POSITIVE_LENGTH_MEASURE(0.1),#15041);
#15097 = DRAUGHTING_PRE_DEFINED_CURVE_FONT('continuous');
#15098 = OVER_RIDING_STYLED_ITEM('overriding color',(#15099),#5945,
  #15024);
#15099 = PRESENTATION_STYLE_ASSIGNMENT((#15100,#15105));
#15100 = SURFACE_STYLE_USAGE(.BOTH.,#15101);
#15101 = SURFACE_SIDE_STYLE('',(#15102));
#15102 = SURFACE_STYLE_FILL_AREA(#15103);
#15103 = FILL_AREA_STYLE('',(#15104));
#15104 = FILL_AREA_STYLE_COLOUR('',#15041);
#15105 = CURVE_STYLE('',#15106,POSITIVE_LENGTH_MEASURE(0.1),#15041);
#15106 = DRAUGHTING_PRE_DEFINED_CURVE_FONT('continuous');
#15107 = OVER_RIDING_STYLED_ITEM('overriding color',(#15108),#5970,
  #15024);
#15108 = PRESENTATION_STYLE_ASSIGNMENT((#15109,#15114));
#15109 = SURFACE_STYLE_USAGE(.BOTH.,#15110);
#15110 = SURFACE_SIDE_STYLE('',(#15111));
#15111 = SURFACE_STYLE_FILL_AREA(#15112);
#15112 = FILL_AREA_STYLE('',(#15113));
#15113 = FILL_AREA_STYLE_COLOUR('',#15041);
#15114 = CURVE_STYLE('',#15115,POSITIVE_LENGTH_MEASURE(0.1),#15041);
#15115 = DRAUGHTING_PRE_DEFINED_CURVE_FONT('continuous');
#15116 = OVER_RIDING_STYLED_ITEM('overriding color',(#15117),#5988,
  #15024);
#15117 = PRESENTATION_STYLE_ASSIGNMENT((#15118,#15123));
#15118 = SURFACE_STYLE_USAGE(.BOTH.,#15119);
#15119 = SURFACE_SIDE_STYLE('',(#15120));
#15120 = SURFACE_STYLE_FILL_AREA(#15121);
#15121 = FILL_AREA_STYLE('',(#15122));
#15122 = FILL_AREA_STYLE_COLOUR('',#15041);
#15123 = CURVE_STYLE('',#15124,POSITIVE_LENGTH_MEASURE(0.1),#15041);
#15124 = DRAUGHTING_PRE_DEFINED_CURVE_FONT('continuous');
#15125 = OVER_RIDING_STYLED_ITEM('overriding color',(#15126),#6005,
  #15024);
#15126 = PRESENTATION_STYLE_ASSIGNMENT((#15127,#15132));
#15127 = SURFACE_STYLE_USAGE(.BOTH.,#15128);
#15128 = SURFACE_SIDE_STYLE('',(#15129));
#15129 = SURFACE_STYLE_FILL_AREA(#15130);
#15130 = FILL_AREA_STYLE('',(#15131));
#15131 = FILL_AREA_STYLE_COLOUR('',#15041);
#15132 = CURVE_STYLE('',#15133,POSITIVE_LENGTH_MEASURE(0.1),#15041);
#15133 = DRAUGHTING_PRE_DEFINED_CURVE_FONT('continuous');
#15134 = OVER_RIDING_STYLED_ITEM('overriding color',(#15135),#6030,
  #15024);
#15135 = PRESENTATION_STYLE_ASSIGNMENT((#15136,#15141));
#15136 = SURFACE_STYLE_USAGE(.BOTH.,#15137);
#15137 = SURFACE_SIDE_STYLE('',(#15138));
#15138 = SURFACE_STYLE_FILL_AREA(#15139);
#15139 = FILL_AREA_STYLE('',(#15140));
#15140 = FILL_AREA_STYLE_COLOUR('',#15041);
#15141 = CURVE_STYLE('',#15142,POSITIVE_LENGTH_MEASURE(0.1),#15041);
#15142 = DRAUGHTING_PRE_DEFINED_CURVE_FONT('continuous');
#15143 = OVER_RIDING_STYLED_ITEM('overriding color',(#15144),#6055,
  #15024);
#15144 = PRESENTATION_STYLE_ASSIGNMENT((#15145,#15150));
#15145 = SURFACE_STYLE_USAGE(.BOTH.,#15146);
#15146 = SURFACE_SIDE_STYLE('',(#15147));
#15147 = SURFACE_STYLE_FILL_AREA(#15148);
#15148 = FILL_AREA_STYLE('',(#15149));
#15149 = FILL_AREA_STYLE_COLOUR('',#15041);
#15150 = CURVE_STYLE('',#15151,POSITIVE_LENGTH_MEASURE(0.1),#15041);
#15151 = DRAUGHTING_PRE_DEFINED_CURVE_FONT('continuous');
#15152 = OVER_RIDING_STYLED_ITEM('overriding color',(#15153),#6077,
  #15024);
#15153 = PRESENTATION_STYLE_ASSIGNMENT((#15154,#15159));
#15154 = SURFACE_STYLE_USAGE(.BOTH.,#15155);
#15155 = SURFACE_SIDE_STYLE('',(#15156));
#15156 = SURFACE_STYLE_FILL_AREA(#15157);
#15157 = FILL_AREA_STYLE('',(#15158));
#15158 = FILL_AREA_STYLE_COLOUR('',#15041);
#15159 = CURVE_STYLE('',#15160,POSITIVE_LENGTH_MEASURE(0.1),#15041);
#15160 = DRAUGHTING_PRE_DEFINED_CURVE_FONT('continuous');
#15161 = OVER_RIDING_STYLED_ITEM('overriding color',(#15162),#6094,
  #15024);
#15162 = PRESENTATION_STYLE_ASSIGNMENT((#15163,#15168));
#15163 = SURFACE_STYLE_USAGE(.BOTH.,#15164);
#15164 = SURFACE_SIDE_STYLE('',(#15165));
#15165 = SURFACE_STYLE_FILL_AREA(#15166);
#15166 = FILL_AREA_STYLE('',(#15167));
#15167 = FILL_AREA_STYLE_COLOUR('',#15041);
#15168 = CURVE_STYLE('',#15169,POSITIVE_LENGTH_MEASURE(0.1),#15041);
#15169 = DRAUGHTING_PRE_DEFINED_CURVE_FONT('continuous');
#15170 = OVER_RIDING_STYLED_ITEM('overriding color',(#15171),#6111,
  #15024);
#15171 = PRESENTATION_STYLE_ASSIGNMENT((#15172,#15177));
#15172 = SURFACE_STYLE_USAGE(.BOTH.,#15173);
#15173 = SURFACE_SIDE_STYLE('',(#15174));
#15174 = SURFACE_STYLE_FILL_AREA(#15175);
#15175 = FILL_AREA_STYLE('',(#15176));
#15176 = FILL_AREA_STYLE_COLOUR('',#15041);
#15177 = CURVE_STYLE('',#15178,POSITIVE_LENGTH_MEASURE(0.1),#15041);
#15178 = DRAUGHTING_PRE_DEFINED_CURVE_FONT('continuous');
#15179 = OVER_RIDING_STYLED_ITEM('overriding color',(#15180),#6123,
  #15024);
#15180 = PRESENTATION_STYLE_ASSIGNMENT((#15181,#15186));
#15181 = SURFACE_STYLE_USAGE(.BOTH.,#15182);
#15182 = SURFACE_SIDE_STYLE('',(#15183));
#15183 = SURFACE_STYLE_FILL_AREA(#15184);
#15184 = FILL_AREA_STYLE('',(#15185));
#15185 = FILL_AREA_STYLE_COLOUR('',#15041);
#15186 = CURVE_STYLE('',#15187,POSITIVE_LENGTH_MEASURE(0.1),#15041);
#15187 = DRAUGHTING_PRE_DEFINED_CURVE_FONT('continuous');
#15188 = OVER_RIDING_STYLED_ITEM('overriding color',(#15189),#6135,
  #15024);
#15189 = PRESENTATION_STYLE_ASSIGNMENT((#15190,#15195));
#15190 = SURFACE_STYLE_USAGE(.BOTH.,#15191);
#15191 = SURFACE_SIDE_STYLE('',(#15192));
#15192 = SURFACE_STYLE_FILL_AREA(#15193);
#15193 = FILL_AREA_STYLE('',(#15194));
#15194 = FILL_AREA_STYLE_COLOUR('',#15041);
#15195 = CURVE_STYLE('',#15196,POSITIVE_LENGTH_MEASURE(0.1),#15041);
#15196 = DRAUGHTING_PRE_DEFINED_CURVE_FONT('continuous');
#15197 = OVER_RIDING_STYLED_ITEM('overriding color',(#15198),#5693,
  #15024);
#15198 = PRESENTATION_STYLE_BY_CONTEXT((#15199,#15205),#14362);
#15199 = SURFACE_STYLE_USAGE(.BOTH.,#15200);
#15200 = SURFACE_SIDE_STYLE('',(#15201));
#15201 = SURFACE_STYLE_FILL_AREA(#15202);
#15202 = FILL_AREA_STYLE('',(#15203));
#15203 = FILL_AREA_STYLE_COLOUR('',#15204);
#15204 = COLOUR_RGB('',0.87827161077,0.778868164405,0.728862503254);
#15205 = CURVE_STYLE('',#15206,POSITIVE_LENGTH_MEASURE(0.1),#15204);
#15206 = DRAUGHTING_PRE_DEFINED_CURVE_FONT('continuous');
#15207 = OVER_RIDING_STYLED_ITEM('overriding color',(#15208),#5693,
  #15024);
#15208 = PRESENTATION_STYLE_BY_CONTEXT((#15209,#15215),#14372);
#15209 = SURFACE_STYLE_USAGE(.BOTH.,#15210);
#15210 = SURFACE_SIDE_STYLE('',(#15211));
#15211 = SURFACE_STYLE_FILL_AREA(#15212);
#15212 = FILL_AREA_STYLE('',(#15213));
#15213 = FILL_AREA_STYLE_COLOUR('',#15214);
#15214 = COLOUR_RGB('',0.87827161077,0.778868164405,0.728862503254);
#15215 = CURVE_STYLE('',#15216,POSITIVE_LENGTH_MEASURE(0.1),#15214);
#15216 = DRAUGHTING_PRE_DEFINED_CURVE_FONT('continuous');
#15217 = OVER_RIDING_STYLED_ITEM('overriding color',(#15218),#5693,
  #15024);
#15218 = PRESENTATION_STYLE_BY_CONTEXT((#15219,#15225),#14392);
#15219 = SURFACE_STYLE_USAGE(.BOTH.,#15220);
#15220 = SURFACE_SIDE_STYLE('',(#15221));
#15221 = SURFACE_STYLE_FILL_AREA(#15222);
#15222 = FILL_AREA_STYLE('',(#15223));
#15223 = FILL_AREA_STYLE_COLOUR('',#15224);
#15224 = COLOUR_RGB('',0.87827161077,0.778868164405,0.728862503254);
#15225 = CURVE_STYLE('',#15226,POSITIVE_LENGTH_MEASURE(0.1),#15224);
#15226 = DRAUGHTING_PRE_DEFINED_CURVE_FONT('continuous');
#15227 = MECHANICAL_DESIGN_GEOMETRIC_PRESENTATION_REPRESENTATION('',(
    #15228),#4861);
#15228 = STYLED_ITEM('color',(#15229),#4911);
#15229 = PRESENTATION_STYLE_BY_CONTEXT((#15230,#15236),#14366);
#15230 = SURFACE_STYLE_USAGE(.BOTH.,#15231);
#15231 = SURFACE_SIDE_STYLE('',(#15232));
#15232 = SURFACE_STYLE_FILL_AREA(#15233);
#15233 = FILL_AREA_STYLE('',(#15234));
#15234 = FILL_AREA_STYLE_COLOUR('',#15235);
#15235 = DRAUGHTING_PRE_DEFINED_COLOUR('black');
#15236 = CURVE_STYLE('',#15237,POSITIVE_LENGTH_MEASURE(0.1),#15235);
#15237 = DRAUGHTING_PRE_DEFINED_CURVE_FONT('continuous');
#15238 = MECHANICAL_DESIGN_GEOMETRIC_PRESENTATION_REPRESENTATION('',(
    #15239,#15249),#9877);
#15239 = STYLED_ITEM('color',(#15240),#9463);
#15240 = PRESENTATION_STYLE_ASSIGNMENT((#15241,#15247));
#15241 = SURFACE_STYLE_USAGE(.BOTH.,#15242);
#15242 = SURFACE_SIDE_STYLE('',(#15243));
#15243 = SURFACE_STYLE_FILL_AREA(#15244);
#15244 = FILL_AREA_STYLE('',(#15245));
#15245 = FILL_AREA_STYLE_COLOUR('',#15246);
#15246 = COLOUR_RGB('',0.898432354701,0.918013261784,0.929501652354);
#15247 = CURVE_STYLE('',#15248,POSITIVE_LENGTH_MEASURE(0.1),#15246);
#15248 = DRAUGHTING_PRE_DEFINED_CURVE_FONT('continuous');
#15249 = OVER_RIDING_STYLED_ITEM('overriding color',(#15250),#9463,
  #15239);
#15250 = PRESENTATION_STYLE_BY_CONTEXT((#15251,#15257),#14402);
#15251 = SURFACE_STYLE_USAGE(.BOTH.,#15252);
#15252 = SURFACE_SIDE_STYLE('',(#15253));
#15253 = SURFACE_STYLE_FILL_AREA(#15254);
#15254 = FILL_AREA_STYLE('',(#15255));
#15255 = FILL_AREA_STYLE_COLOUR('',#15256);
#15256 = COLOUR_RGB('',0.898432354701,0.918013261784,0.929501652354);
#15257 = CURVE_STYLE('',#15258,POSITIVE_LENGTH_MEASURE(0.1),#15256);
#15258 = DRAUGHTING_PRE_DEFINED_CURVE_FONT('continuous');
#15259 = MECHANICAL_DESIGN_GEOMETRIC_PRESENTATION_REPRESENTATION('',(
    #15260),#6285);
#15260 = STYLED_ITEM('color',(#15261),#6378);
#15261 = PRESENTATION_STYLE_BY_CONTEXT((#15262,#15268),#14386);
#15262 = SURFACE_STYLE_USAGE(.BOTH.,#15263);
#15263 = SURFACE_SIDE_STYLE('',(#15264));
#15264 = SURFACE_STYLE_FILL_AREA(#15265);
#15265 = FILL_AREA_STYLE('',(#15266));
#15266 = FILL_AREA_STYLE_COLOUR('',#15267);
#15267 = DRAUGHTING_PRE_DEFINED_COLOUR('black');
#15268 = CURVE_STYLE('',#15269,POSITIVE_LENGTH_MEASURE(0.1),#15267);
#15269 = DRAUGHTING_PRE_DEFINED_CURVE_FONT('continuous');
#15270 = MECHANICAL_DESIGN_GEOMETRIC_PRESENTATION_REPRESENTATION('',(
    #15271),#6262);
#15271 = STYLED_ITEM('color',(#15272),#6378);
#15272 = PRESENTATION_STYLE_BY_CONTEXT((#15273,#15279),#14422);
#15273 = SURFACE_STYLE_USAGE(.BOTH.,#15274);
#15274 = SURFACE_SIDE_STYLE('',(#15275));
#15275 = SURFACE_STYLE_FILL_AREA(#15276);
#15276 = FILL_AREA_STYLE('',(#15277));
#15277 = FILL_AREA_STYLE_COLOUR('',#15278);
#15278 = DRAUGHTING_PRE_DEFINED_COLOUR('black');
#15279 = CURVE_STYLE('',#15280,POSITIVE_LENGTH_MEASURE(0.1),#15278);
#15280 = DRAUGHTING_PRE_DEFINED_CURVE_FONT('continuous');
#15281 = MECHANICAL_DESIGN_GEOMETRIC_PRESENTATION_REPRESENTATION('',(
    #15282,#15292,#15301),#8650);
#15282 = STYLED_ITEM('color',(#15283),#7392);
#15283 = PRESENTATION_STYLE_ASSIGNMENT((#15284,#15290));
#15284 = SURFACE_STYLE_USAGE(.BOTH.,#15285);
#15285 = SURFACE_SIDE_STYLE('',(#15286));
#15286 = SURFACE_STYLE_FILL_AREA(#15287);
#15287 = FILL_AREA_STYLE('',(#15288));
#15288 = FILL_AREA_STYLE_COLOUR('',#15289);
#15289 = COLOUR_RGB('',0.269015219171,0.269015219171,0.269015219171);
#15290 = CURVE_STYLE('',#15291,POSITIVE_LENGTH_MEASURE(0.1),#15289);
#15291 = DRAUGHTING_PRE_DEFINED_CURVE_FONT('continuous');
#15292 = OVER_RIDING_STYLED_ITEM('overriding color',(#15293),#8289,
  #15282);
#15293 = PRESENTATION_STYLE_ASSIGNMENT((#15294,#15299));
#15294 = SURFACE_STYLE_USAGE(.BOTH.,#15295);
#15295 = SURFACE_SIDE_STYLE('',(#15296));
#15296 = SURFACE_STYLE_FILL_AREA(#15297);
#15297 = FILL_AREA_STYLE('',(#15298));
#15298 = FILL_AREA_STYLE_COLOUR('',#15289);
#15299 = CURVE_STYLE('',#15300,POSITIVE_LENGTH_MEASURE(0.1),#15289);
#15300 = DRAUGHTING_PRE_DEFINED_CURVE_FONT('continuous');
#15301 = OVER_RIDING_STYLED_ITEM('overriding color',(#15302),#7392,
  #15282);
#15302 = PRESENTATION_STYLE_BY_CONTEXT((#15303,#15309),#14380);
#15303 = SURFACE_STYLE_USAGE(.BOTH.,#15304);
#15304 = SURFACE_SIDE_STYLE('',(#15305));
#15305 = SURFACE_STYLE_FILL_AREA(#15306);
#15306 = FILL_AREA_STYLE('',(#15307));
#15307 = FILL_AREA_STYLE_COLOUR('',#15308);
#15308 = COLOUR_RGB('',0.269015219171,0.269015219171,0.269015219171);
#15309 = CURVE_STYLE('',#15310,POSITIVE_LENGTH_MEASURE(0.1),#15308);
#15310 = DRAUGHTING_PRE_DEFINED_CURVE_FONT('continuous');
#15311 = MECHANICAL_DESIGN_GEOMETRIC_PRESENTATION_REPRESENTATION('',(
    #15312),#6866);
#15312 = STYLED_ITEM('color',(#15313),#6716);
#15313 = PRESENTATION_STYLE_ASSIGNMENT((#15314,#15319));
#15314 = SURFACE_STYLE_USAGE(.BOTH.,#15315);
#15315 = SURFACE_SIDE_STYLE('',(#15316));
#15316 = SURFACE_STYLE_FILL_AREA(#15317);
#15317 = FILL_AREA_STYLE('',(#15318));
#15318 = FILL_AREA_STYLE_COLOUR('',#15020);
#15319 = CURVE_STYLE('',#15320,POSITIVE_LENGTH_MEASURE(0.1),#15020);
#15320 = DRAUGHTING_PRE_DEFINED_CURVE_FONT('continuous');
#15321 = MECHANICAL_DESIGN_GEOMETRIC_PRESENTATION_REPRESENTATION('',(
    #15322),#7035);
#15322 = STYLED_ITEM('color',(#15323),#6885);
#15323 = PRESENTATION_STYLE_ASSIGNMENT((#15324,#15329));
#15324 = SURFACE_STYLE_USAGE(.BOTH.,#15325);
#15325 = SURFACE_SIDE_STYLE('',(#15326));
#15326 = SURFACE_STYLE_FILL_AREA(#15327);
#15327 = FILL_AREA_STYLE('',(#15328));
#15328 = FILL_AREA_STYLE_COLOUR('',#15020);
#15329 = CURVE_STYLE('',#15330,POSITIVE_LENGTH_MEASURE(0.1),#15020);
#15330 = DRAUGHTING_PRE_DEFINED_CURVE_FONT('continuous');
#15331 = MECHANICAL_DESIGN_GEOMETRIC_PRESENTATION_REPRESENTATION('',(
    #15332),#8807);
#15332 = STYLED_ITEM('color',(#15333),#8861);
#15333 = PRESENTATION_STYLE_BY_CONTEXT((#15334,#15340),#14408);
#15334 = SURFACE_STYLE_USAGE(.BOTH.,#15335);
#15335 = SURFACE_SIDE_STYLE('',(#15336));
#15336 = SURFACE_STYLE_FILL_AREA(#15337);
#15337 = FILL_AREA_STYLE('',(#15338));
#15338 = FILL_AREA_STYLE_COLOUR('',#15339);
#15339 = DRAUGHTING_PRE_DEFINED_COLOUR('black');
#15340 = CURVE_STYLE('',#15341,POSITIVE_LENGTH_MEASURE(0.1),#15339);
#15341 = DRAUGHTING_PRE_DEFINED_CURVE_FONT('continuous');
#15342 = MECHANICAL_DESIGN_GEOMETRIC_PRESENTATION_REPRESENTATION('',(
    #15343),#7204);
#15343 = STYLED_ITEM('color',(#15344),#7054);
#15344 = PRESENTATION_STYLE_ASSIGNMENT((#15345,#15350));
#15345 = SURFACE_STYLE_USAGE(.BOTH.,#15346);
#15346 = SURFACE_SIDE_STYLE('',(#15347));
#15347 = SURFACE_STYLE_FILL_AREA(#15348);
#15348 = FILL_AREA_STYLE('',(#15349));
#15349 = FILL_AREA_STYLE_COLOUR('',#15020);
#15350 = CURVE_STYLE('',#15351,POSITIVE_LENGTH_MEASURE(0.1),#15020);
#15351 = DRAUGHTING_PRE_DEFINED_CURVE_FONT('continuous');
#15352 = MECHANICAL_DESIGN_GEOMETRIC_PRESENTATION_REPRESENTATION('',(
    #15353,#15363,#15372),#8746);
#15353 = STYLED_ITEM('color',(#15354),#4911);
#15354 = PRESENTATION_STYLE_BY_CONTEXT((#15355,#15361),#14394);
#15355 = SURFACE_STYLE_USAGE(.BOTH.,#15356);
#15356 = SURFACE_SIDE_STYLE('',(#15357));
#15357 = SURFACE_STYLE_FILL_AREA(#15358);
#15358 = FILL_AREA_STYLE('',(#15359));
#15359 = FILL_AREA_STYLE_COLOUR('',#15360);
#15360 = COLOUR_RGB('',0.87827161077,0.778868164405,0.728862503254);
#15361 = CURVE_STYLE('',#15362,POSITIVE_LENGTH_MEASURE(0.1),#15360);
#15362 = DRAUGHTING_PRE_DEFINED_CURVE_FONT('continuous');
#15363 = STYLED_ITEM('color',(#15364),#5220);
#15364 = PRESENTATION_STYLE_BY_CONTEXT((#15365,#15370),#14394);
#15365 = SURFACE_STYLE_USAGE(.BOTH.,#15366);
#15366 = SURFACE_SIDE_STYLE('',(#15367));
#15367 = SURFACE_STYLE_FILL_AREA(#15368);
#15368 = FILL_AREA_STYLE('',(#15369));
#15369 = FILL_AREA_STYLE_COLOUR('',#15360);
#15370 = CURVE_STYLE('',#15371,POSITIVE_LENGTH_MEASURE(0.1),#15360);
#15371 = DRAUGHTING_PRE_DEFINED_CURVE_FONT('continuous');
#15372 = STYLED_ITEM('color',(#15373),#5693);
#15373 = PRESENTATION_STYLE_BY_CONTEXT((#15374,#15379),#14394);
#15374 = SURFACE_STYLE_USAGE(.BOTH.,#15375);
#15375 = SURFACE_SIDE_STYLE('',(#15376));
#15376 = SURFACE_STYLE_FILL_AREA(#15377);
#15377 = FILL_AREA_STYLE('',(#15378));
#15378 = FILL_AREA_STYLE_COLOUR('',#15360);
#15379 = CURVE_STYLE('',#15380,POSITIVE_LENGTH_MEASURE(0.1),#15360);
#15380 = DRAUGHTING_PRE_DEFINED_CURVE_FONT('continuous');
#15381 = MECHANICAL_DESIGN_GEOMETRIC_PRESENTATION_REPRESENTATION('',(
    #15382),#6697);
#15382 = STYLED_ITEM('color',(#15383),#6547);
#15383 = PRESENTATION_STYLE_ASSIGNMENT((#15384,#15389));
#15384 = SURFACE_STYLE_USAGE(.BOTH.,#15385);
#15385 = SURFACE_SIDE_STYLE('',(#15386));
#15386 = SURFACE_STYLE_FILL_AREA(#15387);
#15387 = FILL_AREA_STYLE('',(#15388));
#15388 = FILL_AREA_STYLE_COLOUR('',#15020);
#15389 = CURVE_STYLE('',#15390,POSITIVE_LENGTH_MEASURE(0.1),#15020);
#15390 = DRAUGHTING_PRE_DEFINED_CURVE_FONT('continuous');
#15391 = MECHANICAL_DESIGN_GEOMETRIC_PRESENTATION_REPRESENTATION('',(
    #15392),#6359);
#15392 = STYLED_ITEM('color',(#15393),#6378);
#15393 = PRESENTATION_STYLE_BY_CONTEXT((#15394,#15400),#14378);
#15394 = SURFACE_STYLE_USAGE(.BOTH.,#15395);
#15395 = SURFACE_SIDE_STYLE('',(#15396));
#15396 = SURFACE_STYLE_FILL_AREA(#15397);
#15397 = FILL_AREA_STYLE('',(#15398));
#15398 = FILL_AREA_STYLE_COLOUR('',#15399);
#15399 = DRAUGHTING_PRE_DEFINED_COLOUR('green');
#15400 = CURVE_STYLE('',#15401,POSITIVE_LENGTH_MEASURE(0.1),#15399);
#15401 = DRAUGHTING_PRE_DEFINED_CURVE_FONT('continuous');
#15402 = MECHANICAL_DESIGN_GEOMETRIC_PRESENTATION_REPRESENTATION('',(
    #15403,#15412,#15422,#15431,#15440,#15449,#15458,#15467,#15476,
    #15485,#15494,#15503,#15512,#15521),#5201);
#15403 = STYLED_ITEM('color',(#15404),#4911);
#15404 = PRESENTATION_STYLE_ASSIGNMENT((#15405,#15410));
#15405 = SURFACE_STYLE_USAGE(.BOTH.,#15406);
#15406 = SURFACE_SIDE_STYLE('',(#15407));
#15407 = SURFACE_STYLE_FILL_AREA(#15408);
#15408 = FILL_AREA_STYLE('',(#15409));
#15409 = FILL_AREA_STYLE_COLOUR('',#15031);
#15410 = CURVE_STYLE('',#15411,POSITIVE_LENGTH_MEASURE(0.1),#15031);
#15411 = DRAUGHTING_PRE_DEFINED_CURVE_FONT('continuous');
#15412 = OVER_RIDING_STYLED_ITEM('overriding color',(#15413),#4913,
  #15403);
#15413 = PRESENTATION_STYLE_ASSIGNMENT((#15414,#15420));
#15414 = SURFACE_STYLE_USAGE(.BOTH.,#15415);
#15415 = SURFACE_SIDE_STYLE('',(#15416));
#15416 = SURFACE_STYLE_FILL_AREA(#15417);
#15417 = FILL_AREA_STYLE('',(#15418));
#15418 = FILL_AREA_STYLE_COLOUR('',#15419);
#15419 = COLOUR_RGB('',0.910247596388,0.571486789412,0.150005207315);
#15420 = CURVE_STYLE('',#15421,POSITIVE_LENGTH_MEASURE(0.1),#15419);
#15421 = DRAUGHTING_PRE_DEFINED_CURVE_FONT('continuous');
#15422 = OVER_RIDING_STYLED_ITEM('overriding color',(#15423),#4955,
  #15403);
#15423 = PRESENTATION_STYLE_ASSIGNMENT((#15424,#15429));
#15424 = SURFACE_STYLE_USAGE(.BOTH.,#15425);
#15425 = SURFACE_SIDE_STYLE('',(#15426));
#15426 = SURFACE_STYLE_FILL_AREA(#15427);
#15427 = FILL_AREA_STYLE('',(#15428));
#15428 = FILL_AREA_STYLE_COLOUR('',#15419);
#15429 = CURVE_STYLE('',#15430,POSITIVE_LENGTH_MEASURE(0.1),#15419);
#15430 = DRAUGHTING_PRE_DEFINED_CURVE_FONT('continuous');
#15431 = OVER_RIDING_STYLED_ITEM('overriding color',(#15432),#4997,
  #15403);
#15432 = PRESENTATION_STYLE_ASSIGNMENT((#15433,#15438));
#15433 = SURFACE_STYLE_USAGE(.BOTH.,#15434);
#15434 = SURFACE_SIDE_STYLE('',(#15435));
#15435 = SURFACE_STYLE_FILL_AREA(#15436);
#15436 = FILL_AREA_STYLE('',(#15437));
#15437 = FILL_AREA_STYLE_COLOUR('',#15419);
#15438 = CURVE_STYLE('',#15439,POSITIVE_LENGTH_MEASURE(0.1),#15419);
#15439 = DRAUGHTING_PRE_DEFINED_CURVE_FONT('continuous');
#15440 = OVER_RIDING_STYLED_ITEM('overriding color',(#15441),#5039,
  #15403);
#15441 = PRESENTATION_STYLE_ASSIGNMENT((#15442,#15447));
#15442 = SURFACE_STYLE_USAGE(.BOTH.,#15443);
#15443 = SURFACE_SIDE_STYLE('',(#15444));
#15444 = SURFACE_STYLE_FILL_AREA(#15445);
#15445 = FILL_AREA_STYLE('',(#15446));
#15446 = FILL_AREA_STYLE_COLOUR('',#15419);
#15447 = CURVE_STYLE('',#15448,POSITIVE_LENGTH_MEASURE(0.1),#15419);
#15448 = DRAUGHTING_PRE_DEFINED_CURVE_FONT('continuous');
#15449 = OVER_RIDING_STYLED_ITEM('overriding color',(#15450),#5081,
  #15403);
#15450 = PRESENTATION_STYLE_ASSIGNMENT((#15451,#15456));
#15451 = SURFACE_STYLE_USAGE(.BOTH.,#15452);
#15452 = SURFACE_SIDE_STYLE('',(#15453));
#15453 = SURFACE_STYLE_FILL_AREA(#15454);
#15454 = FILL_AREA_STYLE('',(#15455));
#15455 = FILL_AREA_STYLE_COLOUR('',#15419);
#15456 = CURVE_STYLE('',#15457,POSITIVE_LENGTH_MEASURE(0.1),#15419);
#15457 = DRAUGHTING_PRE_DEFINED_CURVE_FONT('continuous');
#15458 = OVER_RIDING_STYLED_ITEM('overriding color',(#15459),#5103,
  #15403);
#15459 = PRESENTATION_STYLE_ASSIGNMENT((#15460,#15465));
#15460 = SURFACE_STYLE_USAGE(.BOTH.,#15461);
#15461 = SURFACE_SIDE_STYLE('',(#15462));
#15462 = SURFACE_STYLE_FILL_AREA(#15463);
#15463 = FILL_AREA_STYLE('',(#15464));
#15464 = FILL_AREA_STYLE_COLOUR('',#15419);
#15465 = CURVE_STYLE('',#15466,POSITIVE_LENGTH_MEASURE(0.1),#15419);
#15466 = DRAUGHTING_PRE_DEFINED_CURVE_FONT('continuous');
#15467 = OVER_RIDING_STYLED_ITEM('overriding color',(#15468),#5125,
  #15403);
#15468 = PRESENTATION_STYLE_ASSIGNMENT((#15469,#15474));
#15469 = SURFACE_STYLE_USAGE(.BOTH.,#15470);
#15470 = SURFACE_SIDE_STYLE('',(#15471));
#15471 = SURFACE_STYLE_FILL_AREA(#15472);
#15472 = FILL_AREA_STYLE('',(#15473));
#15473 = FILL_AREA_STYLE_COLOUR('',#15419);
#15474 = CURVE_STYLE('',#15475,POSITIVE_LENGTH_MEASURE(0.1),#15419);
#15475 = DRAUGHTING_PRE_DEFINED_CURVE_FONT('continuous');
#15476 = OVER_RIDING_STYLED_ITEM('overriding color',(#15477),#5147,
  #15403);
#15477 = PRESENTATION_STYLE_ASSIGNMENT((#15478,#15483));
#15478 = SURFACE_STYLE_USAGE(.BOTH.,#15479);
#15479 = SURFACE_SIDE_STYLE('',(#15480));
#15480 = SURFACE_STYLE_FILL_AREA(#15481);
#15481 = FILL_AREA_STYLE('',(#15482));
#15482 = FILL_AREA_STYLE_COLOUR('',#15419);
#15483 = CURVE_STYLE('',#15484,POSITIVE_LENGTH_MEASURE(0.1),#15419);
#15484 = DRAUGHTING_PRE_DEFINED_CURVE_FONT('continuous');
#15485 = OVER_RIDING_STYLED_ITEM('overriding color',(#15486),#5169,
  #15403);
#15486 = PRESENTATION_STYLE_ASSIGNMENT((#15487,#15492));
#15487 = SURFACE_STYLE_USAGE(.BOTH.,#15488);
#15488 = SURFACE_SIDE_STYLE('',(#15489));
#15489 = SURFACE_STYLE_FILL_AREA(#15490);
#15490 = FILL_AREA_STYLE('',(#15491));
#15491 = FILL_AREA_STYLE_COLOUR('',#15419);
#15492 = CURVE_STYLE('',#15493,POSITIVE_LENGTH_MEASURE(0.1),#15419);
#15493 = DRAUGHTING_PRE_DEFINED_CURVE_FONT('continuous');
#15494 = OVER_RIDING_STYLED_ITEM('overriding color',(#15495),#5185,
  #15403);
#15495 = PRESENTATION_STYLE_ASSIGNMENT((#15496,#15501));
#15496 = SURFACE_STYLE_USAGE(.BOTH.,#15497);
#15497 = SURFACE_SIDE_STYLE('',(#15498));
#15498 = SURFACE_STYLE_FILL_AREA(#15499);
#15499 = FILL_AREA_STYLE('',(#15500));
#15500 = FILL_AREA_STYLE_COLOUR('',#15419);
#15501 = CURVE_STYLE('',#15502,POSITIVE_LENGTH_MEASURE(0.1),#15419);
#15502 = DRAUGHTING_PRE_DEFINED_CURVE_FONT('continuous');
#15503 = OVER_RIDING_STYLED_ITEM('overriding color',(#15504),#4911,
  #15403);
#15504 = PRESENTATION_STYLE_BY_CONTEXT((#15505,#15510),#14358);
#15505 = SURFACE_STYLE_USAGE(.BOTH.,#15506);
#15506 = SURFACE_SIDE_STYLE('',(#15507));
#15507 = SURFACE_STYLE_FILL_AREA(#15508);
#15508 = FILL_AREA_STYLE('',(#15509));
#15509 = FILL_AREA_STYLE_COLOUR('',#15204);
#15510 = CURVE_STYLE('',#15511,POSITIVE_LENGTH_MEASURE(0.1),#15204);
#15511 = DRAUGHTING_PRE_DEFINED_CURVE_FONT('continuous');
#15512 = OVER_RIDING_STYLED_ITEM('overriding color',(#15513),#4911,
  #15403);
#15513 = PRESENTATION_STYLE_BY_CONTEXT((#15514,#15519),#14368);
#15514 = SURFACE_STYLE_USAGE(.BOTH.,#15515);
#15515 = SURFACE_SIDE_STYLE('',(#15516));
#15516 = SURFACE_STYLE_FILL_AREA(#15517);
#15517 = FILL_AREA_STYLE('',(#15518));
#15518 = FILL_AREA_STYLE_COLOUR('',#15214);
#15519 = CURVE_STYLE('',#15520,POSITIVE_LENGTH_MEASURE(0.1),#15214);
#15520 = DRAUGHTING_PRE_DEFINED_CURVE_FONT('continuous');
#15521 = OVER_RIDING_STYLED_ITEM('overriding color',(#15522),#4911,
  #15403);
#15522 = PRESENTATION_STYLE_BY_CONTEXT((#15523,#15528),#14388);
#15523 = SURFACE_STYLE_USAGE(.BOTH.,#15524);
#15524 = SURFACE_SIDE_STYLE('',(#15525));
#15525 = SURFACE_STYLE_FILL_AREA(#15526);
#15526 = FILL_AREA_STYLE('',(#15527));
#15527 = FILL_AREA_STYLE_COLOUR('',#15224);
#15528 = CURVE_STYLE('',#15529,POSITIVE_LENGTH_MEASURE(0.1),#15224);
#15529 = DRAUGHTING_PRE_DEFINED_CURVE_FONT('continuous');
#15530 = MECHANICAL_DESIGN_GEOMETRIC_PRESENTATION_REPRESENTATION('',(
    #15531,#15540),#9444);
#15531 = STYLED_ITEM('color',(#15532),#9030);
#15532 = PRESENTATION_STYLE_ASSIGNMENT((#15533,#15538));
#15533 = SURFACE_STYLE_USAGE(.BOTH.,#15534);
#15534 = SURFACE_SIDE_STYLE('',(#15535));
#15535 = SURFACE_STYLE_FILL_AREA(#15536);
#15536 = FILL_AREA_STYLE('',(#15537));
#15537 = FILL_AREA_STYLE_COLOUR('',#15246);
#15538 = CURVE_STYLE('',#15539,POSITIVE_LENGTH_MEASURE(0.1),#15246);
#15539 = DRAUGHTING_PRE_DEFINED_CURVE_FONT('continuous');
#15540 = OVER_RIDING_STYLED_ITEM('overriding color',(#15541),#9030,
  #15531);
#15541 = PRESENTATION_STYLE_BY_CONTEXT((#15542,#15547),#14400);
#15542 = SURFACE_STYLE_USAGE(.BOTH.,#15543);
#15543 = SURFACE_SIDE_STYLE('',(#15544));
#15544 = SURFACE_STYLE_FILL_AREA(#15545);
#15545 = FILL_AREA_STYLE('',(#15546));
#15546 = FILL_AREA_STYLE_COLOUR('',#15256);
#15547 = CURVE_STYLE('',#15548,POSITIVE_LENGTH_MEASURE(0.1),#15256);
#15548 = DRAUGHTING_PRE_DEFINED_CURVE_FONT('continuous');
#15549 = MECHANICAL_DESIGN_GEOMETRIC_PRESENTATION_REPRESENTATION('',(),
  #14308);
#15550 = MECHANICAL_DESIGN_GEOMETRIC_PRESENTATION_REPRESENTATION('',(
    #15551,#15561,#15570,#15579,#15588,#15597,#15606,#15615,#15624,
    #15633,#15642,#15651,#15660,#15669,#15678,#15687,#15696,#15705,
    #15714,#15723,#15732,#15741,#15750,#15759,#15768,#15777,#15786,
    #15795,#15804,#15813,#15822,#15831,#15840,#15849,#15858,#15867,
    #15876,#15885,#15894,#15903,#15912,#15921,#15930,#15939,#15948,
    #15957,#15966,#15975,#15984,#15993,#16002,#16011,#16020),#14285);
#15551 = STYLED_ITEM('color',(#15552),#9896);
#15552 = PRESENTATION_STYLE_ASSIGNMENT((#15553,#15559));
#15553 = SURFACE_STYLE_USAGE(.BOTH.,#15554);
#15554 = SURFACE_SIDE_STYLE('',(#15555));
#15555 = SURFACE_STYLE_FILL_AREA(#15556);
#15556 = FILL_AREA_STYLE('',(#15557));
#15557 = FILL_AREA_STYLE_COLOUR('',#15558);
#15558 = COLOUR_RGB('',8.49447336883E-02,8.49447336883E-02,
  8.49447336883E-02);
#15559 = CURVE_STYLE('',#15560,POSITIVE_LENGTH_MEASURE(0.1),#15558);
#15560 = DRAUGHTING_PRE_DEFINED_CURVE_FONT('continuous');
#15561 = OVER_RIDING_STYLED_ITEM('overriding color',(#15562),#10728,
  #15551);
#15562 = PRESENTATION_STYLE_ASSIGNMENT((#15563,#15568));
#15563 = SURFACE_STYLE_USAGE(.BOTH.,#15564);
#15564 = SURFACE_SIDE_STYLE('',(#15565));
#15565 = SURFACE_STYLE_FILL_AREA(#15566);
#15566 = FILL_AREA_STYLE('',(#15567));
#15567 = FILL_AREA_STYLE_COLOUR('',#15020);
#15568 = CURVE_STYLE('',#15569,POSITIVE_LENGTH_MEASURE(0.1),#15020);
#15569 = DRAUGHTING_PRE_DEFINED_CURVE_FONT('continuous');
#15570 = OVER_RIDING_STYLED_ITEM('overriding color',(#15571),#10986,
  #15551);
#15571 = PRESENTATION_STYLE_ASSIGNMENT((#15572,#15577));
#15572 = SURFACE_STYLE_USAGE(.BOTH.,#15573);
#15573 = SURFACE_SIDE_STYLE('',(#15574));
#15574 = SURFACE_STYLE_FILL_AREA(#15575);
#15575 = FILL_AREA_STYLE('',(#15576));
#15576 = FILL_AREA_STYLE_COLOUR('',#15020);
#15577 = CURVE_STYLE('',#15578,POSITIVE_LENGTH_MEASURE(0.1),#15020);
#15578 = DRAUGHTING_PRE_DEFINED_CURVE_FONT('continuous');
#15579 = OVER_RIDING_STYLED_ITEM('overriding color',(#15580),#11058,
  #15551);
#15580 = PRESENTATION_STYLE_ASSIGNMENT((#15581,#15586));
#15581 = SURFACE_STYLE_USAGE(.BOTH.,#15582);
#15582 = SURFACE_SIDE_STYLE('',(#15583));
#15583 = SURFACE_STYLE_FILL_AREA(#15584);
#15584 = FILL_AREA_STYLE('',(#15585));
#15585 = FILL_AREA_STYLE_COLOUR('',#15020);
#15586 = CURVE_STYLE('',#15587,POSITIVE_LENGTH_MEASURE(0.1),#15020);
#15587 = DRAUGHTING_PRE_DEFINED_CURVE_FONT('continuous');
#15588 = OVER_RIDING_STYLED_ITEM('overriding color',(#15589),#11125,
  #15551);
#15589 = PRESENTATION_STYLE_ASSIGNMENT((#15590,#15595));
#15590 = SURFACE_STYLE_USAGE(.BOTH.,#15591);
#15591 = SURFACE_SIDE_STYLE('',(#15592));
#15592 = SURFACE_STYLE_FILL_AREA(#15593);
#15593 = FILL_AREA_STYLE('',(#15594));
#15594 = FILL_AREA_STYLE_COLOUR('',#15020);
#15595 = CURVE_STYLE('',#15596,POSITIVE_LENGTH_MEASURE(0.1),#15020);
#15596 = DRAUGHTING_PRE_DEFINED_CURVE_FONT('continuous');
#15597 = OVER_RIDING_STYLED_ITEM('overriding color',(#15598),#11192,
  #15551);
#15598 = PRESENTATION_STYLE_ASSIGNMENT((#15599,#15604));
#15599 = SURFACE_STYLE_USAGE(.BOTH.,#15600);
#15600 = SURFACE_SIDE_STYLE('',(#15601));
#15601 = SURFACE_STYLE_FILL_AREA(#15602);
#15602 = FILL_AREA_STYLE('',(#15603));
#15603 = FILL_AREA_STYLE_COLOUR('',#15020);
#15604 = CURVE_STYLE('',#15605,POSITIVE_LENGTH_MEASURE(0.1),#15020);
#15605 = DRAUGHTING_PRE_DEFINED_CURVE_FONT('continuous');
#15606 = OVER_RIDING_STYLED_ITEM('overriding color',(#15607),#11254,
  #15551);
#15607 = PRESENTATION_STYLE_ASSIGNMENT((#15608,#15613));
#15608 = SURFACE_STYLE_USAGE(.BOTH.,#15609);
#15609 = SURFACE_SIDE_STYLE('',(#15610));
#15610 = SURFACE_STYLE_FILL_AREA(#15611);
#15611 = FILL_AREA_STYLE('',(#15612));
#15612 = FILL_AREA_STYLE_COLOUR('',#15020);
#15613 = CURVE_STYLE('',#15614,POSITIVE_LENGTH_MEASURE(0.1),#15020);
#15614 = DRAUGHTING_PRE_DEFINED_CURVE_FONT('continuous');
#15615 = OVER_RIDING_STYLED_ITEM('overriding color',(#15616),#11347,
  #15551);
#15616 = PRESENTATION_STYLE_ASSIGNMENT((#15617,#15622));
#15617 = SURFACE_STYLE_USAGE(.BOTH.,#15618);
#15618 = SURFACE_SIDE_STYLE('',(#15619));
#15619 = SURFACE_STYLE_FILL_AREA(#15620);
#15620 = FILL_AREA_STYLE('',(#15621));
#15621 = FILL_AREA_STYLE_COLOUR('',#15020);
#15622 = CURVE_STYLE('',#15623,POSITIVE_LENGTH_MEASURE(0.1),#15020);
#15623 = DRAUGHTING_PRE_DEFINED_CURVE_FONT('continuous');
#15624 = OVER_RIDING_STYLED_ITEM('overriding color',(#15625),#11433,
  #15551);
#15625 = PRESENTATION_STYLE_ASSIGNMENT((#15626,#15631));
#15626 = SURFACE_STYLE_USAGE(.BOTH.,#15627);
#15627 = SURFACE_SIDE_STYLE('',(#15628));
#15628 = SURFACE_STYLE_FILL_AREA(#15629);
#15629 = FILL_AREA_STYLE('',(#15630));
#15630 = FILL_AREA_STYLE_COLOUR('',#15020);
#15631 = CURVE_STYLE('',#15632,POSITIVE_LENGTH_MEASURE(0.1),#15020);
#15632 = DRAUGHTING_PRE_DEFINED_CURVE_FONT('continuous');
#15633 = OVER_RIDING_STYLED_ITEM('overriding color',(#15634),#11495,
  #15551);
#15634 = PRESENTATION_STYLE_ASSIGNMENT((#15635,#15640));
#15635 = SURFACE_STYLE_USAGE(.BOTH.,#15636);
#15636 = SURFACE_SIDE_STYLE('',(#15637));
#15637 = SURFACE_STYLE_FILL_AREA(#15638);
#15638 = FILL_AREA_STYLE('',(#15639));
#15639 = FILL_AREA_STYLE_COLOUR('',#15020);
#15640 = CURVE_STYLE('',#15641,POSITIVE_LENGTH_MEASURE(0.1),#15020);
#15641 = DRAUGHTING_PRE_DEFINED_CURVE_FONT('continuous');
#15642 = OVER_RIDING_STYLED_ITEM('overriding color',(#15643),#11545,
  #15551);
#15643 = PRESENTATION_STYLE_ASSIGNMENT((#15644,#15649));
#15644 = SURFACE_STYLE_USAGE(.BOTH.,#15645);
#15645 = SURFACE_SIDE_STYLE('',(#15646));
#15646 = SURFACE_STYLE_FILL_AREA(#15647);
#15647 = FILL_AREA_STYLE('',(#15648));
#15648 = FILL_AREA_STYLE_COLOUR('',#15020);
#15649 = CURVE_STYLE('',#15650,POSITIVE_LENGTH_MEASURE(0.1),#15020);
#15650 = DRAUGHTING_PRE_DEFINED_CURVE_FONT('continuous');
#15651 = OVER_RIDING_STYLED_ITEM('overriding color',(#15652),#11637,
  #15551);
#15652 = PRESENTATION_STYLE_ASSIGNMENT((#15653,#15658));
#15653 = SURFACE_STYLE_USAGE(.BOTH.,#15654);
#15654 = SURFACE_SIDE_STYLE('',(#15655));
#15655 = SURFACE_STYLE_FILL_AREA(#15656);
#15656 = FILL_AREA_STYLE('',(#15657));
#15657 = FILL_AREA_STYLE_COLOUR('',#15020);
#15658 = CURVE_STYLE('',#15659,POSITIVE_LENGTH_MEASURE(0.1),#15020);
#15659 = DRAUGHTING_PRE_DEFINED_CURVE_FONT('continuous');
#15660 = OVER_RIDING_STYLED_ITEM('overriding color',(#15661),#11861,
  #15551);
#15661 = PRESENTATION_STYLE_ASSIGNMENT((#15662,#15667));
#15662 = SURFACE_STYLE_USAGE(.BOTH.,#15663);
#15663 = SURFACE_SIDE_STYLE('',(#15664));
#15664 = SURFACE_STYLE_FILL_AREA(#15665);
#15665 = FILL_AREA_STYLE('',(#15666));
#15666 = FILL_AREA_STYLE_COLOUR('',#15020);
#15667 = CURVE_STYLE('',#15668,POSITIVE_LENGTH_MEASURE(0.1),#15020);
#15668 = DRAUGHTING_PRE_DEFINED_CURVE_FONT('continuous');
#15669 = OVER_RIDING_STYLED_ITEM('overriding color',(#15670),#11883,
  #15551);
#15670 = PRESENTATION_STYLE_ASSIGNMENT((#15671,#15676));
#15671 = SURFACE_STYLE_USAGE(.BOTH.,#15672);
#15672 = SURFACE_SIDE_STYLE('',(#15673));
#15673 = SURFACE_STYLE_FILL_AREA(#15674);
#15674 = FILL_AREA_STYLE('',(#15675));
#15675 = FILL_AREA_STYLE_COLOUR('',#15020);
#15676 = CURVE_STYLE('',#15677,POSITIVE_LENGTH_MEASURE(0.1),#15020);
#15677 = DRAUGHTING_PRE_DEFINED_CURVE_FONT('continuous');
#15678 = OVER_RIDING_STYLED_ITEM('overriding color',(#15679),#11926,
  #15551);
#15679 = PRESENTATION_STYLE_ASSIGNMENT((#15680,#15685));
#15680 = SURFACE_STYLE_USAGE(.BOTH.,#15681);
#15681 = SURFACE_SIDE_STYLE('',(#15682));
#15682 = SURFACE_STYLE_FILL_AREA(#15683);
#15683 = FILL_AREA_STYLE('',(#15684));
#15684 = FILL_AREA_STYLE_COLOUR('',#15020);
#15685 = CURVE_STYLE('',#15686,POSITIVE_LENGTH_MEASURE(0.1),#15020);
#15686 = DRAUGHTING_PRE_DEFINED_CURVE_FONT('continuous');
#15687 = OVER_RIDING_STYLED_ITEM('overriding color',(#15688),#11969,
  #15551);
#15688 = PRESENTATION_STYLE_ASSIGNMENT((#15689,#15694));
#15689 = SURFACE_STYLE_USAGE(.BOTH.,#15690);
#15690 = SURFACE_SIDE_STYLE('',(#15691));
#15691 = SURFACE_STYLE_FILL_AREA(#15692);
#15692 = FILL_AREA_STYLE('',(#15693));
#15693 = FILL_AREA_STYLE_COLOUR('',#15020);
#15694 = CURVE_STYLE('',#15695,POSITIVE_LENGTH_MEASURE(0.1),#15020);
#15695 = DRAUGHTING_PRE_DEFINED_CURVE_FONT('continuous');
#15696 = OVER_RIDING_STYLED_ITEM('overriding color',(#15697),#12012,
  #15551);
#15697 = PRESENTATION_STYLE_ASSIGNMENT((#15698,#15703));
#15698 = SURFACE_STYLE_USAGE(.BOTH.,#15699);
#15699 = SURFACE_SIDE_STYLE('',(#15700));
#15700 = SURFACE_STYLE_FILL_AREA(#15701);
#15701 = FILL_AREA_STYLE('',(#15702));
#15702 = FILL_AREA_STYLE_COLOUR('',#15020);
#15703 = CURVE_STYLE('',#15704,POSITIVE_LENGTH_MEASURE(0.1),#15020);
#15704 = DRAUGHTING_PRE_DEFINED_CURVE_FONT('continuous');
#15705 = OVER_RIDING_STYLED_ITEM('overriding color',(#15706),#12063,
  #15551);
#15706 = PRESENTATION_STYLE_ASSIGNMENT((#15707,#15712));
#15707 = SURFACE_STYLE_USAGE(.BOTH.,#15708);
#15708 = SURFACE_SIDE_STYLE('',(#15709));
#15709 = SURFACE_STYLE_FILL_AREA(#15710);
#15710 = FILL_AREA_STYLE('',(#15711));
#15711 = FILL_AREA_STYLE_COLOUR('',#15020);
#15712 = CURVE_STYLE('',#15713,POSITIVE_LENGTH_MEASURE(0.1),#15020);
#15713 = DRAUGHTING_PRE_DEFINED_CURVE_FONT('continuous');
#15714 = OVER_RIDING_STYLED_ITEM('overriding color',(#15715),#12086,
  #15551);
#15715 = PRESENTATION_STYLE_ASSIGNMENT((#15716,#15721));
#15716 = SURFACE_STYLE_USAGE(.BOTH.,#15717);
#15717 = SURFACE_SIDE_STYLE('',(#15718));
#15718 = SURFACE_STYLE_FILL_AREA(#15719);
#15719 = FILL_AREA_STYLE('',(#15720));
#15720 = FILL_AREA_STYLE_COLOUR('',#15020);
#15721 = CURVE_STYLE('',#15722,POSITIVE_LENGTH_MEASURE(0.1),#15020);
#15722 = DRAUGHTING_PRE_DEFINED_CURVE_FONT('continuous');
#15723 = OVER_RIDING_STYLED_ITEM('overriding color',(#15724),#12103,
  #15551);
#15724 = PRESENTATION_STYLE_ASSIGNMENT((#15725,#15730));
#15725 = SURFACE_STYLE_USAGE(.BOTH.,#15726);
#15726 = SURFACE_SIDE_STYLE('',(#15727));
#15727 = SURFACE_STYLE_FILL_AREA(#15728);
#15728 = FILL_AREA_STYLE('',(#15729));
#15729 = FILL_AREA_STYLE_COLOUR('',#15020);
#15730 = CURVE_STYLE('',#15731,POSITIVE_LENGTH_MEASURE(0.1),#15020);
#15731 = DRAUGHTING_PRE_DEFINED_CURVE_FONT('continuous');
#15732 = OVER_RIDING_STYLED_ITEM('overriding color',(#15733),#12115,
  #15551);
#15733 = PRESENTATION_STYLE_ASSIGNMENT((#15734,#15739));
#15734 = SURFACE_STYLE_USAGE(.BOTH.,#15735);
#15735 = SURFACE_SIDE_STYLE('',(#15736));
#15736 = SURFACE_STYLE_FILL_AREA(#15737);
#15737 = FILL_AREA_STYLE('',(#15738));
#15738 = FILL_AREA_STYLE_COLOUR('',#15020);
#15739 = CURVE_STYLE('',#15740,POSITIVE_LENGTH_MEASURE(0.1),#15020);
#15740 = DRAUGHTING_PRE_DEFINED_CURVE_FONT('continuous');
#15741 = OVER_RIDING_STYLED_ITEM('overriding color',(#15742),#12196,
  #15551);
#15742 = PRESENTATION_STYLE_ASSIGNMENT((#15743,#15748));
#15743 = SURFACE_STYLE_USAGE(.BOTH.,#15744);
#15744 = SURFACE_SIDE_STYLE('',(#15745));
#15745 = SURFACE_STYLE_FILL_AREA(#15746);
#15746 = FILL_AREA_STYLE('',(#15747));
#15747 = FILL_AREA_STYLE_COLOUR('',#15020);
#15748 = CURVE_STYLE('',#15749,POSITIVE_LENGTH_MEASURE(0.1),#15020);
#15749 = DRAUGHTING_PRE_DEFINED_CURVE_FONT('continuous');
#15750 = OVER_RIDING_STYLED_ITEM('overriding color',(#15751),#12270,
  #15551);
#15751 = PRESENTATION_STYLE_ASSIGNMENT((#15752,#15757));
#15752 = SURFACE_STYLE_USAGE(.BOTH.,#15753);
#15753 = SURFACE_SIDE_STYLE('',(#15754));
#15754 = SURFACE_STYLE_FILL_AREA(#15755);
#15755 = FILL_AREA_STYLE('',(#15756));
#15756 = FILL_AREA_STYLE_COLOUR('',#15020);
#15757 = CURVE_STYLE('',#15758,POSITIVE_LENGTH_MEASURE(0.1),#15020);
#15758 = DRAUGHTING_PRE_DEFINED_CURVE_FONT('continuous');
#15759 = OVER_RIDING_STYLED_ITEM('overriding color',(#15760),#12344,
  #15551);
#15760 = PRESENTATION_STYLE_ASSIGNMENT((#15761,#15766));
#15761 = SURFACE_STYLE_USAGE(.BOTH.,#15762);
#15762 = SURFACE_SIDE_STYLE('',(#15763));
#15763 = SURFACE_STYLE_FILL_AREA(#15764);
#15764 = FILL_AREA_STYLE('',(#15765));
#15765 = FILL_AREA_STYLE_COLOUR('',#15020);
#15766 = CURVE_STYLE('',#15767,POSITIVE_LENGTH_MEASURE(0.1),#15020);
#15767 = DRAUGHTING_PRE_DEFINED_CURVE_FONT('continuous');
#15768 = OVER_RIDING_STYLED_ITEM('overriding color',(#15769),#12423,
  #15551);
#15769 = PRESENTATION_STYLE_ASSIGNMENT((#15770,#15775));
#15770 = SURFACE_STYLE_USAGE(.BOTH.,#15771);
#15771 = SURFACE_SIDE_STYLE('',(#15772));
#15772 = SURFACE_STYLE_FILL_AREA(#15773);
#15773 = FILL_AREA_STYLE('',(#15774));
#15774 = FILL_AREA_STYLE_COLOUR('',#15020);
#15775 = CURVE_STYLE('',#15776,POSITIVE_LENGTH_MEASURE(0.1),#15020);
#15776 = DRAUGHTING_PRE_DEFINED_CURVE_FONT('continuous');
#15777 = OVER_RIDING_STYLED_ITEM('overriding color',(#15778),#12681,
  #15551);
#15778 = PRESENTATION_STYLE_ASSIGNMENT((#15779,#15784));
#15779 = SURFACE_STYLE_USAGE(.BOTH.,#15780);
#15780 = SURFACE_SIDE_STYLE('',(#15781));
#15781 = SURFACE_STYLE_FILL_AREA(#15782);
#15782 = FILL_AREA_STYLE('',(#15783));
#15783 = FILL_AREA_STYLE_COLOUR('',#15020);
#15784 = CURVE_STYLE('',#15785,POSITIVE_LENGTH_MEASURE(0.1),#15020);
#15785 = DRAUGHTING_PRE_DEFINED_CURVE_FONT('continuous');
#15786 = OVER_RIDING_STYLED_ITEM('overriding color',(#15787),#12753,
  #15551);
#15787 = PRESENTATION_STYLE_ASSIGNMENT((#15788,#15793));
#15788 = SURFACE_STYLE_USAGE(.BOTH.,#15789);
#15789 = SURFACE_SIDE_STYLE('',(#15790));
#15790 = SURFACE_STYLE_FILL_AREA(#15791);
#15791 = FILL_AREA_STYLE('',(#15792));
#15792 = FILL_AREA_STYLE_COLOUR('',#15020);
#15793 = CURVE_STYLE('',#15794,POSITIVE_LENGTH_MEASURE(0.1),#15020);
#15794 = DRAUGHTING_PRE_DEFINED_CURVE_FONT('continuous');
#15795 = OVER_RIDING_STYLED_ITEM('overriding color',(#15796),#12820,
  #15551);
#15796 = PRESENTATION_STYLE_ASSIGNMENT((#15797,#15802));
#15797 = SURFACE_STYLE_USAGE(.BOTH.,#15798);
#15798 = SURFACE_SIDE_STYLE('',(#15799));
#15799 = SURFACE_STYLE_FILL_AREA(#15800);
#15800 = FILL_AREA_STYLE('',(#15801));
#15801 = FILL_AREA_STYLE_COLOUR('',#15020);
#15802 = CURVE_STYLE('',#15803,POSITIVE_LENGTH_MEASURE(0.1),#15020);
#15803 = DRAUGHTING_PRE_DEFINED_CURVE_FONT('continuous');
#15804 = OVER_RIDING_STYLED_ITEM('overriding color',(#15805),#12887,
  #15551);
#15805 = PRESENTATION_STYLE_ASSIGNMENT((#15806,#15811));
#15806 = SURFACE_STYLE_USAGE(.BOTH.,#15807);
#15807 = SURFACE_SIDE_STYLE('',(#15808));
#15808 = SURFACE_STYLE_FILL_AREA(#15809);
#15809 = FILL_AREA_STYLE('',(#15810));
#15810 = FILL_AREA_STYLE_COLOUR('',#15020);
#15811 = CURVE_STYLE('',#15812,POSITIVE_LENGTH_MEASURE(0.1),#15020);
#15812 = DRAUGHTING_PRE_DEFINED_CURVE_FONT('continuous');
#15813 = OVER_RIDING_STYLED_ITEM('overriding color',(#15814),#12949,
  #15551);
#15814 = PRESENTATION_STYLE_ASSIGNMENT((#15815,#15820));
#15815 = SURFACE_STYLE_USAGE(.BOTH.,#15816);
#15816 = SURFACE_SIDE_STYLE('',(#15817));
#15817 = SURFACE_STYLE_FILL_AREA(#15818);
#15818 = FILL_AREA_STYLE('',(#15819));
#15819 = FILL_AREA_STYLE_COLOUR('',#15020);
#15820 = CURVE_STYLE('',#15821,POSITIVE_LENGTH_MEASURE(0.1),#15020);
#15821 = DRAUGHTING_PRE_DEFINED_CURVE_FONT('continuous');
#15822 = OVER_RIDING_STYLED_ITEM('overriding color',(#15823),#13042,
  #15551);
#15823 = PRESENTATION_STYLE_ASSIGNMENT((#15824,#15829));
#15824 = SURFACE_STYLE_USAGE(.BOTH.,#15825);
#15825 = SURFACE_SIDE_STYLE('',(#15826));
#15826 = SURFACE_STYLE_FILL_AREA(#15827);
#15827 = FILL_AREA_STYLE('',(#15828));
#15828 = FILL_AREA_STYLE_COLOUR('',#15020);
#15829 = CURVE_STYLE('',#15830,POSITIVE_LENGTH_MEASURE(0.1),#15020);
#15830 = DRAUGHTING_PRE_DEFINED_CURVE_FONT('continuous');
#15831 = OVER_RIDING_STYLED_ITEM('overriding color',(#15832),#13128,
  #15551);
#15832 = PRESENTATION_STYLE_ASSIGNMENT((#15833,#15838));
#15833 = SURFACE_STYLE_USAGE(.BOTH.,#15834);
#15834 = SURFACE_SIDE_STYLE('',(#15835));
#15835 = SURFACE_STYLE_FILL_AREA(#15836);
#15836 = FILL_AREA_STYLE('',(#15837));
#15837 = FILL_AREA_STYLE_COLOUR('',#15020);
#15838 = CURVE_STYLE('',#15839,POSITIVE_LENGTH_MEASURE(0.1),#15020);
#15839 = DRAUGHTING_PRE_DEFINED_CURVE_FONT('continuous');
#15840 = OVER_RIDING_STYLED_ITEM('overriding color',(#15841),#13190,
  #15551);
#15841 = PRESENTATION_STYLE_ASSIGNMENT((#15842,#15847));
#15842 = SURFACE_STYLE_USAGE(.BOTH.,#15843);
#15843 = SURFACE_SIDE_STYLE('',(#15844));
#15844 = SURFACE_STYLE_FILL_AREA(#15845);
#15845 = FILL_AREA_STYLE('',(#15846));
#15846 = FILL_AREA_STYLE_COLOUR('',#15020);
#15847 = CURVE_STYLE('',#15848,POSITIVE_LENGTH_MEASURE(0.1),#15020);
#15848 = DRAUGHTING_PRE_DEFINED_CURVE_FONT('continuous');
#15849 = OVER_RIDING_STYLED_ITEM('overriding color',(#15850),#13240,
  #15551);
#15850 = PRESENTATION_STYLE_ASSIGNMENT((#15851,#15856));
#15851 = SURFACE_STYLE_USAGE(.BOTH.,#15852);
#15852 = SURFACE_SIDE_STYLE('',(#15853));
#15853 = SURFACE_STYLE_FILL_AREA(#15854);
#15854 = FILL_AREA_STYLE('',(#15855));
#15855 = FILL_AREA_STYLE_COLOUR('',#15020);
#15856 = CURVE_STYLE('',#15857,POSITIVE_LENGTH_MEASURE(0.1),#15020);
#15857 = DRAUGHTING_PRE_DEFINED_CURVE_FONT('continuous');
#15858 = OVER_RIDING_STYLED_ITEM('overriding color',(#15859),#13332,
  #15551);
#15859 = PRESENTATION_STYLE_ASSIGNMENT((#15860,#15865));
#15860 = SURFACE_STYLE_USAGE(.BOTH.,#15861);
#15861 = SURFACE_SIDE_STYLE('',(#15862));
#15862 = SURFACE_STYLE_FILL_AREA(#15863);
#15863 = FILL_AREA_STYLE('',(#15864));
#15864 = FILL_AREA_STYLE_COLOUR('',#15020);
#15865 = CURVE_STYLE('',#15866,POSITIVE_LENGTH_MEASURE(0.1),#15020);
#15866 = DRAUGHTING_PRE_DEFINED_CURVE_FONT('continuous');
#15867 = OVER_RIDING_STYLED_ITEM('overriding color',(#15868),#13401,
  #15551);
#15868 = PRESENTATION_STYLE_ASSIGNMENT((#15869,#15874));
#15869 = SURFACE_STYLE_USAGE(.BOTH.,#15870);
#15870 = SURFACE_SIDE_STYLE('',(#15871));
#15871 = SURFACE_STYLE_FILL_AREA(#15872);
#15872 = FILL_AREA_STYLE('',(#15873));
#15873 = FILL_AREA_STYLE_COLOUR('',#15020);
#15874 = CURVE_STYLE('',#15875,POSITIVE_LENGTH_MEASURE(0.1),#15020);
#15875 = DRAUGHTING_PRE_DEFINED_CURVE_FONT('continuous');
#15876 = OVER_RIDING_STYLED_ITEM('overriding color',(#15877),#13475,
  #15551);
#15877 = PRESENTATION_STYLE_ASSIGNMENT((#15878,#15883));
#15878 = SURFACE_STYLE_USAGE(.BOTH.,#15879);
#15879 = SURFACE_SIDE_STYLE('',(#15880));
#15880 = SURFACE_STYLE_FILL_AREA(#15881);
#15881 = FILL_AREA_STYLE('',(#15882));
#15882 = FILL_AREA_STYLE_COLOUR('',#15020);
#15883 = CURVE_STYLE('',#15884,POSITIVE_LENGTH_MEASURE(0.1),#15020);
#15884 = DRAUGHTING_PRE_DEFINED_CURVE_FONT('continuous');
#15885 = OVER_RIDING_STYLED_ITEM('overriding color',(#15886),#13537,
  #15551);
#15886 = PRESENTATION_STYLE_ASSIGNMENT((#15887,#15892));
#15887 = SURFACE_STYLE_USAGE(.BOTH.,#15888);
#15888 = SURFACE_SIDE_STYLE('',(#15889));
#15889 = SURFACE_STYLE_FILL_AREA(#15890);
#15890 = FILL_AREA_STYLE('',(#15891));
#15891 = FILL_AREA_STYLE_COLOUR('',#15020);
#15892 = CURVE_STYLE('',#15893,POSITIVE_LENGTH_MEASURE(0.1),#15020);
#15893 = DRAUGHTING_PRE_DEFINED_CURVE_FONT('continuous');
#15894 = OVER_RIDING_STYLED_ITEM('overriding color',(#15895),#13561,
  #15551);
#15895 = PRESENTATION_STYLE_ASSIGNMENT((#15896,#15901));
#15896 = SURFACE_STYLE_USAGE(.BOTH.,#15897);
#15897 = SURFACE_SIDE_STYLE('',(#15898));
#15898 = SURFACE_STYLE_FILL_AREA(#15899);
#15899 = FILL_AREA_STYLE('',(#15900));
#15900 = FILL_AREA_STYLE_COLOUR('',#15020);
#15901 = CURVE_STYLE('',#15902,POSITIVE_LENGTH_MEASURE(0.1),#15020);
#15902 = DRAUGHTING_PRE_DEFINED_CURVE_FONT('continuous');
#15903 = OVER_RIDING_STYLED_ITEM('overriding color',(#15904),#13635,
  #15551);
#15904 = PRESENTATION_STYLE_ASSIGNMENT((#15905,#15910));
#15905 = SURFACE_STYLE_USAGE(.BOTH.,#15906);
#15906 = SURFACE_SIDE_STYLE('',(#15907));
#15907 = SURFACE_STYLE_FILL_AREA(#15908);
#15908 = FILL_AREA_STYLE('',(#15909));
#15909 = FILL_AREA_STYLE_COLOUR('',#15020);
#15910 = CURVE_STYLE('',#15911,POSITIVE_LENGTH_MEASURE(0.1),#15020);
#15911 = DRAUGHTING_PRE_DEFINED_CURVE_FONT('continuous');
#15912 = OVER_RIDING_STYLED_ITEM('overriding color',(#15913),#13709,
  #15551);
#15913 = PRESENTATION_STYLE_ASSIGNMENT((#15914,#15919));
#15914 = SURFACE_STYLE_USAGE(.BOTH.,#15915);
#15915 = SURFACE_SIDE_STYLE('',(#15916));
#15916 = SURFACE_STYLE_FILL_AREA(#15917);
#15917 = FILL_AREA_STYLE('',(#15918));
#15918 = FILL_AREA_STYLE_COLOUR('',#15020);
#15919 = CURVE_STYLE('',#15920,POSITIVE_LENGTH_MEASURE(0.1),#15020);
#15920 = DRAUGHTING_PRE_DEFINED_CURVE_FONT('continuous');
#15921 = OVER_RIDING_STYLED_ITEM('overriding color',(#15922),#13759,
  #15551);
#15922 = PRESENTATION_STYLE_ASSIGNMENT((#15923,#15928));
#15923 = SURFACE_STYLE_USAGE(.BOTH.,#15924);
#15924 = SURFACE_SIDE_STYLE('',(#15925));
#15925 = SURFACE_STYLE_FILL_AREA(#15926);
#15926 = FILL_AREA_STYLE('',(#15927));
#15927 = FILL_AREA_STYLE_COLOUR('',#15020);
#15928 = CURVE_STYLE('',#15929,POSITIVE_LENGTH_MEASURE(0.1),#15020);
#15929 = DRAUGHTING_PRE_DEFINED_CURVE_FONT('continuous');
#15930 = OVER_RIDING_STYLED_ITEM('overriding color',(#15931),#13809,
  #15551);
#15931 = PRESENTATION_STYLE_ASSIGNMENT((#15932,#15937));
#15932 = SURFACE_STYLE_USAGE(.BOTH.,#15933);
#15933 = SURFACE_SIDE_STYLE('',(#15934));
#15934 = SURFACE_STYLE_FILL_AREA(#15935);
#15935 = FILL_AREA_STYLE('',(#15936));
#15936 = FILL_AREA_STYLE_COLOUR('',#15020);
#15937 = CURVE_STYLE('',#15938,POSITIVE_LENGTH_MEASURE(0.1),#15020);
#15938 = DRAUGHTING_PRE_DEFINED_CURVE_FONT('continuous');
#15939 = OVER_RIDING_STYLED_ITEM('overriding color',(#15940),#13833,
  #15551);
#15940 = PRESENTATION_STYLE_ASSIGNMENT((#15941,#15946));
#15941 = SURFACE_STYLE_USAGE(.BOTH.,#15942);
#15942 = SURFACE_SIDE_STYLE('',(#15943));
#15943 = SURFACE_STYLE_FILL_AREA(#15944);
#15944 = FILL_AREA_STYLE('',(#15945));
#15945 = FILL_AREA_STYLE_COLOUR('',#15020);
#15946 = CURVE_STYLE('',#15947,POSITIVE_LENGTH_MEASURE(0.1),#15020);
#15947 = DRAUGHTING_PRE_DEFINED_CURVE_FONT('continuous');
#15948 = OVER_RIDING_STYLED_ITEM('overriding color',(#15949),#13907,
  #15551);
#15949 = PRESENTATION_STYLE_ASSIGNMENT((#15950,#15955));
#15950 = SURFACE_STYLE_USAGE(.BOTH.,#15951);
#15951 = SURFACE_SIDE_STYLE('',(#15952));
#15952 = SURFACE_STYLE_FILL_AREA(#15953);
#15953 = FILL_AREA_STYLE('',(#15954));
#15954 = FILL_AREA_STYLE_COLOUR('',#15020);
#15955 = CURVE_STYLE('',#15956,POSITIVE_LENGTH_MEASURE(0.1),#15020);
#15956 = DRAUGHTING_PRE_DEFINED_CURVE_FONT('continuous');
#15957 = OVER_RIDING_STYLED_ITEM('overriding color',(#15958),#13969,
  #15551);
#15958 = PRESENTATION_STYLE_ASSIGNMENT((#15959,#15964));
#15959 = SURFACE_STYLE_USAGE(.BOTH.,#15960);
#15960 = SURFACE_SIDE_STYLE('',(#15961));
#15961 = SURFACE_STYLE_FILL_AREA(#15962);
#15962 = FILL_AREA_STYLE('',(#15963));
#15963 = FILL_AREA_STYLE_COLOUR('',#15020);
#15964 = CURVE_STYLE('',#15965,POSITIVE_LENGTH_MEASURE(0.1),#15020);
#15965 = DRAUGHTING_PRE_DEFINED_CURVE_FONT('continuous');
#15966 = OVER_RIDING_STYLED_ITEM('overriding color',(#15967),#14019,
  #15551);
#15967 = PRESENTATION_STYLE_ASSIGNMENT((#15968,#15973));
#15968 = SURFACE_STYLE_USAGE(.BOTH.,#15969);
#15969 = SURFACE_SIDE_STYLE('',(#15970));
#15970 = SURFACE_STYLE_FILL_AREA(#15971);
#15971 = FILL_AREA_STYLE('',(#15972));
#15972 = FILL_AREA_STYLE_COLOUR('',#15020);
#15973 = CURVE_STYLE('',#15974,POSITIVE_LENGTH_MEASURE(0.1),#15020);
#15974 = DRAUGHTING_PRE_DEFINED_CURVE_FONT('continuous');
#15975 = OVER_RIDING_STYLED_ITEM('overriding color',(#15976),#14057,
  #15551);
#15976 = PRESENTATION_STYLE_ASSIGNMENT((#15977,#15982));
#15977 = SURFACE_STYLE_USAGE(.BOTH.,#15978);
#15978 = SURFACE_SIDE_STYLE('',(#15979));
#15979 = SURFACE_STYLE_FILL_AREA(#15980);
#15980 = FILL_AREA_STYLE('',(#15981));
#15981 = FILL_AREA_STYLE_COLOUR('',#15020);
#15982 = CURVE_STYLE('',#15983,POSITIVE_LENGTH_MEASURE(0.1),#15020);
#15983 = DRAUGHTING_PRE_DEFINED_CURVE_FONT('continuous');
#15984 = OVER_RIDING_STYLED_ITEM('overriding color',(#15985),#14107,
  #15551);
#15985 = PRESENTATION_STYLE_ASSIGNMENT((#15986,#15991));
#15986 = SURFACE_STYLE_USAGE(.BOTH.,#15987);
#15987 = SURFACE_SIDE_STYLE('',(#15988));
#15988 = SURFACE_STYLE_FILL_AREA(#15989);
#15989 = FILL_AREA_STYLE('',(#15990));
#15990 = FILL_AREA_STYLE_COLOUR('',#15020);
#15991 = CURVE_STYLE('',#15992,POSITIVE_LENGTH_MEASURE(0.1),#15020);
#15992 = DRAUGHTING_PRE_DEFINED_CURVE_FONT('continuous');
#15993 = OVER_RIDING_STYLED_ITEM('overriding color',(#15994),#14169,
  #15551);
#15994 = PRESENTATION_STYLE_ASSIGNMENT((#15995,#16000));
#15995 = SURFACE_STYLE_USAGE(.BOTH.,#15996);
#15996 = SURFACE_SIDE_STYLE('',(#15997));
#15997 = SURFACE_STYLE_FILL_AREA(#15998);
#15998 = FILL_AREA_STYLE('',(#15999));
#15999 = FILL_AREA_STYLE_COLOUR('',#15020);
#16000 = CURVE_STYLE('',#16001,POSITIVE_LENGTH_MEASURE(0.1),#15020);
#16001 = DRAUGHTING_PRE_DEFINED_CURVE_FONT('continuous');
#16002 = OVER_RIDING_STYLED_ITEM('overriding color',(#16003),#14243,
  #15551);
#16003 = PRESENTATION_STYLE_ASSIGNMENT((#16004,#16009));
#16004 = SURFACE_STYLE_USAGE(.BOTH.,#16005);
#16005 = SURFACE_SIDE_STYLE('',(#16006));
#16006 = SURFACE_STYLE_FILL_AREA(#16007);
#16007 = FILL_AREA_STYLE('',(#16008));
#16008 = FILL_AREA_STYLE_COLOUR('',#15020);
#16009 = CURVE_STYLE('',#16010,POSITIVE_LENGTH_MEASURE(0.1),#15020);
#16010 = DRAUGHTING_PRE_DEFINED_CURVE_FONT('continuous');
#16011 = OVER_RIDING_STYLED_ITEM('overriding color',(#16012),#14260,
  #15551);
#16012 = PRESENTATION_STYLE_ASSIGNMENT((#16013,#16018));
#16013 = SURFACE_STYLE_USAGE(.BOTH.,#16014);
#16014 = SURFACE_SIDE_STYLE('',(#16015));
#16015 = SURFACE_STYLE_FILL_AREA(#16016);
#16016 = FILL_AREA_STYLE('',(#16017));
#16017 = FILL_AREA_STYLE_COLOUR('',#15020);
#16018 = CURVE_STYLE('',#16019,POSITIVE_LENGTH_MEASURE(0.1),#15020);
#16019 = DRAUGHTING_PRE_DEFINED_CURVE_FONT('continuous');
#16020 = OVER_RIDING_STYLED_ITEM('overriding color',(#16021),#9896,
  #15551);
#16021 = PRESENTATION_STYLE_BY_CONTEXT((#16022,#16028),#14404);
#16022 = SURFACE_STYLE_USAGE(.BOTH.,#16023);
#16023 = SURFACE_SIDE_STYLE('',(#16024));
#16024 = SURFACE_STYLE_FILL_AREA(#16025);
#16025 = FILL_AREA_STYLE('',(#16026));
#16026 = FILL_AREA_STYLE_COLOUR('',#16027);
#16027 = COLOUR_RGB('',8.49447336883E-02,8.49447336883E-02,
  8.49447336883E-02);
#16028 = CURVE_STYLE('',#16029,POSITIVE_LENGTH_MEASURE(0.1),#16027);
#16029 = DRAUGHTING_PRE_DEFINED_CURVE_FONT('continuous');
#16030 = MECHANICAL_DESIGN_GEOMETRIC_PRESENTATION_REPRESENTATION('',(
    #16031,#16040,#16049,#16058,#16067,#16076,#16085,#16094,#16103,
    #16112,#16121,#16130,#16139,#16148,#16157,#16166,#16175,#16184,
    #16193,#16202,#16211,#16220),#5674);
#16031 = STYLED_ITEM('color',(#16032),#5220);
#16032 = PRESENTATION_STYLE_ASSIGNMENT((#16033,#16038));
#16033 = SURFACE_STYLE_USAGE(.BOTH.,#16034);
#16034 = SURFACE_SIDE_STYLE('',(#16035));
#16035 = SURFACE_STYLE_FILL_AREA(#16036);
#16036 = FILL_AREA_STYLE('',(#16037));
#16037 = FILL_AREA_STYLE_COLOUR('',#15031);
#16038 = CURVE_STYLE('',#16039,POSITIVE_LENGTH_MEASURE(0.1),#15031);
#16039 = DRAUGHTING_PRE_DEFINED_CURVE_FONT('continuous');
#16040 = OVER_RIDING_STYLED_ITEM('overriding color',(#16041),#5222,
  #16031);
#16041 = PRESENTATION_STYLE_ASSIGNMENT((#16042,#16047));
#16042 = SURFACE_STYLE_USAGE(.BOTH.,#16043);
#16043 = SURFACE_SIDE_STYLE('',(#16044));
#16044 = SURFACE_STYLE_FILL_AREA(#16045);
#16045 = FILL_AREA_STYLE('',(#16046));
#16046 = FILL_AREA_STYLE_COLOUR('',#15041);
#16047 = CURVE_STYLE('',#16048,POSITIVE_LENGTH_MEASURE(0.1),#15041);
#16048 = DRAUGHTING_PRE_DEFINED_CURVE_FONT('continuous');
#16049 = OVER_RIDING_STYLED_ITEM('overriding color',(#16050),#5264,
  #16031);
#16050 = PRESENTATION_STYLE_ASSIGNMENT((#16051,#16056));
#16051 = SURFACE_STYLE_USAGE(.BOTH.,#16052);
#16052 = SURFACE_SIDE_STYLE('',(#16053));
#16053 = SURFACE_STYLE_FILL_AREA(#16054);
#16054 = FILL_AREA_STYLE('',(#16055));
#16055 = FILL_AREA_STYLE_COLOUR('',#15041);
#16056 = CURVE_STYLE('',#16057,POSITIVE_LENGTH_MEASURE(0.1),#15041);
#16057 = DRAUGHTING_PRE_DEFINED_CURVE_FONT('continuous');
#16058 = OVER_RIDING_STYLED_ITEM('overriding color',(#16059),#5304,
  #16031);
#16059 = PRESENTATION_STYLE_ASSIGNMENT((#16060,#16065));
#16060 = SURFACE_STYLE_USAGE(.BOTH.,#16061);
#16061 = SURFACE_SIDE_STYLE('',(#16062));
#16062 = SURFACE_STYLE_FILL_AREA(#16063);
#16063 = FILL_AREA_STYLE('',(#16064));
#16064 = FILL_AREA_STYLE_COLOUR('',#15041);
#16065 = CURVE_STYLE('',#16066,POSITIVE_LENGTH_MEASURE(0.1),#15041);
#16066 = DRAUGHTING_PRE_DEFINED_CURVE_FONT('continuous');
#16067 = OVER_RIDING_STYLED_ITEM('overriding color',(#16068),#5346,
  #16031);
#16068 = PRESENTATION_STYLE_ASSIGNMENT((#16069,#16074));
#16069 = SURFACE_STYLE_USAGE(.BOTH.,#16070);
#16070 = SURFACE_SIDE_STYLE('',(#16071));
#16071 = SURFACE_STYLE_FILL_AREA(#16072);
#16072 = FILL_AREA_STYLE('',(#16073));
#16073 = FILL_AREA_STYLE_COLOUR('',#15041);
#16074 = CURVE_STYLE('',#16075,POSITIVE_LENGTH_MEASURE(0.1),#15041);
#16075 = DRAUGHTING_PRE_DEFINED_CURVE_FONT('continuous');
#16076 = OVER_RIDING_STYLED_ITEM('overriding color',(#16077),#5402,
  #16031);
#16077 = PRESENTATION_STYLE_ASSIGNMENT((#16078,#16083));
#16078 = SURFACE_STYLE_USAGE(.BOTH.,#16079);
#16079 = SURFACE_SIDE_STYLE('',(#16080));
#16080 = SURFACE_STYLE_FILL_AREA(#16081);
#16081 = FILL_AREA_STYLE('',(#16082));
#16082 = FILL_AREA_STYLE_COLOUR('',#15041);
#16083 = CURVE_STYLE('',#16084,POSITIVE_LENGTH_MEASURE(0.1),#15041);
#16084 = DRAUGHTING_PRE_DEFINED_CURVE_FONT('continuous');
#16085 = OVER_RIDING_STYLED_ITEM('overriding color',(#16086),#5419,
  #16031);
#16086 = PRESENTATION_STYLE_ASSIGNMENT((#16087,#16092));
#16087 = SURFACE_STYLE_USAGE(.BOTH.,#16088);
#16088 = SURFACE_SIDE_STYLE('',(#16089));
#16089 = SURFACE_STYLE_FILL_AREA(#16090);
#16090 = FILL_AREA_STYLE('',(#16091));
#16091 = FILL_AREA_STYLE_COLOUR('',#15041);
#16092 = CURVE_STYLE('',#16093,POSITIVE_LENGTH_MEASURE(0.1),#15041);
#16093 = DRAUGHTING_PRE_DEFINED_CURVE_FONT('continuous');
#16094 = OVER_RIDING_STYLED_ITEM('overriding color',(#16095),#5450,
  #16031);
#16095 = PRESENTATION_STYLE_ASSIGNMENT((#16096,#16101));
#16096 = SURFACE_STYLE_USAGE(.BOTH.,#16097);
#16097 = SURFACE_SIDE_STYLE('',(#16098));
#16098 = SURFACE_STYLE_FILL_AREA(#16099);
#16099 = FILL_AREA_STYLE('',(#16100));
#16100 = FILL_AREA_STYLE_COLOUR('',#15041);
#16101 = CURVE_STYLE('',#16102,POSITIVE_LENGTH_MEASURE(0.1),#15041);
#16102 = DRAUGHTING_PRE_DEFINED_CURVE_FONT('continuous');
#16103 = OVER_RIDING_STYLED_ITEM('overriding color',(#16104),#5461,
  #16031);
#16104 = PRESENTATION_STYLE_ASSIGNMENT((#16105,#16110));
#16105 = SURFACE_STYLE_USAGE(.BOTH.,#16106);
#16106 = SURFACE_SIDE_STYLE('',(#16107));
#16107 = SURFACE_STYLE_FILL_AREA(#16108);
#16108 = FILL_AREA_STYLE('',(#16109));
#16109 = FILL_AREA_STYLE_COLOUR('',#15041);
#16110 = CURVE_STYLE('',#16111,POSITIVE_LENGTH_MEASURE(0.1),#15041);
#16111 = DRAUGHTING_PRE_DEFINED_CURVE_FONT('continuous');
#16112 = OVER_RIDING_STYLED_ITEM('overriding color',(#16113),#5478,
  #16031);
#16113 = PRESENTATION_STYLE_ASSIGNMENT((#16114,#16119));
#16114 = SURFACE_STYLE_USAGE(.BOTH.,#16115);
#16115 = SURFACE_SIDE_STYLE('',(#16116));
#16116 = SURFACE_STYLE_FILL_AREA(#16117);
#16117 = FILL_AREA_STYLE('',(#16118));
#16118 = FILL_AREA_STYLE_COLOUR('',#15041);
#16119 = CURVE_STYLE('',#16120,POSITIVE_LENGTH_MEASURE(0.1),#15041);
#16120 = DRAUGHTING_PRE_DEFINED_CURVE_FONT('continuous');
#16121 = OVER_RIDING_STYLED_ITEM('overriding color',(#16122),#5518,
  #16031);
#16122 = PRESENTATION_STYLE_ASSIGNMENT((#16123,#16128));
#16123 = SURFACE_STYLE_USAGE(.BOTH.,#16124);
#16124 = SURFACE_SIDE_STYLE('',(#16125));
#16125 = SURFACE_STYLE_FILL_AREA(#16126);
#16126 = FILL_AREA_STYLE('',(#16127));
#16127 = FILL_AREA_STYLE_COLOUR('',#15041);
#16128 = CURVE_STYLE('',#16129,POSITIVE_LENGTH_MEASURE(0.1),#15041);
#16129 = DRAUGHTING_PRE_DEFINED_CURVE_FONT('continuous');
#16130 = OVER_RIDING_STYLED_ITEM('overriding color',(#16131),#5542,
  #16031);
#16131 = PRESENTATION_STYLE_ASSIGNMENT((#16132,#16137));
#16132 = SURFACE_STYLE_USAGE(.BOTH.,#16133);
#16133 = SURFACE_SIDE_STYLE('',(#16134));
#16134 = SURFACE_STYLE_FILL_AREA(#16135);
#16135 = FILL_AREA_STYLE('',(#16136));
#16136 = FILL_AREA_STYLE_COLOUR('',#15041);
#16137 = CURVE_STYLE('',#16138,POSITIVE_LENGTH_MEASURE(0.1),#15041);
#16138 = DRAUGHTING_PRE_DEFINED_CURVE_FONT('continuous');
#16139 = OVER_RIDING_STYLED_ITEM('overriding color',(#16140),#5559,
  #16031);
#16140 = PRESENTATION_STYLE_ASSIGNMENT((#16141,#16146));
#16141 = SURFACE_STYLE_USAGE(.BOTH.,#16142);
#16142 = SURFACE_SIDE_STYLE('',(#16143));
#16143 = SURFACE_STYLE_FILL_AREA(#16144);
#16144 = FILL_AREA_STYLE('',(#16145));
#16145 = FILL_AREA_STYLE_COLOUR('',#15041);
#16146 = CURVE_STYLE('',#16147,POSITIVE_LENGTH_MEASURE(0.1),#15041);
#16147 = DRAUGHTING_PRE_DEFINED_CURVE_FONT('continuous');
#16148 = OVER_RIDING_STYLED_ITEM('overriding color',(#16149),#5576,
  #16031);
#16149 = PRESENTATION_STYLE_ASSIGNMENT((#16150,#16155));
#16150 = SURFACE_STYLE_USAGE(.BOTH.,#16151);
#16151 = SURFACE_SIDE_STYLE('',(#16152));
#16152 = SURFACE_STYLE_FILL_AREA(#16153);
#16153 = FILL_AREA_STYLE('',(#16154));
#16154 = FILL_AREA_STYLE_COLOUR('',#15041);
#16155 = CURVE_STYLE('',#16156,POSITIVE_LENGTH_MEASURE(0.1),#15041);
#16156 = DRAUGHTING_PRE_DEFINED_CURVE_FONT('continuous');
#16157 = OVER_RIDING_STYLED_ITEM('overriding color',(#16158),#5598,
  #16031);
#16158 = PRESENTATION_STYLE_ASSIGNMENT((#16159,#16164));
#16159 = SURFACE_STYLE_USAGE(.BOTH.,#16160);
#16160 = SURFACE_SIDE_STYLE('',(#16161));
#16161 = SURFACE_STYLE_FILL_AREA(#16162);
#16162 = FILL_AREA_STYLE('',(#16163));
#16163 = FILL_AREA_STYLE_COLOUR('',#15041);
#16164 = CURVE_STYLE('',#16165,POSITIVE_LENGTH_MEASURE(0.1),#15041);
#16165 = DRAUGHTING_PRE_DEFINED_CURVE_FONT('continuous');
#16166 = OVER_RIDING_STYLED_ITEM('overriding color',(#16167),#5616,
  #16031);
#16167 = PRESENTATION_STYLE_ASSIGNMENT((#16168,#16173));
#16168 = SURFACE_STYLE_USAGE(.BOTH.,#16169);
#16169 = SURFACE_SIDE_STYLE('',(#16170));
#16170 = SURFACE_STYLE_FILL_AREA(#16171);
#16171 = FILL_AREA_STYLE('',(#16172));
#16172 = FILL_AREA_STYLE_COLOUR('',#15041);
#16173 = CURVE_STYLE('',#16174,POSITIVE_LENGTH_MEASURE(0.1),#15041);
#16174 = DRAUGHTING_PRE_DEFINED_CURVE_FONT('continuous');
#16175 = OVER_RIDING_STYLED_ITEM('overriding color',(#16176),#5634,
  #16031);
#16176 = PRESENTATION_STYLE_ASSIGNMENT((#16177,#16182));
#16177 = SURFACE_STYLE_USAGE(.BOTH.,#16178);
#16178 = SURFACE_SIDE_STYLE('',(#16179));
#16179 = SURFACE_STYLE_FILL_AREA(#16180);
#16180 = FILL_AREA_STYLE('',(#16181));
#16181 = FILL_AREA_STYLE_COLOUR('',#15041);
#16182 = CURVE_STYLE('',#16183,POSITIVE_LENGTH_MEASURE(0.1),#15041);
#16183 = DRAUGHTING_PRE_DEFINED_CURVE_FONT('continuous');
#16184 = OVER_RIDING_STYLED_ITEM('overriding color',(#16185),#5651,
  #16031);
#16185 = PRESENTATION_STYLE_ASSIGNMENT((#16186,#16191));
#16186 = SURFACE_STYLE_USAGE(.BOTH.,#16187);
#16187 = SURFACE_SIDE_STYLE('',(#16188));
#16188 = SURFACE_STYLE_FILL_AREA(#16189);
#16189 = FILL_AREA_STYLE('',(#16190));
#16190 = FILL_AREA_STYLE_COLOUR('',#15041);
#16191 = CURVE_STYLE('',#16192,POSITIVE_LENGTH_MEASURE(0.1),#15041);
#16192 = DRAUGHTING_PRE_DEFINED_CURVE_FONT('continuous');
#16193 = OVER_RIDING_STYLED_ITEM('overriding color',(#16194),#5662,
  #16031);
#16194 = PRESENTATION_STYLE_ASSIGNMENT((#16195,#16200));
#16195 = SURFACE_STYLE_USAGE(.BOTH.,#16196);
#16196 = SURFACE_SIDE_STYLE('',(#16197));
#16197 = SURFACE_STYLE_FILL_AREA(#16198);
#16198 = FILL_AREA_STYLE('',(#16199));
#16199 = FILL_AREA_STYLE_COLOUR('',#15041);
#16200 = CURVE_STYLE('',#16201,POSITIVE_LENGTH_MEASURE(0.1),#15041);
#16201 = DRAUGHTING_PRE_DEFINED_CURVE_FONT('continuous');
#16202 = OVER_RIDING_STYLED_ITEM('overriding color',(#16203),#5220,
  #16031);
#16203 = PRESENTATION_STYLE_BY_CONTEXT((#16204,#16209),#14360);
#16204 = SURFACE_STYLE_USAGE(.BOTH.,#16205);
#16205 = SURFACE_SIDE_STYLE('',(#16206));
#16206 = SURFACE_STYLE_FILL_AREA(#16207);
#16207 = FILL_AREA_STYLE('',(#16208));
#16208 = FILL_AREA_STYLE_COLOUR('',#15204);
#16209 = CURVE_STYLE('',#16210,POSITIVE_LENGTH_MEASURE(0.1),#15204);
#16210 = DRAUGHTING_PRE_DEFINED_CURVE_FONT('continuous');
#16211 = OVER_RIDING_STYLED_ITEM('overriding color',(#16212),#5220,
  #16031);
#16212 = PRESENTATION_STYLE_BY_CONTEXT((#16213,#16218),#14370);
#16213 = SURFACE_STYLE_USAGE(.BOTH.,#16214);
#16214 = SURFACE_SIDE_STYLE('',(#16215));
#16215 = SURFACE_STYLE_FILL_AREA(#16216);
#16216 = FILL_AREA_STYLE('',(#16217));
#16217 = FILL_AREA_STYLE_COLOUR('',#15214);
#16218 = CURVE_STYLE('',#16219,POSITIVE_LENGTH_MEASURE(0.1),#15214);
#16219 = DRAUGHTING_PRE_DEFINED_CURVE_FONT('continuous');
#16220 = OVER_RIDING_STYLED_ITEM('overriding color',(#16221),#5220,
  #16031);
#16221 = PRESENTATION_STYLE_BY_CONTEXT((#16222,#16227),#14390);
#16222 = SURFACE_STYLE_USAGE(.BOTH.,#16223);
#16223 = SURFACE_SIDE_STYLE('',(#16224));
#16224 = SURFACE_STYLE_FILL_AREA(#16225);
#16225 = FILL_AREA_STYLE('',(#16226));
#16226 = FILL_AREA_STYLE_COLOUR('',#15224);
#16227 = CURVE_STYLE('',#16228,POSITIVE_LENGTH_MEASURE(0.1),#15224);
#16228 = DRAUGHTING_PRE_DEFINED_CURVE_FONT('continuous');
#16229 = MECHANICAL_DESIGN_GEOMETRIC_PRESENTATION_REPRESENTATION('',(
    #16230),#2658);
#16230 = STYLED_ITEM('color',(#16231),#2731);
#16231 = PRESENTATION_STYLE_BY_CONTEXT((#16232,#16237),#14416);
#16232 = SURFACE_STYLE_USAGE(.BOTH.,#16233);
#16233 = SURFACE_SIDE_STYLE('',(#16234));
#16234 = SURFACE_STYLE_FILL_AREA(#16235);
#16235 = FILL_AREA_STYLE('',(#16236));
#16236 = FILL_AREA_STYLE_COLOUR('',#15278);
#16237 = CURVE_STYLE('',#16238,POSITIVE_LENGTH_MEASURE(0.1),#15278);
#16238 = DRAUGHTING_PRE_DEFINED_CURVE_FONT('continuous');
#16239 = MECHANICAL_DESIGN_GEOMETRIC_PRESENTATION_REPRESENTATION('',(
    #16240),#2681);
#16240 = STYLED_ITEM('color',(#16241),#2731);
#16241 = PRESENTATION_STYLE_BY_CONTEXT((#16242,#16248),#14356);
#16242 = SURFACE_STYLE_USAGE(.BOTH.,#16243);
#16243 = SURFACE_SIDE_STYLE('',(#16244));
#16244 = SURFACE_STYLE_FILL_AREA(#16245);
#16245 = FILL_AREA_STYLE('',(#16246));
#16246 = FILL_AREA_STYLE_COLOUR('',#16247);
#16247 = DRAUGHTING_PRE_DEFINED_COLOUR('black');
#16248 = CURVE_STYLE('',#16249,POSITIVE_LENGTH_MEASURE(0.1),#16247);
#16249 = DRAUGHTING_PRE_DEFINED_CURVE_FONT('continuous');
#16250 = MECHANICAL_DESIGN_GEOMETRIC_PRESENTATION_REPRESENTATION('',(),
  #8715);
#16251 = MECHANICAL_DESIGN_GEOMETRIC_PRESENTATION_REPRESENTATION('',(
    #16252,#16262),#9011);
#16252 = STYLED_ITEM('color',(#16253),#8861);
#16253 = PRESENTATION_STYLE_ASSIGNMENT((#16254,#16260));
#16254 = SURFACE_STYLE_USAGE(.BOTH.,#16255);
#16255 = SURFACE_SIDE_STYLE('',(#16256));
#16256 = SURFACE_STYLE_FILL_AREA(#16257);
#16257 = FILL_AREA_STYLE('',(#16258));
#16258 = FILL_AREA_STYLE_COLOUR('',#16259);
#16259 = COLOUR_RGB('',0.842525092546,0.816040146899,0.751902498418);
#16260 = CURVE_STYLE('',#16261,POSITIVE_LENGTH_MEASURE(0.1),#16259);
#16261 = DRAUGHTING_PRE_DEFINED_CURVE_FONT('continuous');
#16262 = OVER_RIDING_STYLED_ITEM('overriding color',(#16263),#8861,
  #16252);
#16263 = PRESENTATION_STYLE_BY_CONTEXT((#16264,#16270),#14398);
#16264 = SURFACE_STYLE_USAGE(.BOTH.,#16265);
#16265 = SURFACE_SIDE_STYLE('',(#16266));
#16266 = SURFACE_STYLE_FILL_AREA(#16267);
#16267 = FILL_AREA_STYLE('',(#16268));
#16268 = FILL_AREA_STYLE_COLOUR('',#16269);
#16269 = COLOUR_RGB('',0.842525092546,0.816040146899,0.751902498418);
#16270 = CURVE_STYLE('',#16271,POSITIVE_LENGTH_MEASURE(0.1),#16269);
#16271 = DRAUGHTING_PRE_DEFINED_CURVE_FONT('continuous');
#16272 = MECHANICAL_DESIGN_GEOMETRIC_PRESENTATION_REPRESENTATION('',(),
  #6170);
#16273 = MECHANICAL_DESIGN_GEOMETRIC_PRESENTATION_REPRESENTATION('',(),
  #6193);
#16274 = MECHANICAL_DESIGN_GEOMETRIC_PRESENTATION_REPRESENTATION('',(
    #16275,#16285,#16294),#6224);
#16275 = STYLED_ITEM('color',(#16276),#4911);
#16276 = PRESENTATION_STYLE_BY_CONTEXT((#16277,#16283),#14374);
#16277 = SURFACE_STYLE_USAGE(.BOTH.,#16278);
#16278 = SURFACE_SIDE_STYLE('',(#16279));
#16279 = SURFACE_STYLE_FILL_AREA(#16280);
#16280 = FILL_AREA_STYLE('',(#16281));
#16281 = FILL_AREA_STYLE_COLOUR('',#16282);
#16282 = COLOUR_RGB('',0.87827161077,0.778868164405,0.728862503254);
#16283 = CURVE_STYLE('',#16284,POSITIVE_LENGTH_MEASURE(0.1),#16282);
#16284 = DRAUGHTING_PRE_DEFINED_CURVE_FONT('continuous');
#16285 = STYLED_ITEM('color',(#16286),#5220);
#16286 = PRESENTATION_STYLE_BY_CONTEXT((#16287,#16292),#14374);
#16287 = SURFACE_STYLE_USAGE(.BOTH.,#16288);
#16288 = SURFACE_SIDE_STYLE('',(#16289));
#16289 = SURFACE_STYLE_FILL_AREA(#16290);
#16290 = FILL_AREA_STYLE('',(#16291));
#16291 = FILL_AREA_STYLE_COLOUR('',#16282);
#16292 = CURVE_STYLE('',#16293,POSITIVE_LENGTH_MEASURE(0.1),#16282);
#16293 = DRAUGHTING_PRE_DEFINED_CURVE_FONT('continuous');
#16294 = STYLED_ITEM('color',(#16295),#5693);
#16295 = PRESENTATION_STYLE_BY_CONTEXT((#16296,#16301),#14374);
#16296 = SURFACE_STYLE_USAGE(.BOTH.,#16297);
#16297 = SURFACE_SIDE_STYLE('',(#16298));
#16298 = SURFACE_STYLE_FILL_AREA(#16299);
#16299 = FILL_AREA_STYLE('',(#16300));
#16300 = FILL_AREA_STYLE_COLOUR('',#16282);
#16301 = CURVE_STYLE('',#16302,POSITIVE_LENGTH_MEASURE(0.1),#16282);
#16302 = DRAUGHTING_PRE_DEFINED_CURVE_FONT('continuous');
#16303 = MECHANICAL_DESIGN_GEOMETRIC_PRESENTATION_REPRESENTATION('',(
    #16304),#4838);
#16304 = STYLED_ITEM('color',(#16305),#4911);
#16305 = PRESENTATION_STYLE_BY_CONTEXT((#16306,#16311),#14418);
#16306 = SURFACE_STYLE_USAGE(.BOTH.,#16307);
#16307 = SURFACE_SIDE_STYLE('',(#16308));
#16308 = SURFACE_STYLE_FILL_AREA(#16309);
#16309 = FILL_AREA_STYLE('',(#16310));
#16310 = FILL_AREA_STYLE_COLOUR('',#15278);
#16311 = CURVE_STYLE('',#16312,POSITIVE_LENGTH_MEASURE(0.1),#15278);
#16312 = DRAUGHTING_PRE_DEFINED_CURVE_FONT('continuous');
#16313 = MECHANICAL_DESIGN_GEOMETRIC_PRESENTATION_REPRESENTATION('',(
    #16314,#16324),#2635);
#16314 = STYLED_ITEM('color',(#16315),#61);
#16315 = PRESENTATION_STYLE_ASSIGNMENT((#16316,#16322));
#16316 = SURFACE_STYLE_USAGE(.BOTH.,#16317);
#16317 = SURFACE_SIDE_STYLE('',(#16318));
#16318 = SURFACE_STYLE_FILL_AREA(#16319);
#16319 = FILL_AREA_STYLE('',(#16320));
#16320 = FILL_AREA_STYLE_COLOUR('',#16321);
#16321 = COLOUR_RGB('',0.,0.882352409191,0.);
#16322 = CURVE_STYLE('',#16323,POSITIVE_LENGTH_MEASURE(0.1),#16321);
#16323 = DRAUGHTING_PRE_DEFINED_CURVE_FONT('continuous');
#16324 = OVER_RIDING_STYLED_ITEM('overriding color',(#16325),#61,#16314
  );
#16325 = PRESENTATION_STYLE_BY_CONTEXT((#16326,#16332),#14414);
#16326 = SURFACE_STYLE_USAGE(.BOTH.,#16327);
#16327 = SURFACE_SIDE_STYLE('',(#16328));
#16328 = SURFACE_STYLE_FILL_AREA(#16329);
#16329 = FILL_AREA_STYLE('',(#16330));
#16330 = FILL_AREA_STYLE_COLOUR('',#16331);
#16331 = COLOUR_RGB('',0.,0.882352409191,0.);
#16332 = CURVE_STYLE('',#16333,POSITIVE_LENGTH_MEASURE(0.1),#16331);
#16333 = DRAUGHTING_PRE_DEFINED_CURVE_FONT('continuous');
#16334 = MECHANICAL_DESIGN_GEOMETRIC_PRESENTATION_REPRESENTATION('',(
    #16335,#16345),#8842);
#16335 = STYLED_ITEM('color',(#16336),#8861);
#16336 = PRESENTATION_STYLE_BY_CONTEXT((#16337,#16343),#14406);
#16337 = SURFACE_STYLE_USAGE(.BOTH.,#16338);
#16338 = SURFACE_SIDE_STYLE('',(#16339));
#16339 = SURFACE_STYLE_FILL_AREA(#16340);
#16340 = FILL_AREA_STYLE('',(#16341));
#16341 = FILL_AREA_STYLE_COLOUR('',#16342);
#16342 = COLOUR_RGB('',0.898432354701,0.918013261784,0.929501652354);
#16343 = CURVE_STYLE('',#16344,POSITIVE_LENGTH_MEASURE(0.1),#16342);
#16344 = DRAUGHTING_PRE_DEFINED_CURVE_FONT('continuous');
#16345 = STYLED_ITEM('color',(#16346),#8861);
#16346 = PRESENTATION_STYLE_BY_CONTEXT((#16347,#16353),#14410);
#16347 = SURFACE_STYLE_USAGE(.BOTH.,#16348);
#16348 = SURFACE_SIDE_STYLE('',(#16349));
#16349 = SURFACE_STYLE_FILL_AREA(#16350);
#16350 = FILL_AREA_STYLE('',(#16351));
#16351 = FILL_AREA_STYLE_COLOUR('',#16352);
#16352 = COLOUR_RGB('',0.898432354701,0.918013261784,0.929501652354);
#16353 = CURVE_STYLE('',#16354,POSITIVE_LENGTH_MEASURE(0.1),#16352);
#16354 = DRAUGHTING_PRE_DEFINED_CURVE_FONT('continuous');
#16355 = MECHANICAL_DESIGN_GEOMETRIC_PRESENTATION_REPRESENTATION('',(
    #16356,#16365,#16375,#16384,#16393,#16402,#16411,#16420),#4646);
#16356 = STYLED_ITEM('color',(#16357),#4496);
#16357 = PRESENTATION_STYLE_ASSIGNMENT((#16358,#16363));
#16358 = SURFACE_STYLE_USAGE(.BOTH.,#16359);
#16359 = SURFACE_SIDE_STYLE('',(#16360));
#16360 = SURFACE_STYLE_FILL_AREA(#16361);
#16361 = FILL_AREA_STYLE('',(#16362));
#16362 = FILL_AREA_STYLE_COLOUR('',#14438);
#16363 = CURVE_STYLE('',#16364,POSITIVE_LENGTH_MEASURE(0.1),#14438);
#16364 = DRAUGHTING_PRE_DEFINED_CURVE_FONT('continuous');
#16365 = OVER_RIDING_STYLED_ITEM('overriding color',(#16366),#4498,
  #16356);
#16366 = PRESENTATION_STYLE_ASSIGNMENT((#16367,#16373));
#16367 = SURFACE_STYLE_USAGE(.BOTH.,#16368);
#16368 = SURFACE_SIDE_STYLE('',(#16369));
#16369 = SURFACE_STYLE_FILL_AREA(#16370);
#16370 = FILL_AREA_STYLE('',(#16371));
#16371 = FILL_AREA_STYLE_COLOUR('',#16372);
#16372 = COLOUR_RGB('',0.751902498418,0.751902498418,0.751902498418);
#16373 = CURVE_STYLE('',#16374,POSITIVE_LENGTH_MEASURE(0.1),#16372);
#16374 = DRAUGHTING_PRE_DEFINED_CURVE_FONT('continuous');
#16375 = OVER_RIDING_STYLED_ITEM('overriding color',(#16376),#4538,
  #16356);
#16376 = PRESENTATION_STYLE_ASSIGNMENT((#16377,#16382));
#16377 = SURFACE_STYLE_USAGE(.BOTH.,#16378);
#16378 = SURFACE_SIDE_STYLE('',(#16379));
#16379 = SURFACE_STYLE_FILL_AREA(#16380);
#16380 = FILL_AREA_STYLE('',(#16381));
#16381 = FILL_AREA_STYLE_COLOUR('',#16372);
#16382 = CURVE_STYLE('',#16383,POSITIVE_LENGTH_MEASURE(0.1),#16372);
#16383 = DRAUGHTING_PRE_DEFINED_CURVE_FONT('continuous');
#16384 = OVER_RIDING_STYLED_ITEM('overriding color',(#16385),#4569,
  #16356);
#16385 = PRESENTATION_STYLE_ASSIGNMENT((#16386,#16391));
#16386 = SURFACE_STYLE_USAGE(.BOTH.,#16387);
#16387 = SURFACE_SIDE_STYLE('',(#16388));
#16388 = SURFACE_STYLE_FILL_AREA(#16389);
#16389 = FILL_AREA_STYLE('',(#16390));
#16390 = FILL_AREA_STYLE_COLOUR('',#16372);
#16391 = CURVE_STYLE('',#16392,POSITIVE_LENGTH_MEASURE(0.1),#16372);
#16392 = DRAUGHTING_PRE_DEFINED_CURVE_FONT('continuous');
#16393 = OVER_RIDING_STYLED_ITEM('overriding color',(#16394),#4600,
  #16356);
#16394 = PRESENTATION_STYLE_ASSIGNMENT((#16395,#16400));
#16395 = SURFACE_STYLE_USAGE(.BOTH.,#16396);
#16396 = SURFACE_SIDE_STYLE('',(#16397));
#16397 = SURFACE_STYLE_FILL_AREA(#16398);
#16398 = FILL_AREA_STYLE('',(#16399));
#16399 = FILL_AREA_STYLE_COLOUR('',#16372);
#16400 = CURVE_STYLE('',#16401,POSITIVE_LENGTH_MEASURE(0.1),#16372);
#16401 = DRAUGHTING_PRE_DEFINED_CURVE_FONT('continuous');
#16402 = OVER_RIDING_STYLED_ITEM('overriding color',(#16403),#4622,
  #16356);
#16403 = PRESENTATION_STYLE_ASSIGNMENT((#16404,#16409));
#16404 = SURFACE_STYLE_USAGE(.BOTH.,#16405);
#16405 = SURFACE_SIDE_STYLE('',(#16406));
#16406 = SURFACE_STYLE_FILL_AREA(#16407);
#16407 = FILL_AREA_STYLE('',(#16408));
#16408 = FILL_AREA_STYLE_COLOUR('',#16372);
#16409 = CURVE_STYLE('',#16410,POSITIVE_LENGTH_MEASURE(0.1),#16372);
#16410 = DRAUGHTING_PRE_DEFINED_CURVE_FONT('continuous');
#16411 = OVER_RIDING_STYLED_ITEM('overriding color',(#16412),#4634,
  #16356);
#16412 = PRESENTATION_STYLE_ASSIGNMENT((#16413,#16418));
#16413 = SURFACE_STYLE_USAGE(.BOTH.,#16414);
#16414 = SURFACE_SIDE_STYLE('',(#16415));
#16415 = SURFACE_STYLE_FILL_AREA(#16416);
#16416 = FILL_AREA_STYLE('',(#16417));
#16417 = FILL_AREA_STYLE_COLOUR('',#16372);
#16418 = CURVE_STYLE('',#16419,POSITIVE_LENGTH_MEASURE(0.1),#16372);
#16419 = DRAUGHTING_PRE_DEFINED_CURVE_FONT('continuous');
#16420 = OVER_RIDING_STYLED_ITEM('overriding color',(#16421),#4496,
  #16356);
#16421 = PRESENTATION_STYLE_BY_CONTEXT((#16422,#16427),#14350);
#16422 = SURFACE_STYLE_USAGE(.BOTH.,#16423);
#16423 = SURFACE_SIDE_STYLE('',(#16424));
#16424 = SURFACE_STYLE_FILL_AREA(#16425);
#16425 = FILL_AREA_STYLE('',(#16426));
#16426 = FILL_AREA_STYLE_COLOUR('',#14998);
#16427 = CURVE_STYLE('',#16428,POSITIVE_LENGTH_MEASURE(0.1),#14998);
#16428 = DRAUGHTING_PRE_DEFINED_CURVE_FONT('continuous');
#16429 = MECHANICAL_DESIGN_GEOMETRIC_PRESENTATION_REPRESENTATION('',(),
  #8692);
#16430 = MECHANICAL_DESIGN_GEOMETRIC_PRESENTATION_REPRESENTATION('',(
    #16431),#7373);
#16431 = STYLED_ITEM('color',(#16432),#7223);
#16432 = PRESENTATION_STYLE_ASSIGNMENT((#16433,#16438));
#16433 = SURFACE_STYLE_USAGE(.BOTH.,#16434);
#16434 = SURFACE_SIDE_STYLE('',(#16435));
#16435 = SURFACE_STYLE_FILL_AREA(#16436);
#16436 = FILL_AREA_STYLE('',(#16437));
#16437 = FILL_AREA_STYLE_COLOUR('',#15020);
#16438 = CURVE_STYLE('',#16439,POSITIVE_LENGTH_MEASURE(0.1),#15020);
#16439 = DRAUGHTING_PRE_DEFINED_CURVE_FONT('continuous');
#16440 = MECHANICAL_DESIGN_GEOMETRIC_PRESENTATION_REPRESENTATION('',(
    #16441),#14331);
#16441 = STYLED_ITEM('color',(#16442),#8861);
#16442 = PRESENTATION_STYLE_BY_CONTEXT((#16443,#16449),#14412);
#16443 = SURFACE_STYLE_USAGE(.BOTH.,#16444);
#16444 = SURFACE_SIDE_STYLE('',(#16445));
#16445 = SURFACE_STYLE_FILL_AREA(#16446);
#16446 = FILL_AREA_STYLE('',(#16447));
#16447 = FILL_AREA_STYLE_COLOUR('',#16448);
#16448 = DRAUGHTING_PRE_DEFINED_COLOUR('black');
#16449 = CURVE_STYLE('',#16450,POSITIVE_LENGTH_MEASURE(0.1),#16448);
#16450 = DRAUGHTING_PRE_DEFINED_CURVE_FONT('continuous');
#16451 = MECHANICAL_DESIGN_GEOMETRIC_PRESENTATION_REPRESENTATION('',(
    #16452),#4892);
#16452 = STYLED_ITEM('color',(#16453),#4911);
#16453 = PRESENTATION_STYLE_BY_CONTEXT((#16454,#16460),#14364);
#16454 = SURFACE_STYLE_USAGE(.BOTH.,#16455);
#16455 = SURFACE_SIDE_STYLE('',(#16456));
#16456 = SURFACE_STYLE_FILL_AREA(#16457);
#16457 = FILL_AREA_STYLE('',(#16458));
#16458 = FILL_AREA_STYLE_COLOUR('',#16459);
#16459 = COLOUR_RGB('',0.87827161077,0.778868164405,0.728862503254);
#16460 = CURVE_STYLE('',#16461,POSITIVE_LENGTH_MEASURE(0.1),#16459);
#16461 = DRAUGHTING_PRE_DEFINED_CURVE_FONT('continuous');
#16462 = MECHANICAL_DESIGN_GEOMETRIC_PRESENTATION_REPRESENTATION('',(
    #16463,#16472,#16481,#16490,#16499,#16508,#16517,#16526),#4815);
#16463 = STYLED_ITEM('color',(#16464),#4665);
#16464 = PRESENTATION_STYLE_ASSIGNMENT((#16465,#16470));
#16465 = SURFACE_STYLE_USAGE(.BOTH.,#16466);
#16466 = SURFACE_SIDE_STYLE('',(#16467));
#16467 = SURFACE_STYLE_FILL_AREA(#16468);
#16468 = FILL_AREA_STYLE('',(#16469));
#16469 = FILL_AREA_STYLE_COLOUR('',#14438);
#16470 = CURVE_STYLE('',#16471,POSITIVE_LENGTH_MEASURE(0.1),#14438);
#16471 = DRAUGHTING_PRE_DEFINED_CURVE_FONT('continuous');
#16472 = OVER_RIDING_STYLED_ITEM('overriding color',(#16473),#4667,
  #16463);
#16473 = PRESENTATION_STYLE_ASSIGNMENT((#16474,#16479));
#16474 = SURFACE_STYLE_USAGE(.BOTH.,#16475);
#16475 = SURFACE_SIDE_STYLE('',(#16476));
#16476 = SURFACE_STYLE_FILL_AREA(#16477);
#16477 = FILL_AREA_STYLE('',(#16478));
#16478 = FILL_AREA_STYLE_COLOUR('',#16372);
#16479 = CURVE_STYLE('',#16480,POSITIVE_LENGTH_MEASURE(0.1),#16372);
#16480 = DRAUGHTING_PRE_DEFINED_CURVE_FONT('continuous');
#16481 = OVER_RIDING_STYLED_ITEM('overriding color',(#16482),#4707,
  #16463);
#16482 = PRESENTATION_STYLE_ASSIGNMENT((#16483,#16488));
#16483 = SURFACE_STYLE_USAGE(.BOTH.,#16484);
#16484 = SURFACE_SIDE_STYLE('',(#16485));
#16485 = SURFACE_STYLE_FILL_AREA(#16486);
#16486 = FILL_AREA_STYLE('',(#16487));
#16487 = FILL_AREA_STYLE_COLOUR('',#16372);
#16488 = CURVE_STYLE('',#16489,POSITIVE_LENGTH_MEASURE(0.1),#16372);
#16489 = DRAUGHTING_PRE_DEFINED_CURVE_FONT('continuous');
#16490 = OVER_RIDING_STYLED_ITEM('overriding color',(#16491),#4738,
  #16463);
#16491 = PRESENTATION_STYLE_ASSIGNMENT((#16492,#16497));
#16492 = SURFACE_STYLE_USAGE(.BOTH.,#16493);
#16493 = SURFACE_SIDE_STYLE('',(#16494));
#16494 = SURFACE_STYLE_FILL_AREA(#16495);
#16495 = FILL_AREA_STYLE('',(#16496));
#16496 = FILL_AREA_STYLE_COLOUR('',#16372);
#16497 = CURVE_STYLE('',#16498,POSITIVE_LENGTH_MEASURE(0.1),#16372);
#16498 = DRAUGHTING_PRE_DEFINED_CURVE_FONT('continuous');
#16499 = OVER_RIDING_STYLED_ITEM('overriding color',(#16500),#4769,
  #16463);
#16500 = PRESENTATION_STYLE_ASSIGNMENT((#16501,#16506));
#16501 = SURFACE_STYLE_USAGE(.BOTH.,#16502);
#16502 = SURFACE_SIDE_STYLE('',(#16503));
#16503 = SURFACE_STYLE_FILL_AREA(#16504);
#16504 = FILL_AREA_STYLE('',(#16505));
#16505 = FILL_AREA_STYLE_COLOUR('',#16372);
#16506 = CURVE_STYLE('',#16507,POSITIVE_LENGTH_MEASURE(0.1),#16372);
#16507 = DRAUGHTING_PRE_DEFINED_CURVE_FONT('continuous');
#16508 = OVER_RIDING_STYLED_ITEM('overriding color',(#16509),#4791,
  #16463);
#16509 = PRESENTATION_STYLE_ASSIGNMENT((#16510,#16515));
#16510 = SURFACE_STYLE_USAGE(.BOTH.,#16511);
#16511 = SURFACE_SIDE_STYLE('',(#16512));
#16512 = SURFACE_STYLE_FILL_AREA(#16513);
#16513 = FILL_AREA_STYLE('',(#16514));
#16514 = FILL_AREA_STYLE_COLOUR('',#16372);
#16515 = CURVE_STYLE('',#16516,POSITIVE_LENGTH_MEASURE(0.1),#16372);
#16516 = DRAUGHTING_PRE_DEFINED_CURVE_FONT('continuous');
#16517 = OVER_RIDING_STYLED_ITEM('overriding color',(#16518),#4803,
  #16463);
#16518 = PRESENTATION_STYLE_ASSIGNMENT((#16519,#16524));
#16519 = SURFACE_STYLE_USAGE(.BOTH.,#16520);
#16520 = SURFACE_SIDE_STYLE('',(#16521));
#16521 = SURFACE_STYLE_FILL_AREA(#16522);
#16522 = FILL_AREA_STYLE('',(#16523));
#16523 = FILL_AREA_STYLE_COLOUR('',#16372);
#16524 = CURVE_STYLE('',#16525,POSITIVE_LENGTH_MEASURE(0.1),#16372);
#16525 = DRAUGHTING_PRE_DEFINED_CURVE_FONT('continuous');
#16526 = OVER_RIDING_STYLED_ITEM('overriding color',(#16527),#4665,
  #16463);
#16527 = PRESENTATION_STYLE_BY_CONTEXT((#16528,#16533),#14352);
#16528 = SURFACE_STYLE_USAGE(.BOTH.,#16529);
#16529 = SURFACE_SIDE_STYLE('',(#16530));
#16530 = SURFACE_STYLE_FILL_AREA(#16531);
#16531 = FILL_AREA_STYLE('',(#16532));
#16532 = FILL_AREA_STYLE_COLOUR('',#14998);
#16533 = CURVE_STYLE('',#16534,POSITIVE_LENGTH_MEASURE(0.1),#14998);
#16534 = DRAUGHTING_PRE_DEFINED_CURVE_FONT('continuous');
#16535 = MECHANICAL_DESIGN_GEOMETRIC_PRESENTATION_REPRESENTATION('',(
    #16536),#6316);
#16536 = STYLED_ITEM('color',(#16537),#6378);
#16537 = PRESENTATION_STYLE_BY_CONTEXT((#16538,#16544),#14384);
#16538 = SURFACE_STYLE_USAGE(.BOTH.,#16539);
#16539 = SURFACE_SIDE_STYLE('',(#16540));
#16540 = SURFACE_STYLE_FILL_AREA(#16541);
#16541 = FILL_AREA_STYLE('',(#16542));
#16542 = FILL_AREA_STYLE_COLOUR('',#16543);
#16543 = DRAUGHTING_PRE_DEFINED_COLOUR('green');
#16544 = CURVE_STYLE('',#16545,POSITIVE_LENGTH_MEASURE(0.1),#16543);
#16545 = DRAUGHTING_PRE_DEFINED_CURVE_FONT('continuous');
#16546 = MECHANICAL_DESIGN_GEOMETRIC_PRESENTATION_REPRESENTATION('',(
    #16547),#8784);
#16547 = STYLED_ITEM('color',(#16548),#8861);
#16548 = PRESENTATION_STYLE_BY_CONTEXT((#16549,#16554),#14426);
#16549 = SURFACE_STYLE_USAGE(.BOTH.,#16550);
#16550 = SURFACE_SIDE_STYLE('',(#16551));
#16551 = SURFACE_STYLE_FILL_AREA(#16552);
#16552 = FILL_AREA_STYLE('',(#16553));
#16553 = FILL_AREA_STYLE_COLOUR('',#15278);
#16554 = CURVE_STYLE('',#16555,POSITIVE_LENGTH_MEASURE(0.1),#15278);
#16555 = DRAUGHTING_PRE_DEFINED_CURVE_FONT('continuous');
ENDSEC;
END-ISO-10303-21;
